Player,Team,Player_Appearances,Player_Minutes played,Player_Goals scored,Player_NPG,Player_Assists,Player_xG,Player_NPxG,Player_xA,Player_xGChain,Player_xGBuildup,Player_xG90,Player_NPxG90,Player_xA90,Player_xG90+xA90,Player_NPxG90+xA90,Player_xGChain90,Player_xGBuildup90
Mohamed Salah,LIV,15,1350,13.0,12.0,9.0,10.84,10.08,5.71,18.87,6.82,0.72,0.67,0.38,1.10,1.05,1.26,0.45
Jamie Vardy,LEI,15,1235,9.0,9.0,1.0,5.91,5.91,0.86,7.21,1.26,0.43,0.43,0.06,0.49,0.49,0.53,0.09
Diogo Jota,LIV,14,1031,8.0,8.0,1.0,8.53,8.53,3.28,15.3,4.52,0.74,0.74,0.29,1.03,1.03,1.34,0.39
Sadio Mané,LIV,15,1268,7.0,7.0,1.0,8.31,8.31,2.39,15.14,6.52,0.59,0.59,0.17,0.76,0.76,1.07,0.46
Bernardo Silva,MCI,14,1215,7.0,7.0,1.0,4.42,4.42,3.21,12.83,6.13,0.33,0.33,0.24,0.57,0.57,0.95,0.45
Son Heung-Min,TOT,13,1151,6.0,6.0,2.0,4.50,4.50,1.37,6.79,2.17,0.35,0.35,0.11,0.46,0.46,0.53,0.17
Callum Wilson,NEW,11,962,6.0,5.0,0.0,5.08,4.32,0.44,3.52,0.33,0.48,0.40,0.04,0.52,0.45,0.33,0.03
Michail Antonio,WHU,14,1260,6.0,6.0,4.0,6.74,5.98,4.11,11.21,3.74,0.48,0.43,0.29,0.78,0.72,0.80,0.27
Cristiano Ronaldo,MUN,12,940,6.0,5.0,2.0,6.70,5.94,1.46,8.43,1.95,0.64,0.57,0.14,0.78,0.71,0.81,0.19
Neal Maupay,BHA,14,1018,6.0,5.0,0.0,5.53,4.77,0.83,5.95,1.02,0.49,0.42,0.07,0.56,0.49,0.53,0.09
Raphinha,LEE,13,1098,6.0,5.0,1.0,2.99,2.23,2.66,5.66,2.60,0.25,0.18,0.22,0.46,0.40,0.46,0.21
Emmanuel Dennis,WAT,14,1094,6.0,6.0,5.0,2.94,2.94,2.24,5.82,1.48,0.24,0.24,0.18,0.43,0.43,0.48,0.12
Joshua King,WAT,13,998,5.0,4.0,2.0,5.73,4.97,2.03,6.46,0.71,0.52,0.45,0.18,0.70,0.63,0.58,0.06
Demarai Gray,EVE,15,1174,5.0,5.0,2.0,2.49,2.49,1.99,5.74,1.74,0.19,0.19,0.15,0.34,0.34,0.44,0.13
Bruno Fernandes,MUN,15,1308,5.0,5.0,3.0,2.91,2.15,4.17,9.74,4.90,0.20,0.15,0.29,0.49,0.43,0.67,0.34
Maxwel Cornet,BUR,9,581,5.0,5.0,0.0,1.37,1.37,0.59,3.09,1.62,0.21,0.21,0.09,0.30,0.30,0.48,0.25
Ismaila Sarr,WAT,12,1039,5.0,5.0,0.0,3.51,2.75,1.14,4.37,1.19,0.30,0.24,0.10,0.40,0.34,0.38,0.10
Emile Smith-Rowe,ARS,14,1153,5.0,5.0,2.0,2.24,2.24,2.18,5.4,2.40,0.18,0.18,0.17,0.35,0.35,0.42,0.19
Teemu Pukki,NOR,15,1299,5.0,3.0,0.0,4.91,3.39,0.89,4.21,0.15,0.34,0.23,0.06,0.40,0.30,0.29,0.01
Mason Mount,CHE,12,705,5.0,4.0,4.0,2.93,2.17,3.39,6.5,2.38,0.37,0.28,0.43,0.81,0.71,0.83,0.30
Pierre-Emerick Aubameyang,ARS,14,1047,4.0,4.0,1.0,6.89,5.37,0.80,5.44,0.96,0.59,0.46,0.07,0.66,0.53,0.47,0.08
Roberto Firmino,LIV,8,369,4.0,4.0,1.0,3.56,3.56,0.73,6.88,2.71,0.87,0.87,0.18,1.05,1.05,1.68,0.66
Wilfried Zaha,CRY,14,1176,4.0,2.0,1.0,3.62,2.09,2.35,6.46,2.53,0.28,0.16,0.18,0.46,0.34,0.49,0.19
Christian Benteke,CRY,15,940,4.0,4.0,1.0,4.30,4.30,1.65,6.07,1.08,0.41,0.41,0.16,0.57,0.57,0.58,0.10
Ivan Toney,BRE,14,1260,4.0,2.0,2.0,4.03,2.51,3.31,4.99,1.05,0.29,0.18,0.24,0.52,0.42,0.36,0.08
Pablo Fornals,WHU,15,1226,4.0,4.0,2.0,2.94,2.94,2.77,8.75,4.14,0.22,0.22,0.20,0.42,0.42,0.64,0.30
Mason Greenwood,MUN,11,843,4.0,4.0,1.0,2.48,2.48,1.03,3.76,1.08,0.26,0.26,0.11,0.37,0.37,0.40,0.12
Reece James,CHE,11,728,4.0,4.0,4.0,1.38,1.38,2.50,6.68,4.13,0.17,0.17,0.31,0.48,0.48,0.83,0.51
Hee-Chan Hwang,WOL,12,952,4.0,4.0,0.0,2.40,2.40,0.82,5.02,2.18,0.23,0.23,0.08,0.30,0.30,0.47,0.21
Ollie Watkins,AVL,13,1090,4.0,4.0,0.0,4.42,4.42,0.51,6.16,1.87,0.36,0.36,0.04,0.41,0.41,0.51,0.15
Conor Gallagher,CRY,14,1234,4.0,4.0,3.0,4.65,4.65,3.30,9.24,3.15,0.34,0.34,0.24,0.58,0.58,0.67,0.23
Allan Saint-Maximin,NEW,15,1332,3.0,3.0,3.0,2.43,2.43,2.98,7.37,2.14,0.16,0.16,0.20,0.37,0.37,0.50,0.14
Ilkay Gündogan,MCI,10,846,3.0,3.0,1.0,4.85,4.85,2.80,10.9,4.35,0.52,0.52,0.30,0.81,0.81,1.16,0.46
Romelu Lukaku,CHE,10,683,3.0,3.0,0.0,3.74,3.74,2.08,6.46,1.97,0.49,0.49,0.27,0.77,0.77,0.85,0.26
Raheem Sterling,MCI,13,720,3.0,3.0,1.0,4.05,4.05,2.01,8.8,3.06,0.51,0.51,0.25,0.76,0.76,1.10,0.38
Andros Townsend,EVE,15,1185,3.0,2.0,2.0,2.06,1.30,2.44,4.74,2.61,0.16,0.10,0.19,0.34,0.28,0.36,0.20
Ben Chilwell,CHE,6,540,3.0,3.0,1.0,1.30,1.30,0.83,3.94,2.88,0.22,0.22,0.14,0.36,0.36,0.66,0.48
Danny Ings,AVL,10,844,3.0,2.0,2.0,2.02,1.26,0.16,2.11,1.03,0.22,0.13,0.02,0.23,0.15,0.23,0.11
Jarrod Bowen,WHU,15,1242,3.0,3.0,4.0,5.25,5.25,2.36,8.81,2.72,0.38,0.38,0.17,0.55,0.55,0.64,0.20
Martin Odegaard,ARS,13,827,3.0,3.0,0.0,0.68,0.68,0.92,3.72,2.67,0.07,0.07,0.10,0.17,0.17,0.40,0.29
Said Benrahma,WHU,15,1145,3.0,3.0,3.0,2.11,2.11,2.37,6.81,2.73,0.17,0.17,0.19,0.35,0.35,0.54,0.21
Odsonne Edouard,CRY,12,634,3.0,3.0,1.0,2.03,2.03,1.02,4.44,1.44,0.29,0.29,0.14,0.43,0.43,0.63,0.20
Raúl Jiménez,WOL,15,1261,3.0,3.0,2.0,3.47,3.47,1.94,6.45,1.86,0.25,0.25,0.14,0.39,0.39,0.46,0.13
Chris Wood,BUR,14,1164,3.0,3.0,0.0,3.82,3.82,0.31,3.25,1.30,0.30,0.30,0.02,0.32,0.32,0.25,0.10
Dominic Calvert-Lewin,EVE,3,253,3.0,1.0,0.0,3.16,1.64,0.14,1.8,0.03,1.12,0.58,0.05,1.17,0.63,0.64,0.01
Youri Tielemans,LEI,11,979,3.0,3.0,2.0,1.47,1.47,2.70,5.36,2.06,0.14,0.14,0.25,0.38,0.38,0.49,0.19
Richarlison,EVE,10,828,3.0,3.0,2.0,2.25,2.25,2.03,4.55,1.45,0.24,0.24,0.22,0.47,0.47,0.49,0.16
Phil Foden,MCI,9,693,3.0,3.0,2.0,3.10,3.10,3.66,7.66,2.53,0.40,0.40,0.48,0.88,0.88,0.99,0.33
James Maddison,LEI,15,938,3.0,3.0,2.0,2.06,2.06,1.74,3.71,0.94,0.20,0.20,0.17,0.36,0.36,0.36,0.09
Leandro Trossard,BHA,15,1323,3.0,2.0,1.0,3.17,2.41,1.72,4.8,1.46,0.22,0.16,0.12,0.33,0.28,0.33,0.10
Che Adams,SOU,12,867,3.0,3.0,1.0,2.17,2.17,1.43,3.16,0.25,0.23,0.23,0.15,0.37,0.37,0.33,0.03
John McGinn,AVL,14,1209,3.0,3.0,2.0,0.61,0.61,2.49,4.93,2.45,0.05,0.05,0.18,0.23,0.23,0.37,0.18
Armando Broja,SOU,11,476,3.0,3.0,0.0,2.41,2.41,0.06,2.76,0.58,0.46,0.46,0.01,0.47,0.47,0.52,0.11
Pierre-Emile Højbjerg,TOT,14,1260,2.0,2.0,1.0,1.27,1.27,0.69,6.32,4.52,0.09,0.09,0.05,0.14,0.14,0.45,0.32
Kevin De Bruyne,MCI,9,480,2.0,2.0,0.0,1.38,1.38,1.92,4.1,2.27,0.26,0.26,0.36,0.62,0.62,0.77,0.43
Divock Origi,LIV,3,27,2.0,2.0,0.0,0.80,0.80,0.00,0.86,0.06,2.66,2.66,0.00,2.66,2.66,2.87,0.21
Manuel Lanzini,WHU,9,201,2.0,1.0,1.0,0.84,0.08,0.90,1.38,1.36,0.38,0.04,0.40,0.78,0.44,0.62,0.61
Marcus Rashford,MUN,8,414,2.0,2.0,1.0,1.08,1.08,0.66,2.4,0.68,0.23,0.23,0.14,0.38,0.38,0.52,0.15
Jesse Lingard,MUN,8,72,2.0,2.0,0.0,0.51,0.51,0.07,0.69,0.13,0.64,0.64,0.09,0.73,0.73,0.86,0.17
Jordan Henderson,LIV,14,1063,2.0,2.0,3.0,0.70,0.70,2.52,9.68,6.99,0.06,0.06,0.21,0.27,0.27,0.82,0.59
Riyad Mahrez,MCI,12,475,2.0,2.0,1.0,2.66,2.66,1.83,6.54,2.42,0.50,0.50,0.35,0.85,0.85,1.24,0.46
N'Golo Kanté,CHE,8,507,2.0,2.0,0.0,0.54,0.54,0.60,3.82,2.73,0.10,0.10,0.11,0.20,0.20,0.68,0.48
Patrick Bamford,LEE,6,457,2.0,2.0,2.0,2.42,2.42,0.40,2.5,0.42,0.48,0.48,0.08,0.55,0.55,0.49,0.08
James Ward-Prowse,SOU,13,1152,2.0,0.0,0.0,1.92,0.40,1.35,4.87,4.07,0.15,0.03,0.11,0.26,0.14,0.38,0.32
Sergi Canos,BRE,15,1247,2.0,2.0,2.0,2.19,2.19,1.41,4.25,1.41,0.16,0.16,0.10,0.26,0.26,0.31,0.10
Jorginho,CHE,13,998,2.0,0.0,1.0,1.72,0.20,1.13,7.91,7.18,0.16,0.02,0.10,0.26,0.12,0.71,0.65
Ben Mee,BUR,10,900,2.0,2.0,0.0,1.97,1.97,0.03,1.28,1.27,0.20,0.20,0.00,0.20,0.20,0.13,0.13
Abdoulaye Doucouré,EVE,11,990,2.0,2.0,4.0,1.52,1.52,1.63,5.32,2.42,0.14,0.14,0.15,0.29,0.29,0.48,0.22
Antonio Rüdiger,CHE,14,1260,2.0,2.0,0.0,1.04,1.04,0.65,9.28,8.65,0.07,0.07,0.05,0.12,0.12,0.66,0.62
Rodrigo,LEE,12,905,2.0,1.0,0.0,2.54,1.78,1.82,5.38,2.28,0.25,0.18,0.18,0.43,0.36,0.53,0.23
Rodri,MCI,13,1170,2.0,2.0,0.0,0.37,0.37,0.42,10.38,10.02,0.03,0.03,0.03,0.06,0.06,0.80,0.77
Christian Pulisic,CHE,6,228,2.0,2.0,0.0,1.58,1.58,0.17,2.0,0.25,0.62,0.62,0.07,0.69,0.69,0.79,0.10
Thiago Silva,CHE,12,948,2.0,2.0,0.0,0.62,0.62,0.18,8.31,8.28,0.06,0.06,0.02,0.08,0.08,0.79,0.79
Adam Armstrong,SOU,14,1051,2.0,2.0,2.0,3.78,3.78,1.62,5.53,0.47,0.32,0.32,0.14,0.46,0.46,0.47,0.04
Kai Havertz,CHE,13,779,2.0,2.0,1.0,3.29,3.29,1.21,7.06,2.84,0.38,0.38,0.14,0.52,0.52,0.82,0.33
Naby Keita,LIV,7,373,2.0,2.0,1.0,0.57,0.57,1.03,4.22,2.97,0.14,0.14,0.25,0.39,0.39,1.02,0.72
Gabriel Jesus,MCI,13,969,2.0,2.0,6.0,3.76,3.76,2.86,8.49,3.32,0.35,0.35,0.27,0.62,0.62,0.79,0.31
Yoane Wissa,BRE,7,79,2.0,2.0,0.0,0.70,0.70,0.00,0.62,0.00,0.80,0.80,0.00,0.80,0.80,0.71,0.00
Ferrán Torres,MCI,4,308,2.0,2.0,1.0,2.51,2.51,0.02,2.43,1.18,0.73,0.73,0.01,0.74,0.74,0.71,0.34
Bryan Mbeumo,BRE,14,1204,2.0,2.0,1.0,4.38,4.38,1.32,7.38,2.48,0.33,0.33,0.10,0.43,0.43,0.55,0.19
Trevoh Chalobah,CHE,9,697,2.0,2.0,0.0,0.59,0.59,0.05,3.77,3.75,0.08,0.08,0.01,0.08,0.08,0.49,0.48
Harvey Barnes,LEI,13,977,2.0,2.0,1.0,2.25,2.25,0.71,4.59,2.24,0.21,0.21,0.07,0.27,0.27,0.42,0.21
Fred,MUN,12,1040,2.0,2.0,1.0,0.31,0.31,0.38,3.18,2.63,0.03,0.03,0.03,0.06,0.06,0.28,0.23
Juan Camilo Hernández,WAT,11,516,2.0,2.0,1.0,0.99,0.99,1.15,2.47,0.89,0.17,0.17,0.20,0.37,0.37,0.43,0.15
Bukayo Saka,ARS,15,1081,2.0,2.0,2.0,3.00,3.00,2.60,6.14,2.12,0.25,0.25,0.22,0.47,0.47,0.51,0.18
Marc Guehi,CRY,15,1350,2.0,2.0,0.0,1.72,1.72,0.12,3.61,3.58,0.11,0.11,0.01,0.12,0.12,0.24,0.24
Ezri Konsa Ngoyo,AVL,14,1222,2.0,2.0,0.0,1.03,1.03,0.22,1.82,1.57,0.08,0.08,0.02,0.09,0.09,0.13,0.12
Tomas Soucek,WHU,15,1340,2.0,2.0,1.0,2.80,2.80,0.52,4.28,2.68,0.19,0.19,0.03,0.22,0.22,0.29,0.18
Alexis Mac Allister,BHA,10,271,2.0,1.0,1.0,1.86,1.10,0.20,2.32,1.75,0.62,0.37,0.07,0.69,0.43,0.77,0.58
Rico Henry,BRE,15,1309,2.0,2.0,0.0,1.11,1.11,0.47,2.86,1.42,0.08,0.08,0.03,0.11,0.11,0.20,0.10
Timo Werner,CHE,8,468,1.0,1.0,1.0,2.51,2.51,0.09,3.15,0.67,0.48,0.48,0.02,0.50,0.50,0.60,0.13
Joelinton,NEW,14,842,1.0,1.0,1.0,1.14,1.14,0.53,2.85,1.46,0.12,0.12,0.06,0.18,0.18,0.30,0.16
Thiago Alcántara,LIV,9,498,1.0,1.0,1.0,1.25,1.25,0.93,4.6,3.60,0.23,0.23,0.17,0.39,0.39,0.83,0.65
Alex Iwobi,EVE,12,625,1.0,1.0,1.0,1.55,1.55,1.43,4.12,2.15,0.22,0.22,0.21,0.43,0.43,0.59,0.31
Danny Welbeck,BHA,4,247,1.0,1.0,0.0,0.49,0.49,0.09,0.57,0.05,0.18,0.18,0.03,0.21,0.21,0.21,0.02
Angelo Ogbonna,WHU,11,921,1.0,1.0,0.0,0.61,0.61,0.00,1.01,0.96,0.06,0.06,0.00,0.06,0.06,0.10,0.09
Aaron Cresswell,WHU,13,1141,1.0,1.0,1.0,0.45,0.45,1.27,4.16,3.63,0.04,0.04,0.10,0.14,0.14,0.33,0.29
Anthony Martial,MUN,7,194,1.0,1.0,0.0,1.07,1.07,0.00,1.58,1.16,0.49,0.49,0.00,0.49,0.49,0.73,0.54
Fernandinho,MCI,8,270,1.0,1.0,0.0,0.53,0.53,0.09,2.42,2.13,0.18,0.18,0.03,0.21,0.21,0.81,0.71
Kelechi Iheanacho,LEI,12,425,1.0,1.0,2.0,0.91,0.91,1.32,3.39,1.26,0.19,0.19,0.28,0.47,0.47,0.72,0.27
Dele Alli,TOT,8,515,1.0,0.0,0.0,0.94,0.18,0.00,0.88,0.70,0.16,0.03,0.00,0.16,0.03,0.15,0.12
Harry Kane,TOT,13,1093,1.0,1.0,1.0,3.52,3.52,2.45,6.55,1.23,0.29,0.29,0.20,0.49,0.49,0.54,0.10
Jack Grealish,MCI,11,825,1.0,1.0,2.0,2.93,2.93,2.51,9.37,4.76,0.32,0.32,0.27,0.59,0.59,1.02,0.52
Marc Albrighton,LEI,5,291,1.0,1.0,0.0,0.06,0.06,0.14,1.26,1.10,0.02,0.02,0.04,0.06,0.06,0.39,0.34
Jeffrey Schlupp,CRY,11,362,1.0,1.0,0.0,0.37,0.37,0.61,0.84,0.10,0.09,0.09,0.15,0.24,0.24,0.21,0.02
Jamaal Lascelles,NEW,11,990,1.0,1.0,0.0,0.87,0.87,0.14,0.87,0.87,0.08,0.08,0.01,0.09,0.09,0.08,0.08
Jonny Evans,LEI,9,747,1.0,1.0,1.0,1.28,1.28,0.42,1.8,1.71,0.15,0.15,0.05,0.21,0.21,0.22,0.21
Virgil van Dijk,LIV,15,1350,1.0,1.0,1.0,0.69,0.69,0.85,11.05,11.04,0.05,0.05,0.06,0.10,0.10,0.74,0.74
Matt Targett,AVL,13,1080,1.0,1.0,1.0,0.61,0.61,1.95,3.02,0.83,0.05,0.05,0.16,0.21,0.21,0.25,0.07
Kurt Zouma,WHU,11,975,1.0,1.0,0.0,0.53,0.53,0.06,1.96,1.89,0.05,0.05,0.01,0.05,0.05,0.18,0.17
Tyler Roberts,LEE,15,497,1.0,1.0,0.0,1.64,1.64,0.69,2.56,0.44,0.30,0.30,0.13,0.42,0.42,0.46,0.08
Matej Vydra,BUR,12,286,1.0,1.0,1.0,1.06,1.06,0.16,1.25,0.12,0.33,0.33,0.05,0.39,0.39,0.39,0.04
Tyrone Mings,AVL,14,1206,1.0,1.0,1.0,0.83,0.83,0.16,3.07,2.84,0.06,0.06,0.01,0.07,0.07,0.23,0.21
Tom Davies,EVE,5,148,1.0,1.0,0.0,1.01,1.01,0.00,1.23,0.42,0.61,0.61,0.00,0.61,0.61,0.75,0.25
Juraj Kucka,WAT,12,912,1.0,1.0,0.0,0.94,0.94,0.13,2.83,2.17,0.09,0.09,0.01,0.11,0.11,0.28,0.21
Marcos Alonso,CHE,9,781,1.0,1.0,1.0,1.05,1.05,1.01,5.37,4.38,0.12,0.12,0.12,0.24,0.24,0.62,0.50
Matthew Lowton,BUR,14,1249,1.0,1.0,2.0,0.71,0.71,1.61,2.78,2.17,0.05,0.05,0.12,0.17,0.17,0.20,0.16
Michael Keane,EVE,15,1350,1.0,1.0,2.0,0.90,0.90,1.34,2.3,1.72,0.06,0.06,0.09,0.15,0.15,0.15,0.11
James Tarkowski,BUR,13,1170,1.0,1.0,2.0,2.03,2.03,0.12,2.39,2.34,0.16,0.16,0.01,0.17,0.17,0.18,0.18
Javier Manquillo,NEW,9,777,1.0,1.0,2.0,0.30,0.30,0.46,1.37,0.62,0.03,0.03,0.05,0.09,0.09,0.16,0.07
Jeff Hendrick,NEW,2,56,1.0,1.0,0.0,0.02,0.02,0.00,0.14,0.12,0.03,0.03,0.00,0.03,0.03,0.22,0.19
Arthur Masuaku,WHU,4,128,1.0,1.0,0.0,0.01,0.01,0.00,0.04,0.03,0.01,0.01,0.00,0.01,0.01,0.03,0.02
Trent Alexander-Arnold,LIV,13,1146,1.0,1.0,7.0,1.09,1.09,6.44,11.98,6.71,0.09,0.09,0.51,0.59,0.59,0.94,0.53
Diego Llorente,LEE,11,910,1.0,1.0,0.0,0.64,0.64,0.05,0.48,0.48,0.06,0.06,0.00,0.07,0.07,0.05,0.05
Emiliano Buendía,AVL,13,808,1.0,1.0,2.0,0.82,0.82,1.79,3.39,1.62,0.09,0.09,0.20,0.29,0.29,0.38,0.18
Mateo Kovacic,CHE,9,706,1.0,1.0,5.0,1.31,1.31,1.89,6.77,5.26,0.17,0.17,0.24,0.41,0.41,0.86,0.67
Thomas Partey,ARS,11,902,1.0,1.0,0.0,1.46,1.46,0.19,4.11,3.89,0.15,0.15,0.02,0.16,0.16,0.41,0.39
Aymeric Laporte,MCI,11,921,1.0,1.0,0.0,1.52,1.52,0.16,8.41,8.31,0.15,0.15,0.02,0.16,0.16,0.82,0.81
Alexandre Lacazette,ARS,10,444,1.0,1.0,0.0,0.52,0.52,0.31,1.25,0.68,0.11,0.11,0.06,0.17,0.17,0.25,0.14
Lucas Moura,TOT,13,1012,1.0,1.0,1.0,1.23,1.23,1.62,4.02,1.98,0.11,0.11,0.14,0.25,0.25,0.36,0.18
Edinson Cavani,MUN,5,204,1.0,1.0,0.0,1.53,1.53,0.02,1.19,0.32,0.68,0.68,0.01,0.68,0.68,0.53,0.14
Fabinho,LIV,11,925,1.0,1.0,1.0,0.73,0.73,0.56,5.24,4.96,0.07,0.07,0.05,0.13,0.13,0.51,0.48
Romain Saiss,WOL,15,1308,1.0,1.0,0.0,2.10,2.10,0.21,3.43,3.28,0.14,0.14,0.01,0.16,0.16,0.24,0.23
Mateusz Klich,LEE,10,708,1.0,1.0,1.0,1.37,1.37,0.47,2.49,0.89,0.17,0.17,0.06,0.23,0.23,0.32,0.11
Leon Bailey,AVL,9,415,1.0,1.0,2.0,1.06,1.06,0.23,1.33,0.32,0.23,0.23,0.05,0.28,0.28,0.29,0.07
Caglar Söyüncü,LEI,15,1330,1.0,1.0,0.0,0.88,0.88,0.07,2.66,2.59,0.06,0.06,0.00,0.06,0.06,0.18,0.18
Declan Rice,WHU,15,1350,1.0,1.0,3.0,0.36,0.36,1.00,6.31,5.51,0.02,0.02,0.07,0.09,0.09,0.42,0.37
Ademola Lookman,LEI,10,600,1.0,1.0,0.0,1.61,1.61,0.73,4.14,2.12,0.24,0.24,0.11,0.35,0.35,0.62,0.32
Daniel James,LEE,14,1062,1.0,1.0,1.0,2.97,2.97,1.68,4.28,0.60,0.25,0.25,0.14,0.39,0.39,0.36,0.05
Anwar El Ghazi,AVL,8,359,1.0,0.0,1.0,0.95,0.19,0.26,0.51,0.24,0.24,0.05,0.07,0.30,0.11,0.13,0.06
Gabriel,ARS,12,1080,1.0,1.0,0.0,0.50,0.50,0.06,3.11,3.11,0.04,0.04,0.01,0.05,0.05,0.26,0.26
Tanguy NDombele Alvaro,TOT,7,414,1.0,1.0,0.0,0.54,0.54,0.50,2.11,1.38,0.12,0.12,0.11,0.23,0.23,0.46,0.30
Zanka,BRE,7,424,1.0,1.0,0.0,0.14,0.14,0.08,1.58,1.56,0.03,0.03,0.02,0.05,0.05,0.34,0.33
Jan Bednarek,SOU,11,896,1.0,1.0,0.0,0.84,0.84,0.07,3.06,2.97,0.08,0.08,0.01,0.09,0.09,0.31,0.30
Shane Duffy,BHA,13,1135,1.0,1.0,0.0,0.62,0.62,0.06,2.63,2.61,0.05,0.05,0.00,0.05,0.05,0.21,0.21
Isaac Hayden,NEW,12,856,1.0,1.0,0.0,0.22,0.22,0.06,1.06,0.93,0.02,0.02,0.01,0.03,0.03,0.11,0.10
Jacob Murphy,NEW,12,510,1.0,1.0,1.0,0.88,0.88,0.66,1.86,0.48,0.16,0.16,0.12,0.27,0.27,0.33,0.09
Davinson Sánchez,TOT,8,566,1.0,1.0,0.0,0.81,0.81,0.03,1.13,1.10,0.13,0.13,0.00,0.13,0.13,0.18,0.18
Jadon Sancho,MUN,12,651,1.0,1.0,0.0,1.10,1.10,0.87,3.53,1.59,0.15,0.15,0.12,0.27,0.27,0.49,0.22
Ben Johnson,WHU,9,677,1.0,1.0,0.0,0.10,0.10,0.17,1.66,1.43,0.01,0.01,0.02,0.04,0.04,0.22,0.19
Callum Hudson-Odoi,CHE,8,590,1.0,1.0,0.0,1.54,1.54,2.24,5.07,1.95,0.24,0.24,0.34,0.58,0.58,0.77,0.30
Curtis Jones,LIV,5,327,1.0,1.0,1.0,0.27,0.27,0.19,1.62,1.16,0.08,0.08,0.05,0.13,0.13,0.45,0.32
Conor Coady,WOL,15,1348,1.0,1.0,0.0,0.81,0.81,0.00,2.67,2.67,0.05,0.05,0.00,0.05,0.05,0.18,0.18
Rúben Neves,WOL,14,1082,1.0,1.0,0.0,0.49,0.49,1.21,4.64,3.61,0.04,0.04,0.10,0.14,0.14,0.39,0.30
Kortney Hause,AVL,4,263,1.0,1.0,0.0,0.06,0.06,0.00,0.67,0.67,0.02,0.02,0.00,0.02,0.02,0.23,0.23
Mohamed Elyounoussi,SOU,12,769,1.0,1.0,0.0,3.05,3.05,0.68,4.28,1.15,0.36,0.36,0.08,0.44,0.44,0.50,0.13
Saman Ghoddos,BRE,7,244,1.0,1.0,1.0,0.69,0.69,0.88,2.77,1.32,0.26,0.26,0.33,0.58,0.58,1.02,0.49
Sean Longstaff,NEW,11,729,1.0,1.0,0.0,0.57,0.57,0.15,2.18,1.62,0.07,0.07,0.02,0.09,0.09,0.27,0.20
Christian Nørgaard,BRE,15,1323,1.0,1.0,1.0,3.14,3.14,1.24,5.24,2.99,0.21,0.21,0.08,0.30,0.30,0.36,0.20
Sergio Reguilón,TOT,13,1069,1.0,1.0,3.0,1.22,1.22,1.73,4.58,2.63,0.10,0.10,0.15,0.25,0.25,0.39,0.22
Max Kilman,WOL,15,1350,1.0,1.0,0.0,1.01,1.01,0.14,3.33,3.16,0.07,0.07,0.01,0.08,0.08,0.22,0.21
Mathias Normann,NOR,9,713,1.0,1.0,1.0,0.60,0.60,0.46,0.87,0.36,0.08,0.08,0.06,0.13,0.13,0.11,0.05
Grant Hanley,NOR,14,1259,1.0,1.0,0.0,0.46,0.46,0.30,1.79,1.70,0.03,0.03,0.02,0.05,0.05,0.13,0.12
Gabriel Martinelli,ARS,8,347,1.0,1.0,1.0,1.31,1.31,0.78,1.64,0.24,0.34,0.34,0.20,0.54,0.54,0.43,0.06
Takumi Minamino,LIV,5,25,1.0,1.0,0.0,0.92,0.92,0.00,1.09,0.18,3.30,3.30,0.00,3.30,3.30,3.94,0.64
João Pedro,WAT,10,398,1.0,1.0,1.0,0.74,0.74,0.86,2.82,1.82,0.17,0.17,0.20,0.36,0.36,0.64,0.41
Luke Ayling,LEE,6,540,1.0,1.0,1.0,0.31,0.31,0.58,1.21,1.10,0.05,0.05,0.10,0.15,0.15,0.20,0.18
Donny van de Beek,MUN,6,57,1.0,1.0,0.0,0.67,0.67,0.39,1.57,0.56,1.06,1.06,0.62,1.69,1.69,2.48,0.88
Matthew Cash,AVL,15,1340,1.0,1.0,0.0,0.85,0.85,1.47,4.29,2.55,0.06,0.06,0.10,0.16,0.16,0.29,0.17
Jacob Ramsey,AVL,13,752,1.0,1.0,0.0,0.98,0.98,0.68,2.89,1.47,0.12,0.12,0.08,0.20,0.20,0.35,0.18
Rúben Dias,MCI,14,1184,1.0,1.0,1.0,0.33,0.33,1.13,8.61,7.81,0.02,0.02,0.09,0.11,0.11,0.65,0.59
Hakim Ziyech,CHE,8,389,1.0,1.0,2.0,1.99,1.99,1.25,5.2,2.43,0.46,0.46,0.29,0.75,0.75,1.20,0.56
Valentino Livramento,SOU,15,1348,1.0,1.0,0.0,0.44,0.44,1.41,3.97,2.58,0.03,0.03,0.09,0.12,0.12,0.27,0.17
Ethan Pinnock,BRE,15,1260,1.0,1.0,1.0,1.03,1.03,1.56,3.71,2.32,0.07,0.07,0.11,0.18,0.18,0.26,0.17
Vitaly Janelt,BRE,12,934,1.0,1.0,0.0,1.30,1.30,0.80,3.16,1.35,0.13,0.13,0.08,0.20,0.20,0.30,0.13
Enock Mwepu,BHA,7,350,1.0,1.0,0.0,0.70,0.70,0.05,1.74,0.99,0.18,0.18,0.01,0.19,0.19,0.45,0.25
Patson Daka,LEI,6,185,1.0,1.0,2.0,1.32,1.32,1.30,2.6,0.94,0.64,0.64,0.63,1.28,1.28,1.27,0.46
Andrew Omobamidele,NOR,5,380,1.0,1.0,0.0,0.17,0.17,0.00,0.41,0.41,0.04,0.04,0.00,0.04,0.04,0.10,0.10
Shandon Baptiste,BRE,9,318,1.0,1.0,0.0,0.17,0.17,0.08,0.72,0.57,0.05,0.05,0.02,0.07,0.07,0.20,0.16
Michael Olise,CRY,11,264,1.0,1.0,2.0,0.30,0.30,1.63,2.77,2.40,0.10,0.10,0.55,0.66,0.66,0.94,0.82
Lukas Rupp,NOR,9,389,0.0,0.0,0.0,0.35,0.35,1.03,1.9,1.26,0.08,0.08,0.24,0.32,0.32,0.44,0.29
Fabian Schär,NEW,6,524,0.0,0.0,1.0,0.04,0.04,0.58,1.06,1.00,0.01,0.01,0.10,0.11,0.11,0.18,0.17
Jannik Vestergaard,LEI,7,380,0.0,0.0,0.0,0.04,0.04,0.07,1.83,1.83,0.01,0.01,0.02,0.03,0.03,0.43,0.43
Bernd Leno,ARS,3,270,0.0,0.0,0.0,0.00,0.00,0.00,0.1,0.10,0.00,0.00,0.00,0.00,0.00,0.03,0.03
Andreas Christensen,CHE,10,900,0.0,0.0,0.0,0.55,0.55,0.12,4.26,4.26,0.06,0.06,0.01,0.07,0.07,0.43,0.43
Granit Xhaka,ARS,5,388,0.0,0.0,0.0,0.07,0.07,0.08,1.98,1.85,0.02,0.02,0.02,0.03,0.03,0.46,0.43
Pascal Groß,BHA,11,856,0.0,0.0,2.0,0.64,0.64,2.20,3.83,2.35,0.07,0.07,0.23,0.30,0.30,0.40,0.25
Joel Matip,LIV,11,990,0.0,0.0,0.0,0.60,0.60,0.16,7.08,6.92,0.05,0.05,0.01,0.07,0.07,0.64,0.63
Sead Kolasinac,ARS,2,91,0.0,0.0,0.0,0.00,0.00,0.00,0.0,0.00,0.00,0.00,0.00,0.00,0.00,0.00,0.00
Matt Ritchie,NEW,13,1151,0.0,0.0,2.0,0.26,0.26,1.96,2.78,2.23,0.02,0.02,0.15,0.17,0.17,0.22,0.17
Dan Gosling,WAT,1,19,0.0,0.0,0.0,0.00,0.00,0.00,0.0,0.00,0.00,0.00,0.00,0.00,0.00,0.00,0.00
Adam Lallana,BHA,13,1074,0.0,0.0,1.0,0.55,0.55,0.76,3.66,3.31,0.05,0.05,0.06,0.11,0.11,0.31,0.28
James Milner,LIV,8,403,0.0,0.0,1.0,0.18,0.18,1.20,3.87,3.69,0.04,0.04,0.27,0.31,0.31,0.87,0.82
Mohamed Elneny,ARS,5,138,0.0,0.0,1.0,0.02,0.02,0.09,0.33,0.28,0.01,0.01,0.06,0.07,0.07,0.22,0.18
Theo Walcott,SOU,6,290,0.0,0.0,0.0,0.84,0.84,0.02,0.9,0.06,0.26,0.26,0.01,0.27,0.27,0.28,0.02
Calum Chambers,ARS,2,172,0.0,0.0,0.0,0.06,0.06,0.06,0.32,0.20,0.03,0.03,0.03,0.06,0.06,0.17,0.11
Joel Ward,CRY,14,1260,0.0,0.0,0.0,0.21,0.21,0.25,4.46,4.14,0.01,0.01,0.02,0.03,0.03,0.32,0.30
James Tomkins,CRY,4,275,0.0,0.0,0.0,0.02,0.02,0.35,0.15,0.07,0.01,0.01,0.12,0.12,0.12,0.05,0.02
Cheikhou Kouyaté,CRY,13,992,0.0,0.0,1.0,0.10,0.10,0.54,1.82,1.79,0.01,0.01,0.05,0.06,0.06,0.17,0.16
Mark Noble,WHU,2,2,0.0,0.0,0.0,0.76,0.00,0.00,0.0,0.00,34.25,0.00,0.00,34.25,0.00,0.00,0.00
David de Gea,MUN,15,1350,0.0,0.0,0.0,0.00,0.00,0.00,1.26,1.26,0.00,0.00,0.00,0.00,0.00,0.08,0.08
Troy Deeney,WAT,2,19,0.0,0.0,0.0,0.11,0.11,0.03,0.14,0.00,0.52,0.52,0.16,0.68,0.68,0.68,0.00
Nathan Aké,MCI,5,371,0.0,0.0,0.0,0.05,0.05,0.00,1.61,1.61,0.01,0.01,0.00,0.01,0.01,0.39,0.39
Craig Cathcart,WAT,13,1109,0.0,0.0,1.0,0.06,0.06,0.79,1.26,1.26,0.00,0.00,0.06,0.07,0.07,0.10,0.10
Seamus Coleman,EVE,12,1080,0.0,0.0,0.0,0.19,0.19,0.46,3.0,2.62,0.02,0.02,0.04,0.05,0.05,0.25,0.22
John Stones,MCI,4,296,0.0,0.0,0.0,0.12,0.12,0.00,2.1,2.10,0.04,0.04,0.00,0.04,0.04,0.64,0.64
Ross Barkley,CHE,4,121,0.0,0.0,0.0,0.77,0.77,0.54,2.63,1.73,0.57,0.57,0.40,0.98,0.98,1.96,1.28
Aaron Lennon,BUR,5,106,0.0,0.0,0.0,0.08,0.08,0.00,0.08,0.00,0.07,0.07,0.00,0.07,0.07,0.07,0.00
Tom Cleverley,WAT,11,684,0.0,0.0,1.0,0.31,0.31,0.97,2.75,1.79,0.04,0.04,0.13,0.17,0.17,0.36,0.24
Nathaniel Clyne,CRY,1,90,0.0,0.0,0.0,0.00,0.00,0.00,0.0,0.00,0.00,0.00,0.00,0.00,0.00,0.00,0.00
Ashley Young,AVL,10,602,0.0,0.0,2.0,0.24,0.24,0.22,1.44,1.14,0.04,0.04,0.03,0.07,0.07,0.22,0.17
James McArthur,CRY,11,959,0.0,0.0,1.0,0.22,0.22,0.91,3.57,2.62,0.02,0.02,0.09,0.11,0.11,0.34,0.25
Alex McCarthy,SOU,15,1350,0.0,0.0,0.0,0.00,0.00,0.02,2.01,1.99,0.00,0.00,0.00,0.00,0.00,0.13,0.13
Hugo Lloris,TOT,14,1260,0.0,0.0,0.0,0.00,0.00,0.21,0.92,0.72,0.00,0.00,0.01,0.01,0.01,0.07,0.05
Kyle Walker,MCI,12,1039,0.0,0.0,1.0,0.15,0.15,1.15,6.09,5.13,0.01,0.01,0.10,0.11,0.11,0.53,0.44
Danny Rose,WAT,8,692,0.0,0.0,0.0,0.16,0.16,0.63,1.55,0.88,0.02,0.02,0.08,0.10,0.10,0.20,0.11
Eric Dier,TOT,14,1181,0.0,0.0,0.0,0.29,0.29,1.20,3.18,2.63,0.02,0.02,0.09,0.11,0.11,0.24,0.20
Ben Davies,TOT,6,479,0.0,0.0,1.0,1.47,1.47,0.23,1.16,0.63,0.28,0.28,0.04,0.32,0.32,0.22,0.12
Ashley Westwood,BUR,12,1080,0.0,0.0,3.0,0.21,0.21,3.01,3.54,2.67,0.02,0.02,0.25,0.27,0.27,0.30,0.22
Jordan Ayew,CRY,14,900,0.0,0.0,1.0,1.64,1.64,0.73,2.76,1.04,0.16,0.16,0.07,0.24,0.24,0.28,0.10
César Azpilicueta,CHE,9,707,0.0,0.0,2.0,0.51,0.51,1.40,6.58,5.42,0.07,0.07,0.18,0.24,0.24,0.84,0.69
Ruben Loftus-Cheek,CHE,10,532,0.0,0.0,2.0,0.54,0.54,1.35,2.85,2.29,0.09,0.09,0.23,0.32,0.32,0.48,0.39
Asmir Begovic,EVE,1,90,0.0,0.0,0.0,0.00,0.00,0.00,0.0,0.00,0.00,0.00,0.00,0.00,0.00,0.00,0.00
Bertrand Traoré,AVL,4,45,0.0,0.0,0.0,0.15,0.15,0.00,0.24,0.11,0.31,0.31,0.00,0.31,0.31,0.48,0.22
Nemanja Matic,MUN,8,476,0.0,0.0,2.0,0.16,0.16,0.63,2.23,1.61,0.03,0.03,0.12,0.15,0.15,0.42,0.31
Lukasz Fabianski,WHU,15,1350,0.0,0.0,0.0,0.00,0.00,0.00,0.65,0.65,0.00,0.00,0.00,0.00,0.00,0.04,0.04
Federico Fernández,NEW,7,523,0.0,0.0,0.0,0.34,0.34,0.28,0.56,0.27,0.06,0.06,0.05,0.11,0.11,0.10,0.05
Jack Cork,BUR,5,416,0.0,0.0,0.0,0.11,0.11,0.00,0.4,0.29,0.02,0.02,0.00,0.02,0.02,0.09,0.06
Jordan Pickford,EVE,14,1260,0.0,0.0,0.0,0.00,0.00,0.02,0.49,0.47,0.00,0.00,0.00,0.00,0.00,0.03,0.03
Dwight Gayle,NEW,3,14,0.0,0.0,0.0,0.06,0.06,0.00,0.06,0.00,0.39,0.39,0.00,0.39,0.39,0.39,0.00
Kasper Schmeichel,LEI,15,1350,0.0,0.0,0.0,0.00,0.00,0.00,2.32,2.32,0.00,0.00,0.00,0.00,0.00,0.15,0.15
Daniel Amartey,LEI,8,606,0.0,0.0,0.0,0.01,0.01,0.03,0.69,0.68,0.00,0.00,0.00,0.01,0.01,0.10,0.10
Jonjo Shelvey,NEW,8,550,0.0,0.0,0.0,0.18,0.18,0.39,0.88,0.46,0.03,0.03,0.06,0.09,0.09,0.14,0.08
Ayoze Pérez,LEI,6,163,0.0,0.0,2.0,0.89,0.89,1.03,1.45,0.36,0.49,0.49,0.57,1.06,1.06,0.80,0.20
Moussa Sissoko,WAT,13,1152,0.0,0.0,1.0,0.66,0.66,0.70,2.72,1.47,0.05,0.05,0.05,0.11,0.11,0.21,0.11
Karl Darlow,NEW,8,720,0.0,0.0,0.0,0.00,0.00,0.00,0.56,0.56,0.00,0.00,0.00,0.00,0.00,0.07,0.07
Nathan Redmond,SOU,12,864,0.0,0.0,4.0,1.34,1.34,2.93,5.54,2.28,0.14,0.14,0.30,0.44,0.44,0.58,0.24
Ben Foster,WAT,8,720,0.0,0.0,1.0,0.00,0.00,0.07,1.92,1.86,0.00,0.00,0.01,0.01,0.01,0.24,0.23
Craig Dawson,WHU,12,801,0.0,0.0,0.0,0.76,0.76,0.06,1.53,1.53,0.09,0.09,0.01,0.09,0.09,0.17,0.17
Salomón Rondón,EVE,10,610,0.0,0.0,0.0,1.20,1.20,0.23,1.83,0.44,0.18,0.18,0.03,0.21,0.21,0.27,0.06
Ryan Bertrand,LEI,4,340,0.0,0.0,0.0,0.00,0.00,0.00,1.68,1.68,0.00,0.00,0.00,0.00,0.00,0.45,0.45
Shane Long,SOU,1,15,0.0,0.0,0.0,0.13,0.13,0.00,0.16,0.03,0.76,0.76,0.00,0.76,0.76,0.97,0.21
Oriol Romeu,SOU,15,1288,0.0,0.0,0.0,0.31,0.31,0.56,4.17,3.64,0.02,0.02,0.04,0.06,0.06,0.29,0.25
Jay Rodriguez,BUR,11,242,0.0,0.0,1.0,0.53,0.53,0.87,1.42,0.41,0.20,0.20,0.32,0.52,0.52,0.53,0.15
Cédric Soares,ARS,3,187,0.0,0.0,0.0,0.02,0.02,0.19,0.46,0.36,0.01,0.01,0.09,0.10,0.10,0.22,0.18
Freddie Woodman,NEW,4,360,0.0,0.0,0.0,0.00,0.00,0.00,0.32,0.32,0.00,0.00,0.00,0.00,0.00,0.08,0.08
Ciaran Clark,NEW,11,905,0.0,0.0,1.0,1.01,1.01,0.20,1.76,1.67,0.10,0.10,0.02,0.12,0.12,0.18,0.17
Fabian Delph,EVE,5,184,0.0,0.0,0.0,0.01,0.01,0.02,0.18,0.17,0.01,0.01,0.01,0.02,0.02,0.09,0.08
Kyle Walker-Peters,SOU,11,805,0.0,0.0,0.0,0.29,0.29,1.48,3.25,2.64,0.03,0.03,0.17,0.20,0.20,0.36,0.29
Erik Pieters,BUR,3,100,0.0,0.0,0.0,0.00,0.00,0.00,0.69,0.69,0.00,0.00,0.00,0.00,0.00,0.63,0.63
Adama Traoré,WOL,14,859,0.0,0.0,0.0,2.29,2.29,0.83,3.7,0.91,0.24,0.24,0.09,0.33,0.33,0.39,0.10
Axel Tuanzebe,AVL,8,506,0.0,0.0,0.0,0.15,0.15,0.00,0.89,0.89,0.03,0.03,0.00,0.03,0.03,0.16,0.16
Alex Oxlade-Chamberlain,LIV,10,375,0.0,0.0,1.0,0.40,0.40,0.56,3.23,2.41,0.10,0.10,0.13,0.23,0.23,0.78,0.58
Harry Winks,TOT,4,163,0.0,0.0,0.0,0.00,0.00,0.00,0.48,0.48,0.00,0.00,0.00,0.00,0.00,0.27,0.27
Tim Krul,NOR,15,1350,0.0,0.0,0.0,0.00,0.00,0.00,1.13,1.13,0.00,0.00,0.00,0.00,0.00,0.08,0.08
Mason Holgate,EVE,5,337,0.0,0.0,0.0,0.47,0.47,0.00,0.82,0.82,0.13,0.13,0.00,0.13,0.13,0.22,0.22
Joseph Gomez,LIV,2,12,0.0,0.0,0.0,0.00,0.00,0.00,0.0,0.00,0.00,0.00,0.00,0.00,0.00,0.00,0.00
Luke Shaw,MUN,12,1005,0.0,0.0,1.0,0.07,0.07,1.93,3.8,3.22,0.01,0.01,0.17,0.18,0.18,0.34,0.29
Daniel Bachmann,WAT,7,630,0.0,0.0,0.0,0.00,0.00,0.00,0.56,0.56,0.00,0.00,0.00,0.00,0.00,0.08,0.08
Kieran Dowell,NOR,6,234,0.0,0.0,0.0,0.10,0.10,0.18,0.42,0.24,0.04,0.04,0.07,0.11,0.11,0.16,0.09
Keinan Davis,AVL,1,10,0.0,0.0,0.0,0.00,0.00,0.00,0.03,0.03,0.00,0.00,0.00,0.00,0.00,0.25,0.25
Jonjoe Kenny,EVE,1,8,0.0,0.0,0.0,0.00,0.00,0.00,0.01,0.01,0.00,0.00,0.00,0.00,0.00,0.15,0.15
Emerson,CHE,1,3,0.0,0.0,0.0,0.00,0.00,0.00,0.0,0.00,0.00,0.00,0.00,0.00,0.00,0.00,0.00
Alisson,LIV,14,1260,0.0,0.0,0.0,0.00,0.00,0.00,5.22,5.22,0.00,0.00,0.00,0.00,0.00,0.37,0.37
Moise Kean,EVE,1,1,0.0,0.0,0.0,0.00,0.00,0.00,0.02,0.02,0.00,0.00,0.00,0.00,0.00,1.61,1.61
Allan,EVE,15,1328,0.0,0.0,1.0,0.12,0.12,0.38,4.78,4.41,0.01,0.01,0.03,0.03,0.03,0.32,0.30
Adam Masina,WAT,9,688,0.0,0.0,0.0,0.07,0.07,0.64,1.98,1.41,0.01,0.01,0.08,0.09,0.09,0.26,0.18
Emil Krafth,NEW,6,453,0.0,0.0,1.0,0.14,0.14,0.09,0.13,0.13,0.03,0.03,0.02,0.05,0.05,0.03,0.03
Johann Berg Gudmundsson,BUR,14,877,0.0,0.0,1.0,1.58,1.58,0.61,1.8,0.43,0.16,0.16,0.06,0.22,0.22,0.18,0.04
Ashley Fletcher,WAT,3,24,0.0,0.0,0.0,0.44,0.44,0.00,0.44,0.00,1.64,1.64,0.00,1.64,1.64,1.64,0.00
Ryan Fraser,NEW,10,307,0.0,0.0,1.0,0.34,0.34,0.39,0.82,0.19,0.10,0.10,0.11,0.21,0.21,0.24,0.06
Harry Maguire,MUN,13,1133,0.0,0.0,0.0,1.02,1.02,0.04,2.78,2.73,0.08,0.08,0.00,0.08,0.08,0.22,0.22
Andrew Robertson,LIV,11,965,0.0,0.0,4.0,0.05,0.05,2.65,8.6,7.88,0.00,0.00,0.25,0.25,0.25,0.80,0.74
Ben Gibson,NOR,12,1056,0.0,0.0,0.0,1.25,1.25,0.11,1.89,1.86,0.11,0.11,0.01,0.12,0.12,0.16,0.16
Adam Forshaw,LEE,7,472,0.0,0.0,0.0,0.21,0.21,0.64,2.5,1.75,0.04,0.04,0.12,0.16,0.16,0.48,0.33
Christian Kabasele,WAT,3,200,0.0,0.0,0.0,0.42,0.42,0.00,0.29,0.29,0.19,0.19,0.00,0.19,0.19,0.13,0.13
Jack Stephens,SOU,5,396,0.0,0.0,0.0,0.00,0.00,0.19,1.01,1.01,0.00,0.00,0.04,0.04,0.04,0.23,0.23
Eric Bailly,MUN,2,137,0.0,0.0,0.0,0.00,0.00,0.00,0.08,0.08,0.00,0.00,0.00,0.00,0.00,0.05,0.05
Paul Pogba,MUN,9,635,0.0,0.0,7.0,1.59,1.59,1.60,3.28,1.75,0.22,0.22,0.23,0.45,0.45,0.47,0.25
Rob Holding,ARS,2,180,0.0,0.0,0.0,0.43,0.43,0.00,0.03,0.03,0.21,0.21,0.00,0.21,0.21,0.02,0.02
Ainsley Maitland-Niles,ARS,8,251,0.0,0.0,0.0,0.03,0.03,0.23,0.64,0.39,0.01,0.01,0.08,0.09,0.09,0.23,0.14
Pontus Jansson,BRE,15,1345,0.0,0.0,1.0,1.61,1.61,0.49,3.65,2.55,0.11,0.11,0.03,0.14,0.14,0.24,0.17
Lucas Digne,EVE,13,1170,0.0,0.0,0.0,0.36,0.36,1.63,2.97,2.35,0.03,0.03,0.13,0.15,0.15,0.23,0.18
Alex Telles,MUN,4,286,0.0,0.0,0.0,0.08,0.08,0.15,0.4,0.33,0.03,0.03,0.05,0.07,0.07,0.12,0.10
Vicente Guaita,CRY,15,1350,0.0,0.0,0.0,0.00,0.00,0.00,1.09,1.09,0.00,0.00,0.00,0.00,0.00,0.07,0.07
Raphael Varane,MUN,6,540,0.0,0.0,1.0,0.36,0.36,0.11,0.93,0.87,0.06,0.06,0.02,0.08,0.08,0.15,0.15
Saúl Ñíguez,CHE,3,101,0.0,0.0,0.0,0.06,0.06,0.00,0.49,0.43,0.06,0.06,0.00,0.06,0.06,0.44,0.38
João Cancelo,MCI,15,1343,0.0,0.0,3.0,1.86,1.86,2.06,10.41,8.97,0.12,0.12,0.14,0.26,0.26,0.70,0.60
André Gomes,EVE,4,80,0.0,0.0,1.0,0.76,0.76,0.11,0.99,0.14,0.86,0.86,0.12,0.98,0.98,1.12,0.16
Oleksandr Zinchenko,MCI,3,141,0.0,0.0,0.0,0.06,0.06,0.04,1.64,1.59,0.04,0.04,0.03,0.07,0.07,1.04,1.02
Issa Diop,WHU,1,90,0.0,0.0,0.0,0.00,0.00,0.00,0.0,0.00,0.00,0.00,0.00,0.00,0.00,0.00,0.00
Ricardo Pereira,LEI,8,600,0.0,0.0,2.0,0.24,0.24,0.74,3.03,2.32,0.04,0.04,0.11,0.15,0.15,0.45,0.35
Nicolas N'Koulou,WAT,3,167,0.0,0.0,0.0,0.00,0.00,0.01,0.1,0.10,0.00,0.00,0.01,0.01,0.01,0.05,0.05
Benjamin Mendy,MCI,1,80,0.0,0.0,0.0,0.00,0.00,0.29,0.17,0.13,0.00,0.00,0.32,0.32,0.32,0.19,0.15
João Moutinho,WOL,15,1220,0.0,0.0,0.0,0.59,0.59,1.77,5.22,4.03,0.04,0.04,0.13,0.17,0.17,0.39,0.30
Hélder Costa,LEE,1,20,0.0,0.0,0.0,0.02,0.02,0.00,0.0,0.00,0.08,0.08,0.00,0.08,0.08,0.00,0.00
Morgan Sanson,AVL,2,21,0.0,0.0,0.0,0.00,0.00,0.00,0.0,0.00,0.00,0.00,0.00,0.00,0.00,0.00,0.00
Emiliano Martinez,AVL,14,1260,0.0,0.0,0.0,0.00,0.00,0.00,0.46,0.46,0.00,0.00,0.00,0.00,0.00,0.03,0.03
Ashley Barnes,BUR,8,371,0.0,0.0,0.0,0.66,0.66,0.39,1.17,0.13,0.16,0.16,0.09,0.25,0.25,0.28,0.03
Jed Steer,AVL,1,90,0.0,0.0,0.0,0.00,0.00,0.00,0.01,0.01,0.00,0.00,0.00,0.00,0.00,0.01,0.01
Jean-Philippe Gbamin,EVE,2,49,0.0,0.0,0.0,0.00,0.00,0.00,0.06,0.06,0.00,0.00,0.00,0.00,0.00,0.11,0.11
Kiko Femenía,WAT,9,729,0.0,0.0,2.0,0.02,0.02,1.01,1.75,1.33,0.00,0.00,0.13,0.13,0.13,0.22,0.16
Kepa,CHE,1,90,0.0,0.0,0.0,0.00,0.00,0.00,0.59,0.59,0.00,0.00,0.00,0.00,0.00,0.59,0.59
Álvaro Fernández,BRE,6,540,0.0,0.0,0.0,0.00,0.00,0.00,0.22,0.22,0.00,0.00,0.00,0.00,0.00,0.04,0.04
Wilfred Ndidi,LEI,11,990,0.0,0.0,0.0,0.38,0.38,0.05,3.11,2.84,0.03,0.03,0.00,0.04,0.04,0.28,0.26
Luka Milivojevic,CRY,7,483,0.0,0.0,0.0,0.18,0.18,0.33,1.69,1.40,0.03,0.03,0.06,0.10,0.10,0.31,0.26
Nick Pope,BUR,14,1260,0.0,0.0,0.0,0.00,0.00,0.05,1.43,1.38,0.00,0.00,0.00,0.00,0.00,0.10,0.10
Scott McTominay,MUN,13,943,0.0,0.0,0.0,0.31,0.31,0.96,3.19,2.73,0.03,0.03,0.09,0.12,0.12,0.30,0.26
Connor Roberts,BUR,1,11,0.0,0.0,0.0,0.00,0.00,0.00,0.0,0.00,0.00,0.00,0.00,0.00,0.00,0.00,0.00
Aaron Wan-Bissaka,MUN,13,1170,0.0,0.0,0.0,0.06,0.06,0.72,3.79,3.17,0.00,0.00,0.06,0.06,0.06,0.29,0.24
Aaron Ramsdale,ARS,12,1080,0.0,0.0,0.0,0.00,0.00,0.00,0.98,0.98,0.00,0.00,0.00,0.00,0.00,0.08,0.08
Yves Bissouma,BHA,11,953,0.0,0.0,1.0,0.42,0.42,0.46,3.6,3.05,0.04,0.04,0.04,0.08,0.08,0.34,0.29
Pierre Lees-Melou,NOR,11,866,0.0,0.0,0.0,0.64,0.64,0.95,2.14,1.40,0.07,0.07,0.10,0.17,0.17,0.22,0.15
Malang Sarr,CHE,1,90,0.0,0.0,0.0,0.00,0.00,0.00,0.0,0.00,0.00,0.00,0.00,0.00,0.00,0.00,0.00
Nicolas Pepe,ARS,7,479,0.0,0.0,1.0,1.90,1.90,1.24,3.46,0.97,0.36,0.36,0.23,0.59,0.59,0.65,0.18
Giovani Lo Celso,TOT,7,203,0.0,0.0,0.0,0.73,0.73,1.06,1.3,0.64,0.33,0.33,0.47,0.80,0.80,0.58,0.29
Fernando Marçal,WOL,8,692,0.0,0.0,0.0,0.43,0.43,0.06,2.46,2.37,0.06,0.06,0.01,0.06,0.06,0.32,0.31
Jean-Philippe Mateta,CRY,2,60,0.0,0.0,0.0,0.00,0.00,0.00,0.0,0.00,0.00,0.00,0.00,0.00,0.00,0.00,0.00
Jairo Riedewald,CRY,2,102,0.0,0.0,0.0,0.00,0.00,0.05,0.05,0.03,0.00,0.00,0.05,0.05,0.05,0.05,0.02
Charlie Taylor,BUR,13,1170,0.0,0.0,1.0,0.05,0.05,0.84,2.29,2.07,0.00,0.00,0.06,0.07,0.07,0.18,0.16
Lewis Dunk,BHA,14,1260,0.0,0.0,0.0,0.49,0.49,0.10,3.02,3.02,0.04,0.04,0.01,0.04,0.04,0.22,0.22
Solly March,BHA,13,662,0.0,0.0,1.0,0.75,0.75,1.20,4.06,2.65,0.10,0.10,0.16,0.27,0.27,0.55,0.36
Ederson,MCI,14,1260,0.0,0.0,0.0,0.00,0.00,0.00,4.18,4.18,0.00,0.00,0.00,0.00,0.00,0.30,0.30
Victor Lindelöf,MUN,12,1009,0.0,0.0,2.0,0.01,0.01,0.61,4.1,4.10,0.00,0.00,0.05,0.06,0.06,0.37,0.37
Will Hughes,CRY,1,8,0.0,0.0,0.0,0.00,0.00,0.00,0.07,0.07,0.00,0.00,0.00,0.00,0.00,0.81,0.81
Douglas Luiz,AVL,11,883,0.0,0.0,3.0,0.18,0.18,1.23,2.55,2.16,0.02,0.02,0.13,0.14,0.14,0.26,0.22
Timothy Castagne,LEI,13,1040,0.0,0.0,0.0,0.05,0.05,0.27,1.93,1.77,0.00,0.00,0.02,0.03,0.03,0.17,0.15
Nélson Semedo,WOL,14,1222,0.0,0.0,0.0,1.17,1.17,0.75,4.09,2.26,0.09,0.09,0.06,0.14,0.14,0.30,0.17
Lyanco,SOU,6,234,0.0,0.0,0.0,0.04,0.04,0.17,0.62,0.59,0.01,0.01,0.07,0.08,0.08,0.24,0.23
Robin Koch,LEE,1,90,0.0,0.0,0.0,0.00,0.00,0.00,0.28,0.28,0.00,0.00,0.00,0.00,0.00,0.28,0.28
Andriy Yarmolenko,WHU,8,50,0.0,0.0,0.0,0.11,0.11,0.02,0.12,0.04,0.19,0.19,0.03,0.22,0.22,0.22,0.07
Nikola Vlasic,WHU,5,124,0.0,0.0,0.0,0.09,0.09,0.14,0.55,0.46,0.07,0.07,0.10,0.17,0.17,0.40,0.33
Boubakary Soumare,LEI,12,776,0.0,0.0,1.0,0.21,0.21,0.21,3.23,2.88,0.02,0.02,0.02,0.05,0.05,0.37,0.33
Joachim Andersen,CRY,12,1022,0.0,0.0,1.0,0.18,0.18,0.19,4.24,4.12,0.02,0.02,0.02,0.03,0.03,0.37,0.36
Ibrahima Konaté,LIV,4,360,0.0,0.0,0.0,0.00,0.00,0.00,2.02,2.02,0.00,0.00,0.00,0.00,0.00,0.50,0.50
Joe Rodon,TOT,1,79,0.0,0.0,0.0,0.00,0.00,0.00,0.0,0.00,0.00,0.00,0.00,0.00,0.00,0.00,0.00
Hamza Choudhury,LEI,1,62,0.0,0.0,0.0,0.00,0.00,0.00,0.1,0.10,0.00,0.00,0.00,0.00,0.00,0.14,0.14
Cenk Tosun,EVE,1,2,0.0,0.0,0.0,0.00,0.00,0.00,0.02,0.02,0.00,0.00,0.00,0.00,0.00,0.70,0.70
Eddie Nketiah,ARS,2,23,0.0,0.0,0.0,0.48,0.48,0.27,0.75,0.09,1.90,1.90,1.04,2.94,2.94,2.94,0.37
Júnior Firpo,LEE,10,659,0.0,0.0,0.0,0.52,0.52,0.43,1.33,0.62,0.07,0.07,0.06,0.13,0.13,0.18,0.08
Reiss Nelson,ARS,1,18,0.0,0.0,0.0,0.04,0.04,0.06,0.11,0.01,0.19,0.19,0.30,0.49,0.49,0.56,0.07
Romain Perraud,SOU,7,527,0.0,0.0,0.0,0.06,0.06,0.14,0.47,0.37,0.01,0.01,0.02,0.03,0.03,0.08,0.06
Yerry Mina,EVE,7,486,0.0,0.0,0.0,0.04,0.04,0.00,0.21,0.21,0.01,0.01,0.00,0.01,0.01,0.04,0.04
Milot Rashica,NOR,13,801,0.0,0.0,1.0,1.02,1.02,0.51,1.86,0.82,0.11,0.11,0.06,0.17,0.17,0.21,0.09
Martin Dubravka,NEW,3,270,0.0,0.0,0.0,0.00,0.00,0.00,0.16,0.16,0.00,0.00,0.00,0.00,0.00,0.05,0.05
Oghenekaro Etebo,WAT,6,365,0.0,0.0,0.0,0.04,0.04,0.12,0.56,0.42,0.01,0.01,0.03,0.04,0.04,0.14,0.10
Jürgen Locadia,BHA,1,20,0.0,0.0,0.0,0.06,0.06,0.00,0.06,0.00,0.25,0.25,0.00,0.25,0.25,0.25,0.00
Joe Willock,NEW,13,933,0.0,0.0,0.0,1.21,1.21,0.53,3.32,1.77,0.12,0.12,0.05,0.17,0.17,0.32,0.17
Rayan Ait Nouri,WOL,8,625,0.0,0.0,1.0,0.22,0.22,0.78,1.81,1.49,0.03,0.03,0.11,0.14,0.14,0.26,0.21
Ibrahima Diallo,SOU,10,395,0.0,0.0,1.0,0.22,0.22,0.36,1.75,1.22,0.05,0.05,0.08,0.13,0.13,0.40,0.28
Dwight McNeil,BUR,14,1252,0.0,0.0,1.0,0.53,0.53,2.28,4.19,2.41,0.04,0.04,0.16,0.20,0.20,0.30,0.17
Ryan Sessegnon,TOT,2,78,0.0,0.0,0.0,0.00,0.00,0.02,0.09,0.07,0.00,0.00,0.02,0.02,0.02,0.11,0.08
Ken Sema,WAT,6,284,0.0,0.0,0.0,0.04,0.04,0.61,0.77,0.54,0.01,0.01,0.19,0.21,0.21,0.24,0.17
Matt Doherty,TOT,3,49,0.0,0.0,0.0,0.06,0.06,0.05,0.19,0.14,0.11,0.11,0.09,0.20,0.20,0.34,0.25
Morgan Gibbs-White,WOL,2,4,0.0,0.0,0.0,0.10,0.10,0.00,0.14,0.04,2.23,2.23,0.00,2.23,2.23,3.09,0.86
Edouard Mendy,CHE,14,1260,0.0,0.0,0.0,0.00,0.00,0.00,2.63,2.63,0.00,0.00,0.00,0.00,0.00,0.19,0.19
Ryan Fredericks,WHU,1,1,0.0,0.0,0.0,0.00,0.00,0.00,0.0,0.00,0.00,0.00,0.00,0.00,0.00,0.00,0.00
Stuart Armstrong,SOU,4,120,0.0,0.0,0.0,0.50,0.50,0.24,0.26,0.10,0.38,0.38,0.18,0.56,0.56,0.19,0.07
Mohammed Salisu,SOU,15,1314,0.0,0.0,0.0,0.44,0.44,0.38,4.4,4.20,0.03,0.03,0.03,0.06,0.06,0.30,0.29
William Troost-Ekong,WAT,14,1193,0.0,0.0,0.0,0.10,0.10,0.07,2.12,2.04,0.01,0.01,0.01,0.01,0.01,0.16,0.15
Francisco Sierralta,WAT,3,250,0.0,0.0,0.0,0.00,0.00,0.00,0.3,0.30,0.00,0.00,0.00,0.00,0.00,0.11,0.11
Marc Cucurella,BHA,12,1032,0.0,0.0,0.0,0.15,0.15,1.31,3.89,2.99,0.01,0.01,0.11,0.13,0.13,0.34,0.26
Mathias Jensen,BRE,9,447,0.0,0.0,1.0,0.18,0.18,0.84,0.72,0.32,0.04,0.04,0.17,0.21,0.21,0.14,0.06
Oliver Skipp,TOT,13,1036,0.0,0.0,0.0,0.08,0.08,0.42,2.37,1.86,0.01,0.01,0.04,0.04,0.04,0.21,0.16
Cristian Romero,TOT,7,535,0.0,0.0,0.0,0.00,0.00,0.00,1.73,1.73,0.00,0.00,0.00,0.00,0.00,0.29,0.29
Jason Steele,BHA,1,90,0.0,0.0,0.0,0.00,0.00,0.00,0.0,0.00,0.00,0.00,0.00,0.00,0.00,0.00,0.00
Leander Dendoncker,WOL,11,502,0.0,0.0,1.0,0.27,0.27,0.80,0.9,0.58,0.05,0.05,0.14,0.19,0.19,0.16,0.10
Imran Louza,WAT,5,303,0.0,0.0,0.0,0.14,0.14,0.31,0.11,0.07,0.04,0.04,0.09,0.13,0.13,0.03,0.02
Diogo Dalot,MUN,6,263,0.0,0.0,0.0,0.09,0.09,0.07,1.15,1.01,0.03,0.03,0.02,0.05,0.05,0.39,0.35
Joshua Sargent,NOR,14,724,0.0,0.0,0.0,1.07,1.07,0.32,1.61,0.24,0.13,0.13,0.04,0.17,0.17,0.20,0.03
Ben White,ARS,13,1170,0.0,0.0,0.0,0.11,0.11,0.65,3.27,3.16,0.01,0.01,0.05,0.06,0.06,0.25,0.24
Bryan Gil Salvatierra,TOT,5,52,0.0,0.0,0.0,0.00,0.00,0.00,0.33,0.33,0.00,0.00,0.00,0.00,0.00,0.56,0.56
Ozan Kabak,NOR,6,521,0.0,0.0,0.0,0.21,0.21,0.01,0.3,0.22,0.04,0.04,0.00,0.04,0.04,0.05,0.04
Dan Burn,BHA,6,395,0.0,0.0,0.0,0.10,0.10,0.02,0.7,0.70,0.02,0.02,0.00,0.03,0.03,0.16,0.16
Miguel Almirón,NEW,13,826,0.0,0.0,0.0,0.73,0.73,0.76,3.08,1.73,0.08,0.08,0.08,0.16,0.16,0.34,0.19
Emerson,TOT,10,847,0.0,0.0,0.0,0.17,0.17,0.17,2.41,2.13,0.02,0.02,0.02,0.04,0.04,0.26,0.23
Harvey Elliott,LIV,4,251,0.0,0.0,0.0,0.48,0.48,0.36,1.98,1.24,0.17,0.17,0.13,0.30,0.30,0.71,0.44
Max Aarons,NOR,15,1350,0.0,0.0,1.0,0.70,0.70,1.26,2.94,1.09,0.05,0.05,0.08,0.13,0.13,0.20,0.07
Ben Godfrey,EVE,12,1044,0.0,0.0,0.0,1.03,1.03,0.25,1.21,1.04,0.09,0.09,0.02,0.11,0.11,0.10,0.09
Jamal Lewis,NEW,3,183,0.0,0.0,0.0,0.00,0.00,0.00,0.19,0.19,0.00,0.00,0.00,0.00,0.00,0.09,0.09
Kenny McLean,NOR,14,1213,0.0,0.0,0.0,0.54,0.54,0.77,2.14,1.70,0.04,0.04,0.06,0.10,0.10,0.16,0.13
Todd Cantwell,NOR,6,359,0.0,0.0,0.0,0.07,0.07,0.31,0.64,0.28,0.02,0.02,0.08,0.09,0.09,0.16,0.07
Adam Webster,BHA,8,533,0.0,0.0,0.0,0.02,0.02,0.00,1.47,1.45,0.00,0.00,0.00,0.00,0.00,0.25,0.25
Moussa Djenepo,SOU,7,409,0.0,0.0,0.0,1.24,1.24,0.25,2.35,1.08,0.27,0.27,0.05,0.33,0.33,0.52,0.24
Wesley,AVL,1,1,0.0,0.0,0.0,0.00,0.00,0.00,0.0,0.00,0.00,0.00,0.00,0.00,0.00,0.00,0.00
Zack Steffen,MCI,1,90,0.0,0.0,0.0,0.00,0.00,0.00,0.34,0.34,0.00,0.00,0.00,0.00,0.00,0.34,0.34
Caoimhin Kelleher,LIV,1,90,0.0,0.0,0.0,0.00,0.00,0.00,0.22,0.22,0.00,0.00,0.00,0.00,0.00,0.22,0.22
Takehiro Tomiyasu,ARS,12,1053,0.0,0.0,1.0,0.16,0.16,0.71,4.28,3.70,0.01,0.01,0.06,0.07,0.07,0.37,0.32
Billy Gilmour,NOR,8,705,0.0,0.0,1.0,0.14,0.14,0.54,2.01,1.71,0.02,0.02,0.07,0.09,0.09,0.26,0.22
Aaron Connolly,BHA,3,88,0.0,0.0,0.0,0.60,0.60,0.38,1.01,0.03,0.61,0.61,0.39,1.00,1.00,1.03,0.03
Steven Alzate,BHA,2,94,0.0,0.0,0.0,0.00,0.00,0.15,0.15,0.15,0.00,0.00,0.14,0.14,0.14,0.14,0.14
Adam Idah,NOR,10,136,0.0,0.0,0.0,0.87,0.87,0.23,1.12,0.28,0.58,0.58,0.15,0.73,0.73,0.74,0.18
Marvelous Nakamba,AVL,11,697,0.0,0.0,0.0,0.00,0.00,0.05,1.6,1.60,0.00,0.00,0.01,0.01,0.01,0.21,0.21
Brandon Williams,NOR,10,836,0.0,0.0,0.0,0.06,0.06,0.56,2.53,2.28,0.01,0.01,0.06,0.07,0.07,0.27,0.24
Kieran Tierney,ARS,9,756,0.0,0.0,1.0,0.27,0.27,0.59,1.41,0.94,0.03,0.03,0.07,0.10,0.10,0.17,0.11
Anthony Gordon,EVE,12,573,0.0,0.0,0.0,0.65,0.65,0.44,2.12,1.24,0.10,0.10,0.07,0.17,0.17,0.33,0.20
Neco Williams,LIV,1,6,0.0,0.0,1.0,0.00,0.00,0.60,0.6,0.60,0.00,0.00,8.94,8.94,8.94,8.94,8.94
Tyrick Mitchell,CRY,15,1350,0.0,0.0,1.0,0.00,0.00,1.16,4.08,2.95,0.00,0.00,0.08,0.08,0.08,0.27,0.20
Japhet Tanganga,TOT,8,511,0.0,0.0,0.0,0.27,0.27,0.25,0.63,0.56,0.05,0.05,0.04,0.09,0.09,0.11,0.10
Tariq Lamptey,BHA,8,398,0.0,0.0,1.0,0.53,0.53,0.99,2.12,1.22,0.12,0.12,0.22,0.34,0.34,0.48,0.28
Jeremy Ngakia,WAT,9,391,0.0,0.0,0.0,0.04,0.04,0.10,1.43,1.31,0.01,0.01,0.02,0.03,0.03,0.33,0.30
Daniel Podence,WOL,9,244,0.0,0.0,2.0,0.19,0.19,1.32,0.79,0.08,0.07,0.07,0.49,0.56,0.56,0.29,0.03
Steven Bergwijn,TOT,7,281,0.0,0.0,1.0,0.84,0.84,0.70,1.58,0.17,0.27,0.27,0.22,0.49,0.49,0.51,0.06
Josh Brownhill,BUR,14,1178,0.0,0.0,0.0,0.45,0.45,0.75,2.72,1.87,0.03,0.03,0.06,0.09,0.09,0.21,0.14
Ki-Jana Hoever,WOL,5,100,0.0,0.0,0.0,0.03,0.03,0.09,0.2,0.11,0.03,0.03,0.08,0.11,0.11,0.18,0.10
Pablo Marí,ARS,2,180,0.0,0.0,0.0,0.03,0.03,0.43,0.38,0.38,0.02,0.02,0.21,0.23,0.23,0.19,0.19
Nathan Tella,SOU,6,279,0.0,0.0,0.0,0.41,0.41,0.46,0.9,0.13,0.13,0.13,0.15,0.28,0.28,0.29,0.04
Cole Palmer,MCI,3,111,0.0,0.0,0.0,0.28,0.28,0.45,2.01,1.31,0.23,0.23,0.36,0.59,0.59,1.63,1.06
Luke Thomas,LEI,7,630,0.0,0.0,1.0,0.11,0.11,0.87,2.36,1.46,0.02,0.02,0.12,0.14,0.14,0.34,0.21
Eberechi Eze,CRY,2,32,0.0,0.0,0.0,0.00,0.00,0.00,0.06,0.06,0.00,0.00,0.00,0.00,0.00,0.18,0.18
Illan Meslier,LEE,15,1350,0.0,0.0,0.0,0.00,0.00,0.00,1.88,1.88,0.00,0.00,0.00,0.00,0.00,0.13,0.13
Pascal Struijk,LEE,12,840,0.0,0.0,0.0,0.06,0.06,0.22,1.48,1.36,0.01,0.01,0.02,0.03,0.03,0.16,0.15
Stuart Dallas,LEE,15,1340,0.0,0.0,1.0,0.73,0.73,1.55,4.19,2.44,0.05,0.05,0.10,0.15,0.15,0.28,0.16
Kalvin Phillips,LEE,12,1006,0.0,0.0,1.0,0.69,0.69,1.11,2.59,2.33,0.06,0.06,0.10,0.16,0.16,0.23,0.21
Jack Harrison,LEE,12,903,0.0,0.0,1.0,1.37,1.37,1.50,2.58,1.01,0.14,0.14,0.15,0.29,0.29,0.26,0.10
Jamie Shackleton,LEE,9,522,0.0,0.0,0.0,0.11,0.11,0.01,1.4,1.27,0.02,0.02,0.00,0.02,0.02,0.24,0.22
Fabio Silva,WOL,7,24,0.0,0.0,0.0,0.01,0.01,0.34,0.0,0.00,0.05,0.05,1.26,1.31,1.31,0.00,0.00
Joël Veltman,BHA,12,976,0.0,0.0,1.0,0.11,0.11,0.51,3.22,2.88,0.01,0.01,0.05,0.06,0.06,0.30,0.27
Liam Cooper,LEE,15,1274,0.0,0.0,1.0,0.18,0.18,0.08,2.87,2.84,0.01,0.01,0.01,0.02,0.02,0.20,0.20
Konstantinos Tsimikas,LIV,6,386,0.0,0.0,1.0,0.18,0.18,0.95,3.64,3.41,0.04,0.04,0.22,0.26,0.26,0.85,0.79
Trincão,WOL,11,717,0.0,0.0,0.0,2.57,2.57,0.78,3.65,0.93,0.32,0.32,0.10,0.42,0.42,0.46,0.12
Vladimir Coufal,WHU,12,841,0.0,0.0,2.0,0.36,0.36,1.75,4.43,3.08,0.04,0.04,0.19,0.23,0.23,0.47,0.33
Robert Sánchez,BHA,14,1260,0.0,0.0,0.0,0.00,0.00,0.64,3.25,2.96,0.00,0.00,0.05,0.05,0.05,0.23,0.21
Charlie Cresswell,LEE,3,92,0.0,0.0,0.0,0.00,0.00,0.00,0.02,0.02,0.00,0.00,0.00,0.00,0.00,0.02,0.02
Jakub Moder,BHA,14,784,0.0,0.0,2.0,1.58,1.58,1.59,4.12,1.87,0.18,0.18,0.18,0.36,0.36,0.47,0.21
Tyler Onyango,EVE,1,1,0.0,0.0,0.0,0.00,0.00,0.00,0.0,0.00,0.00,0.00,0.00,0.00,0.00,0.00,0.00
Joe Gelhardt,LEE,3,128,0.0,0.0,0.0,0.66,0.66,0.03,0.51,0.00,0.46,0.46,0.02,0.48,0.48,0.36,0.00
Carney Chukwuemeka,AVL,3,94,0.0,0.0,0.0,0.41,0.41,0.06,0.46,0.06,0.39,0.39,0.05,0.44,0.44,0.44,0.05
Jaden Philogene-Bidace,AVL,1,1,0.0,0.0,0.0,0.00,0.00,0.00,0.0,0.00,0.00,0.00,0.00,0.00,0.00,0.00,0.00
Jesurun Rak-Sakyi,CRY,1,12,0.0,0.0,0.0,0.00,0.00,0.00,0.04,0.04,0.00,0.00,0.00,0.00,0.00,0.27,0.27
Crysencio Summerville,LEE,4,65,0.0,0.0,0.0,0.04,0.04,0.00,0.08,0.08,0.05,0.05,0.00,0.05,0.05,0.11,0.11
Cody Drameh,LEE,1,18,0.0,0.0,0.0,0.00,0.00,0.00,0.03,0.03,0.00,0.00,0.00,0.00,0.00,0.17,0.17
Anthony Elanga,MUN,1,13,0.0,0.0,0.0,0.00,0.00,0.00,0.03,0.03,0.00,0.00,0.00,0.00,0.00,0.19,0.19
David Raya,BRE,9,810,0.0,0.0,0.0,0.00,0.00,0.00,2.84,2.84,0.00,0.00,0.00,0.00,0.00,0.32,0.32
Kristoffer Ajer,BRE,7,564,0.0,0.0,0.0,0.17,0.17,0.08,1.07,0.82,0.03,0.03,0.01,0.04,0.04,0.17,0.13
Frank Onyeka,BRE,13,743,0.0,0.0,0.0,0.39,0.39,0.15,1.08,0.75,0.05,0.05,0.02,0.07,0.07,0.13,0.09
Mads Bidstrup,BRE,3,13,0.0,0.0,0.0,0.00,0.00,0.00,0.0,0.00,0.00,0.00,0.00,0.00,0.00,0.00,0.00
Mads Bech Sørensen,BRE,1,18,0.0,0.0,0.0,0.00,0.00,0.00,0.0,0.00,0.00,0.00,0.00,0.00,0.00,0.00,0.00
Marcus Forss,BRE,5,162,0.0,0.0,0.0,0.19,0.19,0.00,0.11,0.00,0.11,0.11,0.00,0.11,0.11,0.06,0.00
Mads Roerslev,BRE,6,231,0.0,0.0,0.0,0.02,0.02,0.47,0.55,0.06,0.01,0.01,0.18,0.19,0.19,0.22,0.02
Charlie Goode,BRE,5,356,0.0,0.0,0.0,0.09,0.09,0.86,0.91,0.74,0.02,0.02,0.22,0.24,0.24,0.23,0.19
Albert Sambi Lokonga,ARS,12,810,0.0,0.0,0.0,0.39,0.39,0.61,4.42,4.02,0.04,0.04,0.07,0.11,0.11,0.49,0.45
Folarin Balogun,ARS,2,69,0.0,0.0,0.0,0.16,0.16,0.00,0.16,0.00,0.21,0.21,0.00,0.21,0.21,0.21,0.00
Nuno Tavares,ARS,11,603,0.0,0.0,1.0,0.54,0.54,0.79,3.44,2.45,0.08,0.08,0.12,0.20,0.20,0.51,0.36
Nathan Collins,BUR,5,450,0.0,0.0,0.0,0.02,0.02,0.55,0.18,0.16,0.00,0.00,0.11,0.11,0.11,0.04,0.03
Taylor Richards,BHA,1,14,0.0,0.0,0.0,0.02,0.02,0.01,0.17,0.15,0.14,0.14,0.05,0.18,0.18,1.12,0.94
Kiernan Dewsbury-Hall,LEI,6,158,0.0,0.0,0.0,0.46,0.46,0.13,0.91,0.87,0.26,0.26,0.07,0.34,0.34,0.52,0.50
José Sá,WOL,15,1350,0.0,0.0,1.0,0.00,0.00,0.40,1.11,0.72,0.00,0.00,0.03,0.03,0.03,0.07,0.05
Dimitris Giannoulis,NOR,8,394,0.0,0.0,1.0,0.04,0.04,0.33,0.55,0.41,0.01,0.01,0.08,0.08,0.08,0.13,0.09
Christos Tzolis,NOR,7,196,0.0,0.0,0.0,0.23,0.23,0.60,1.22,0.41,0.11,0.11,0.28,0.38,0.38,0.56,0.19
