№,Team,M,W,D,L,G,GA,PTS,xG,NPxG,xGA,NPxGA,NPxGD,PPDA,OPPDA,DC,ODC,xPTS
Son Heung-Min,Tottenham,7,566,8.0,8.0,2.0,3.09-4.91,3.09-4.91,1.79-0.21,5.33,1.96,0.49,0.49,0.28,0.78,0.78,0.85,0.31
Dominic Calvert-Lewin,Everton,7,613,8.0,8.0,0.0,5.77-2.23,5.77-2.23,0.35+0.35,5.68,1.28,0.85,0.85,0.05,0.90,0.90,0.83,0.19
Jamie Vardy,Leicester,6,469,7.0,3.0,1.0,5.71-1.29,2.67-0.33,0.65-0.35,3.58,0.27,1.10,0.51,0.12,1.22,0.64,0.69,0.05
Mohamed Salah,Liverpool,7,630,7.0,4.0,0.0,5.15-1.85,2.86-1.14,1.95+1.95,6.76,2.76,0.74,0.41,0.28,1.01,0.69,0.97,0.39
Callum Wilson,Newcastle United,7,624,6.0,3.0,1.0,6.27+0.27,3.98+0.98,0.92-0.08,5.19,0.31,0.90,0.57,0.13,1.04,0.71,0.75,0.04
Harry Kane,Tottenham,7,627,6.0,4.0,8.0,6.14+0.14,4.62+0.62,3.60-4.40,6.57,0.73,0.88,0.66,0.52,1.40,1.18,0.94,0.10
Patrick Bamford,Leeds,7,586,6.0,6.0,1.0,4.18-1.82,4.18-1.82,0.35-0.65,5.23,1.04,0.64,0.64,0.05,0.70,0.70,0.80,0.16
Wilfried Zaha,Crystal Palace,7,630,5.0,3.0,1.0,4.15-0.85,2.63-0.37,1.70+0.70,4.72,0.80,0.59,0.38,0.24,0.84,0.62,0.67,0.11
Danny Ings,Southampton,7,626,5.0,4.0,2.0,2.48-2.52,1.72-2.28,0.39-1.61,2.36,0.51,0.36,0.25,0.06,0.41,0.30,0.34,0.07
Jack Grealish,Aston Villa,6,540,4.0,4.0,4.0,2.60-1.40,2.60-1.40,2.87-1.13,5.43,1.63,0.43,0.43,0.48,0.91,0.91,0.91,0.27
Sadio Mané,Liverpool,6,531,4.0,4.0,1.0,4.01+0.01,4.01+0.01,1.21+0.21,5.96,1.32,0.68,0.68,0.20,0.88,0.88,1.01,0.22
Neal Maupay,Brighton,6,540,4.0,2.0,1.0,4.35+0.35,2.83+0.83,0.56-0.44,3.83,0.89,0.73,0.47,0.09,0.82,0.57,0.64,0.15
Raúl Jiménez,Wolverhampton Wanderers,7,630,4.0,4.0,0.0,2.13-1.87,2.13-1.87,0.51+0.51,2.81,0.72,0.30,0.30,0.07,0.38,0.38,0.40,0.10
Ollie Watkins,Aston Villa,6,540,4.0,3.0,1.0,3.78-0.22,3.02+0.02,0.58-0.42,4.27,1.73,0.63,0.50,0.10,0.73,0.60,0.71,0.29
Timo Werner,Chelsea,7,612,3.0,3.0,1.0,2.71-0.29,2.71-0.29,0.63-0.37,3.7,0.95,0.40,0.40,0.09,0.49,0.49,0.54,0.14
Michail Antonio,West Ham,6,490,3.0,3.0,0.0,2.96-0.04,2.96-0.04,0.34+0.34,3.65,0.60,0.54,0.54,0.06,0.61,0.61,0.67,0.11
James Ward-Prowse,Southampton,7,630,3.0,3.0,1.0,0.65-2.35,0.65-2.35,0.97-0.03,1.48,1.16,0.09,0.09,0.14,0.23,0.23,0.21,0.17
Kurt Zouma,Chelsea,6,540,3.0,3.0,0.0,0.55-2.45,0.55-2.45,0.02+0.02,0.55,0.55,0.09,0.09,0.00,0.10,0.10,0.09,0.09
Bruno Fernandes,Manchester United,6,484,3.0,1.0,2.0,2.72-0.28,0.43-0.57,1.40-0.60,2.05,0.58,0.50,0.08,0.26,0.77,0.34,0.38,0.11
Jorginho,Chelsea,6,442,3.0,0.0,1.0,3.12+0.12,0.07+0.07,0.15-0.85,1.37,1.37,0.63,0.02,0.03,0.67,0.05,0.28,0.28
Jarrod Bowen,West Ham,7,602,3.0,3.0,0.0,2.29-0.71,2.29-0.71,0.24+0.24,3.27,0.96,0.34,0.34,0.04,0.38,0.38,0.49,0.14
James Rodríguez,Everton,6,521,3.0,3.0,3.0,1.85-1.15,1.85-1.15,2.76-0.24,4.76,2.31,0.32,0.32,0.48,0.80,0.80,0.82,0.40
Alexandre Lacazette,Arsenal,6,427,3.0,3.0,0.0,2.46-0.54,2.46-0.54,0.31+0.31,2.97,0.33,0.52,0.52,0.07,0.58,0.58,0.63,0.07
Youri Tielemans,Leicester,7,630,3.0,1.0,0.0,2.27-0.73,0.74-0.26,0.08+0.08,2.87,2.20,0.32,0.11,0.01,0.33,0.12,0.41,0.31
Diogo Jota,Liverpool,5,212,3.0,3.0,0.0,1.39-1.61,1.39-1.61,0.22+0.22,2.49,0.88,0.59,0.59,0.10,0.68,0.68,1.06,0.37
Jannik Vestergaard,Southampton,6,492,2.0,2.0,0.0,0.50-1.50,0.50-1.50,0.51+0.51,1.11,1.11,0.09,0.09,0.09,0.18,0.18,0.20,0.20
Pierre-Emerick Aubameyang,Arsenal,7,627,2.0,1.0,1.0,1.35-0.65,0.59-0.41,1.14+0.14,2.5,0.85,0.19,0.08,0.16,0.36,0.25,0.36,0.12
Marcus Rashford,Manchester United,6,540,2.0,2.0,2.0,1.45-0.55,1.45-0.55,0.50-1.50,2.11,0.65,0.24,0.24,0.08,0.32,0.32,0.35,0.11
Ross Barkley,"Aston Villa, Chelsea",6,395,2.0,2.0,0.0,1.19-0.81,1.19-0.81,0.82+0.82,2.32,0.67,0.27,0.27,0.19,0.46,0.46,0.53,0.15
Raheem Sterling,Manchester City,6,534,2.0,2.0,1.0,1.55-0.45,1.55-0.45,1.71+0.71,4.68,2.56,0.26,0.26,0.29,0.55,0.55,0.79,0.43
Aleksandar Mitrovic,Fulham,7,566,2.0,1.0,2.0,3.06+1.06,1.54+0.54,1.40-0.60,2.92,0.30,0.49,0.24,0.22,0.71,0.47,0.46,0.05
Tyrone Mings,Aston Villa,6,540,2.0,2.0,1.0,0.94-1.06,0.94-1.06,0.07-0.93,1.13,1.12,0.16,0.16,0.01,0.17,0.17,0.19,0.19
Michael Keane,Everton,7,630,2.0,2.0,0.0,1.20-0.80,1.20-0.80,0.14+0.14,2.51,2.37,0.17,0.17,0.02,0.19,0.19,0.36,0.34
Pablo Fornals,West Ham,7,596,2.0,2.0,2.0,2.10+0.10,2.10+0.10,0.89-1.11,4.03,1.09,0.32,0.32,0.13,0.45,0.45,0.61,0.17
Hélder Costa,Leeds,7,584,2.0,2.0,2.0,0.41-1.59,0.41-1.59,0.49-1.51,2.61,1.98,0.06,0.06,0.08,0.14,0.14,0.40,0.30
Mateusz Klich,Leeds,7,611,2.0,1.0,2.0,0.92-1.08,0.16-0.84,0.54-1.46,3.89,3.41,0.14,0.02,0.08,0.21,0.10,0.57,0.50
Callum Robinson,West Bromwich Albion,7,353,2.0,2.0,0.0,0.33-1.67,0.33-1.67,0.15+0.15,0.69,0.21,0.08,0.08,0.04,0.12,0.12,0.18,0.05
Phil Foden,Manchester City,6,386,2.0,2.0,0.0,1.56-0.44,1.56-0.44,0.20+0.20,2.06,0.35,0.36,0.36,0.05,0.41,0.41,0.48,0.08
Harvey Barnes,Leicester,7,599,2.0,2.0,1.0,1.84-0.16,1.84-0.16,0.09-0.91,2.0,0.16,0.28,0.28,0.01,0.29,0.29,0.30,0.02
Bobby Reid,Fulham,6,309,2.0,2.0,0.0,1.47-0.53,1.47-0.53,0.00,1.72,0.25,0.43,0.43,0.00,0.43,0.43,0.50,0.07
Che Adams,Southampton,7,601,2.0,2.0,2.0,3.11+1.11,3.11+1.11,1.09-0.91,3.34,0.65,0.47,0.47,0.16,0.63,0.63,0.50,0.10
Allan Saint-Maximin,Newcastle United,6,430,1.0,1.0,1.0,0.70-0.30,0.70-0.30,1.25+0.25,2.65,0.78,0.15,0.15,0.26,0.41,0.41,0.55,0.16
Kevin De Bruyne,Manchester City,5,381,1.0,0.0,2.0,1.67+0.67,0.91+0.91,1.52-0.48,2.91,1.28,0.40,0.22,0.36,0.75,0.57,0.69,0.30
Roberto Firmino,Liverpool,7,577,1.0,1.0,2.0,1.80+0.80,1.80+0.80,1.04-0.96,5.18,2.83,0.28,0.28,0.16,0.44,0.44,0.81,0.44
Cheikhou Kouyaté,Crystal Palace,7,630,1.0,1.0,0.0,0.59-0.41,0.59-0.41,0.02+0.02,1.05,1.03,0.08,0.08,0.00,0.09,0.09,0.15,0.15
Manuel Lanzini,West Ham,2,12,1.0,1.0,0.0,0.01-0.99,0.01-0.99,0.04+0.04,0.0,0.00,0.07,0.07,0.28,0.36,0.36,0.00,0.00
Nathan Aké,Manchester City,4,288,1.0,1.0,0.0,0.40-0.60,0.40-0.60,0.02+0.02,0.94,0.93,0.13,0.13,0.01,0.13,0.13,0.30,0.29
Kyle Walker,Manchester City,6,529,1.0,1.0,0.0,0.14-0.86,0.14-0.86,0.10+0.10,2.67,2.49,0.02,0.02,0.02,0.04,0.04,0.45,0.42
Ashley Westwood,Burnley,6,540,1.0,1.0,0.0,0.10-0.90,0.10-0.90,1.11+1.11,1.87,1.33,0.02,0.02,0.19,0.20,0.20,0.31,0.22
Tammy Abraham,Chelsea,6,287,1.0,1.0,1.0,1.86+0.86,1.86+0.86,0.07-0.93,1.15,0.04,0.58,0.58,0.02,0.60,0.60,0.36,0.01
Ola Aina,Fulham,4,360,1.0,1.0,0.0,0.04-0.96,0.04-0.96,0.12+0.12,0.52,0.48,0.01,0.01,0.03,0.04,0.04,0.13,0.12
Riyad Mahrez,Manchester City,5,433,1.0,1.0,1.0,0.90-0.10,0.90-0.10,0.90-0.10,3.42,2.39,0.19,0.19,0.19,0.37,0.37,0.71,0.50
Andros Townsend,Crystal Palace,7,614,1.0,1.0,2.0,0.57-0.43,0.57-0.43,1.66-0.34,2.78,1.27,0.08,0.08,0.24,0.33,0.33,0.41,0.19
Ben Chilwell,Chelsea,4,360,1.0,1.0,2.0,0.14-0.86,0.14-0.86,0.37-1.63,0.94,0.66,0.03,0.03,0.09,0.13,0.13,0.24,0.16
Virgil van Dijk,Liverpool,5,370,1.0,1.0,0.0,0.55-0.45,0.55-0.45,0.00,1.41,1.29,0.13,0.13,0.00,0.13,0.13,0.34,0.31
Oriol Romeu,Southampton,7,597,1.0,1.0,0.0,0.15-0.85,0.15-0.85,0.09+0.09,1.98,1.87,0.02,0.02,0.01,0.04,0.04,0.30,0.28
Kyle Bartley,West Bromwich Albion,4,360,1.0,1.0,0.0,0.52-0.48,0.52-0.48,0.00,0.21,0.21,0.13,0.13,0.00,0.13,0.13,0.05,0.05
Dennis Praet,Leicester,6,426,1.0,1.0,1.0,0.29-0.71,0.29-0.71,0.73-0.27,1.23,0.96,0.06,0.06,0.15,0.22,0.22,0.26,0.20
Harry Maguire,Manchester United,6,540,1.0,1.0,0.0,0.35-0.65,0.35-0.65,0.09+0.09,1.41,1.33,0.06,0.06,0.01,0.07,0.07,0.23,0.22
Andrew Robertson,Liverpool,7,630,1.0,1.0,2.0,0.94-0.06,0.94-0.06,1.30-0.70,3.65,2.00,0.13,0.13,0.19,0.32,0.32,0.52,0.29
Jeff Hendrick,Newcastle United,7,617,1.0,1.0,1.0,0.36-0.64,0.36-0.64,0.79-0.21,1.88,0.79,0.05,0.05,0.11,0.17,0.17,0.27,0.12
Gareth Bale,Tottenham,2,32,1.0,1.0,0.0,0.73-0.27,0.73-0.27,0.64+0.64,0.63,0.29,2.05,2.05,1.80,3.84,3.84,1.76,0.82
Rodrigo,Leeds,6,320,1.0,1.0,0.0,1.22+0.22,1.22+0.22,0.38+0.38,1.95,1.25,0.34,0.34,0.11,0.45,0.45,0.55,0.35
Lucas Moura,Tottenham,6,344,1.0,1.0,0.0,0.85-0.15,0.85-0.15,0.15+0.15,1.82,0.85,0.22,0.22,0.04,0.26,0.26,0.48,0.22
Romain Saiss,Wolverhampton Wanderers,6,519,1.0,1.0,0.0,0.46-0.54,0.46-0.54,0.34+0.34,1.04,0.41,0.08,0.08,0.06,0.14,0.14,0.18,0.07
Serge Aurier,Tottenham,2,180,1.0,1.0,1.0,0.46-0.54,0.46-0.54,0.74-0.26,1.41,0.46,0.23,0.23,0.37,0.60,0.60,0.70,0.23
Chris Wood,Burnley,6,540,1.0,1.0,0.0,1.79+0.79,1.79+0.79,0.05+0.05,2.07,0.23,0.30,0.30,0.01,0.31,0.31,0.34,0.04
Kai Havertz,Chelsea,7,561,1.0,1.0,1.0,0.71-0.29,0.71-0.29,0.55-0.45,2.96,1.95,0.11,0.11,0.09,0.20,0.20,0.48,0.31
Gabriel Jesus,Manchester City,1,90,1.0,1.0,0.0,0.24-0.76,0.24-0.76,0.24+0.24,1.04,0.56,0.24,0.24,0.24,0.48,0.48,1.04,0.56
Ademola Lookman,Fulham,4,293,1.0,1.0,0.0,0.59-0.41,0.59-0.41,0.36+0.36,2.17,1.29,0.18,0.18,0.11,0.29,0.29,0.67,0.40
Aaron Wan-Bissaka,Manchester United,5,450,1.0,1.0,0.0,0.14-0.86,0.14-0.86,0.05+0.05,0.61,0.42,0.03,0.03,0.01,0.04,0.04,0.12,0.08
Yves Bissouma,Brighton,6,540,1.0,1.0,0.0,0.24-0.76,0.24-0.76,0.02+0.02,1.27,1.10,0.04,0.04,0.00,0.04,0.04,0.21,0.18
Gabriel,Arsenal,6,540,1.0,1.0,0.0,0.77-0.23,0.77-0.23,0.00,1.34,1.34,0.13,0.13,0.00,0.13,0.13,0.22,0.22
Nicolas Pepe,Arsenal,6,197,1.0,1.0,0.0,0.34-0.66,0.34-0.66,0.07+0.07,0.6,0.37,0.15,0.15,0.03,0.19,0.19,0.27,0.17
Tanguy NDombele Alvaro,Tottenham,7,369,1.0,1.0,0.0,0.51-0.49,0.51-0.49,0.13+0.13,2.52,1.97,0.12,0.12,0.03,0.16,0.16,0.61,0.48
Richarlison,Everton,5,384,1.0,0.0,2.0,2.67+1.67,1.91+1.91,1.08-0.92,3.49,0.88,0.63,0.45,0.25,0.88,0.70,0.82,0.21
Jairo Riedewald,Crystal Palace,5,284,1.0,1.0,0.0,0.34-0.66,0.34-0.66,0.15+0.15,0.91,0.46,0.11,0.11,0.05,0.16,0.16,0.29,0.15
Solly March,Brighton,7,583,1.0,1.0,1.0,1.02+0.02,1.02+0.02,0.78-0.22,2.75,1.05,0.16,0.16,0.12,0.28,0.28,0.42,0.16
Jacob Murphy,Newcastle United,3,193,1.0,1.0,0.0,0.10-0.90,0.10-0.90,0.06+0.06,0.07,0.06,0.05,0.05,0.03,0.07,0.07,0.03,0.03
Sébastien Haller,West Ham,6,121,1.0,1.0,0.0,0.27-0.73,0.27-0.73,0.13+0.13,0.18,0.05,0.20,0.20,0.10,0.30,0.30,0.13,0.04
Timothy Castagne,Leicester,6,540,1.0,1.0,2.0,0.64-0.36,0.64-0.36,0.74-1.26,1.88,1.21,0.11,0.11,0.12,0.23,0.23,0.31,0.20
Pedro Neto,Wolverhampton Wanderers,7,580,1.0,1.0,2.0,0.50-0.50,0.50-0.50,1.51-0.49,2.65,1.31,0.08,0.08,0.23,0.31,0.31,0.41,0.20
Callum Hudson-Odoi,Chelsea,4,148,1.0,1.0,0.0,0.17-0.83,0.17-0.83,0.48+0.48,0.78,0.47,0.11,0.11,0.29,0.40,0.40,0.47,0.29
Eddie Nketiah,Arsenal,7,115,1.0,1.0,0.0,0.63-0.37,0.63-0.37,0.00,0.68,0.05,0.49,0.49,0.00,0.49,0.49,0.53,0.04
Yerry Mina,Everton,7,630,1.0,1.0,0.0,0.58-0.42,0.58-0.42,0.00,1.87,1.86,0.08,0.08,0.00,0.08,0.08,0.27,0.27
Grady Diangana,West Bromwich Albion,7,574,1.0,1.0,0.0,0.53-0.47,0.53-0.47,0.09+0.09,0.84,0.47,0.08,0.08,0.01,0.10,0.10,0.13,0.07
Rayan Ait Nouri,Wolverhampton Wanderers,1,90,1.0,1.0,0.0,0.08-0.92,0.08-0.92,0.00,0.32,0.27,0.08,0.08,0.00,0.08,0.08,0.32,0.27
James Maddison,Leicester,6,194,1.0,1.0,0.0,0.19-0.81,0.19-0.81,0.17+0.17,0.93,0.82,0.09,0.09,0.08,0.17,0.17,0.43,0.38
Tom Cairney,Fulham,6,540,1.0,1.0,0.0,0.29-0.71,0.29-0.71,0.35+0.35,2.49,2.17,0.05,0.05,0.06,0.11,0.11,0.41,0.36
Fabián Balbuena,West Ham,5,450,1.0,1.0,0.0,0.17-0.83,0.17-0.83,0.00,0.29,0.29,0.03,0.03,0.00,0.03,0.03,0.06,0.06
Matheus Pereira,West Bromwich Albion,7,582,1.0,1.0,2.0,0.50-0.50,0.50-0.50,0.49-1.51,0.8,0.34,0.08,0.08,0.08,0.15,0.15,0.12,0.05
Bukayo Saka,Arsenal,5,425,1.0,1.0,0.0,1.31+0.31,1.31+0.31,0.22+0.22,2.47,1.17,0.28,0.28,0.05,0.32,0.32,0.52,0.25
Karlan Grant,West Bromwich Albion,3,250,1.0,1.0,0.0,0.21-0.79,0.21-0.79,0.15+0.15,0.29,0.10,0.08,0.08,0.05,0.13,0.13,0.10,0.04
Leandro Trossard,Brighton,7,597,1.0,1.0,1.0,1.33+0.33,1.33+0.33,1.62+0.62,2.7,1.10,0.20,0.20,0.24,0.45,0.45,0.41,0.17
Moussa Djenepo,Southampton,4,235,1.0,1.0,0.0,0.16-0.84,0.16-0.84,0.00,1.16,1.02,0.06,0.06,0.00,0.06,0.06,0.45,0.39
David McGoldrick,Sheffield United,7,300,1.0,1.0,0.0,0.24-0.76,0.24-0.76,0.44+0.44,1.63,0.95,0.07,0.07,0.13,0.20,0.20,0.49,0.28
Billy Sharp,Sheffield United,4,124,1.0,0.0,0.0,1.45+0.45,0.68+0.68,0.00,0.74,0.05,1.05,0.50,0.00,1.05,0.50,0.54,0.04
Conor Hourihane,Aston Villa,2,147,1.0,1.0,1.0,0.42-0.58,0.42-0.58,0.92-0.08,0.53,0.06,0.26,0.26,0.56,0.82,0.82,0.33,0.03
John McGinn,Aston Villa,6,540,1.0,1.0,4.0,0.21-0.79,0.21-0.79,1.42-2.58,2.94,1.48,0.03,0.03,0.24,0.27,0.27,0.49,0.25
Ezri Konsa Ngoyo,Aston Villa,6,540,1.0,1.0,0.0,0.46-0.54,0.46-0.54,0.00,0.55,0.55,0.08,0.08,0.00,0.08,0.08,0.09,0.09
James Justin,Leicester,7,630,1.0,1.0,0.0,0.15-0.85,0.15-0.85,0.17+0.17,1.73,1.57,0.02,0.02,0.02,0.05,0.05,0.25,0.22
Mason Mount,Chelsea,6,451,1.0,1.0,1.0,0.57-0.43,0.57-0.43,1.16+0.16,1.64,1.03,0.11,0.11,0.23,0.34,0.34,0.33,0.21
Aaron Connolly,Brighton,5,292,1.0,1.0,1.0,0.59-0.41,0.59-0.41,0.11-0.89,0.69,0.03,0.18,0.18,0.03,0.21,0.21,0.21,0.01
Reece James,Chelsea,6,451,1.0,1.0,1.0,0.10-0.90,0.10-0.90,0.87-0.13,2.03,1.84,0.02,0.02,0.17,0.19,0.19,0.40,0.37
Tariq Lamptey,Brighton,7,554,1.0,1.0,1.0,0.27-0.73,0.27-0.73,0.55-0.45,2.93,2.61,0.04,0.04,0.09,0.13,0.13,0.48,0.42
Sander Berge,Sheffield United,7,553,1.0,0.0,0.0,0.99-0.01,0.23+0.23,0.48+0.48,1.67,1.05,0.16,0.04,0.08,0.24,0.12,0.27,0.17
Daniel Podence,Wolverhampton Wanderers,6,452,1.0,1.0,2.0,1.19+0.19,1.19+0.19,0.76-1.24,2.46,0.86,0.24,0.24,0.15,0.39,0.39,0.49,0.17
Alexis Mac Allister,Brighton,3,37,1.0,1.0,0.0,0.05-0.95,0.05-0.95,0.00,0.05,0.00,0.13,0.13,0.00,0.13,0.13,0.13,0.00
Jimmy Dunne,Burnley,2,180,1.0,1.0,0.0,0.22-0.78,0.22-0.78,0.10+0.10,0.1,0.04,0.11,0.11,0.05,0.16,0.16,0.05,0.02
Stuart Dallas,Leeds,7,622,1.0,1.0,0.0,0.97-0.03,0.97-0.03,0.31+0.31,3.44,3.08,0.14,0.14,0.04,0.19,0.19,0.50,0.45
Jack Harrison,Leeds,6,534,1.0,1.0,2.0,0.39-0.61,0.39-0.61,2.17+0.17,3.9,1.55,0.07,0.07,0.37,0.43,0.43,0.66,0.26
Donny van de Beek,Manchester United,5,65,1.0,1.0,0.0,0.28-0.72,0.28-0.72,0.05+0.05,0.63,0.30,0.39,0.39,0.06,0.46,0.46,0.88,0.42
Hakim Ziyech,Chelsea,3,98,1.0,1.0,1.0,0.04-0.96,0.04-0.96,0.46-0.54,0.44,0.04,0.04,0.04,0.42,0.46,0.46,0.40,0.04
Fabian Schär,Newcastle United,4,277,0.0,0.0,0.0,0.02+0.02,0.02+0.02,0.00,0.15,0.13,0.01,0.01,0.00,0.01,0.01,0.05,0.04
Joelinton,Newcastle United,6,293,0.0,0.0,0.0,0.06+0.06,0.06+0.06,0.15+0.15,0.66,0.44,0.02,0.02,0.05,0.07,0.07,0.20,0.14
Bernd Leno,Arsenal,7,630,0.0,0.0,0.0,0.00,0.00,0.00,0.88,0.88,0.00,0.00,0.00,0.00,0.00,0.13,0.13
Andreas Christensen,Chelsea,4,315,0.0,0.0,0.0,0.05+0.05,0.05+0.05,0.00,1.38,1.38,0.01,0.01,0.00,0.01,0.01,0.39,0.39
Granit Xhaka,Arsenal,6,413,0.0,0.0,0.0,0.27+0.27,0.27+0.27,0.08+0.08,2.96,2.90,0.06,0.06,0.02,0.08,0.08,0.64,0.63
Thiago Alcántara,Liverpool,2,133,0.0,0.0,0.0,0.08+0.08,0.08+0.08,0.21+0.21,1.01,0.89,0.05,0.05,0.14,0.20,0.20,0.69,0.61
Pascal Groß,Brighton,6,151,0.0,0.0,1.0,0.04+0.04,0.04+0.04,0.29-0.71,0.39,0.27,0.02,0.02,0.17,0.20,0.20,0.23,0.16
Ilkay Gündogan,Manchester City,3,119,0.0,0.0,0.0,0.09+0.09,0.09+0.09,0.15+0.15,0.32,0.11,0.07,0.07,0.11,0.18,0.18,0.24,0.08
Joel Matip,Liverpool,2,91,0.0,0.0,0.0,0.09+0.09,0.09+0.09,0.00,0.93,0.93,0.09,0.09,0.00,0.09,0.09,0.92,0.92
Sead Kolasinac,Arsenal,1,90,0.0,0.0,0.0,0.00,0.00,0.00,0.43,0.43,0.00,0.00,0.00,0.00,0.00,0.43,0.43
Pierre-Emile Højbjerg,Tottenham,7,630,0.0,0.0,1.0,0.03+0.03,0.03+0.03,0.73-0.27,3.87,3.51,0.00,0.00,0.10,0.11,0.11,0.55,0.50
Matt Ritchie,Newcastle United,1,72,0.0,0.0,0.0,0.04+0.04,0.04+0.04,0.04+0.04,0.09,0.05,0.05,0.05,0.05,0.10,0.10,0.11,0.07
Mamadou Sakho,Crystal Palace,4,274,0.0,0.0,0.0,0.02+0.02,0.02+0.02,0.00,0.51,0.51,0.01,0.01,0.00,0.01,0.01,0.17,0.17
Adam Lallana,Brighton,7,381,0.0,0.0,0.0,0.09+0.09,0.09+0.09,0.58+0.58,1.74,1.13,0.02,0.02,0.14,0.16,0.16,0.41,0.27
James Milner,Liverpool,5,59,0.0,0.0,0.0,0.00,0.00,0.02+0.02,0.6,0.60,0.00,0.00,0.03,0.03,0.03,0.91,0.91
Héctor Bellerín,Arsenal,7,630,0.0,0.0,2.0,0.06+0.06,0.06+0.06,0.63-1.37,2.16,1.98,0.01,0.01,0.09,0.10,0.10,0.31,0.28
Mohamed Elneny,Arsenal,4,360,0.0,0.0,0.0,0.14+0.14,0.14+0.14,0.05+0.05,1.77,1.57,0.04,0.04,0.01,0.05,0.05,0.44,0.39
Alex Iwobi,Everton,6,151,0.0,0.0,1.0,0.05+0.05,0.05+0.05,0.58-0.42,1.21,0.58,0.03,0.03,0.35,0.38,0.38,0.72,0.35
Danny Welbeck,Brighton,1,12,0.0,0.0,0.0,0.00,0.00,0.00,0.0,0.00,0.00,0.00,0.00,0.00,0.00,0.00,0.00
Olivier Giroud,Chelsea,2,27,0.0,0.0,0.0,0.00,0.00,0.00,0.06,0.06,0.00,0.00,0.00,0.00,0.00,0.20,0.20
Theo Walcott,"Everton, Southampton",3,190,0.0,0.0,1.0,0.11+0.11,0.11+0.11,0.22-0.78,0.37,0.08,0.05,0.05,0.10,0.16,0.16,0.18,0.04
Joel Ward,Crystal Palace,5,450,0.0,0.0,0.0,0.00,0.00,0.01+0.01,0.54,0.54,0.00,0.00,0.00,0.00,0.00,0.11,0.11
Scott Dann,Crystal Palace,3,270,0.0,0.0,0.0,0.30+0.30,0.30+0.30,0.00,0.28,0.28,0.10,0.10,0.00,0.10,0.10,0.09,0.09
Adrián,Liverpool,2,180,0.0,0.0,0.0,0.00,0.00,0.00,0.36,0.36,0.00,0.00,0.00,0.00,0.00,0.18,0.18
Angelo Ogbonna,West Ham,7,630,0.0,0.0,0.0,0.14+0.14,0.14+0.14,0.15+0.15,0.87,0.87,0.02,0.02,0.02,0.04,0.04,0.12,0.12
Mark Noble,West Ham,3,70,0.0,0.0,0.0,0.00,0.00,0.01+0.01,0.23,0.23,0.00,0.00,0.02,0.02,0.02,0.29,0.29
Aaron Cresswell,West Ham,7,630,0.0,0.0,3.0,0.04+0.04,0.04+0.04,1.18-1.82,2.58,2.04,0.01,0.01,0.17,0.18,0.18,0.37,0.29
Andy Carroll,Newcastle United,5,153,0.0,0.0,0.0,0.26+0.26,0.26+0.26,0.02+0.02,0.38,0.14,0.15,0.15,0.01,0.17,0.17,0.22,0.08
Kieran Gibbs,West Bromwich Albion,2,135,0.0,0.0,0.0,0.00,0.00,0.02+0.02,0.31,0.29,0.00,0.00,0.01,0.01,0.01,0.20,0.19
David de Gea,Manchester United,6,540,0.0,0.0,0.0,0.00,0.00,0.00,0.09,0.09,0.00,0.00,0.00,0.00,0.00,0.02,0.02
Timothy Fosu-Mensah,Manchester United,1,85,0.0,0.0,0.0,0.02+0.02,0.02+0.02,0.31+0.31,0.4,0.36,0.02,0.02,0.32,0.34,0.34,0.43,0.38
Anthony Martial,Manchester United,3,207,0.0,0.0,0.0,0.07+0.07,0.07+0.07,0.00,0.05,0.04,0.03,0.03,0.00,0.03,0.03,0.02,0.02
Juan Mata,Manchester United,2,149,0.0,0.0,1.0,0.11+0.11,0.11+0.11,0.19-0.81,0.51,0.37,0.06,0.06,0.12,0.18,0.18,0.31,0.23
Odion Ighalo,Manchester United,1,5,0.0,0.0,0.0,0.00,0.00,0.00,0.0,0.00,0.00,0.00,0.00,0.00,0.00,0.00,0.00
Seamus Coleman,Everton,5,360,0.0,0.0,1.0,0.04+0.04,0.04+0.04,0.55-0.45,2.23,2.19,0.01,0.01,0.14,0.15,0.15,0.56,0.55
John Stones,Manchester City,1,90,0.0,0.0,0.0,0.00,0.00,0.00,0.0,0.00,0.00,0.00,0.00,0.00,0.00,0.00,0.00
James McCarthy,Crystal Palace,4,324,0.0,0.0,0.0,0.01+0.01,0.01+0.01,0.02+0.02,0.86,0.86,0.00,0.00,0.00,0.01,0.01,0.24,0.24
Nathaniel Clyne,Crystal Palace,2,163,0.0,0.0,0.0,0.03+0.03,0.03+0.03,0.04+0.04,0.45,0.41,0.02,0.02,0.02,0.04,0.04,0.25,0.23
Jordan Henderson,Liverpool,5,385,0.0,0.0,0.0,0.51+0.51,0.51+0.51,0.44+0.44,3.61,3.22,0.12,0.12,0.10,0.22,0.22,0.84,0.75
Christian Benteke,Crystal Palace,3,9,0.0,0.0,0.0,0.00,0.00,0.00,0.0,0.00,0.00,0.00,0.00,0.00,0.00,0.00,0.00
Fernandinho,Manchester City,4,154,0.0,0.0,0.0,0.49+0.49,0.49+0.49,0.00,0.74,0.70,0.29,0.29,0.00,0.29,0.29,0.43,0.41
Sergio Agüero,Manchester City,2,113,0.0,0.0,0.0,0.05+0.05,0.05+0.05,0.71+0.71,0.9,0.48,0.04,0.04,0.57,0.60,0.60,0.72,0.38
Kelechi Iheanacho,Leicester,3,103,0.0,0.0,0.0,0.11+0.11,0.11+0.11,0.39+0.39,0.5,0.00,0.10,0.10,0.34,0.44,0.44,0.44,0.00
Willy Caballero,Chelsea,1,90,0.0,0.0,0.0,0.00,0.00,0.00,0.14,0.14,0.00,0.00,0.00,0.00,0.00,0.14,0.14
James McArthur,Crystal Palace,5,433,0.0,0.0,0.0,0.09+0.09,0.09+0.09,0.56+0.56,0.71,0.12,0.02,0.02,0.12,0.14,0.14,0.15,0.03
Alex McCarthy,Southampton,7,630,0.0,0.0,0.0,0.00,0.00,0.00,0.86,0.86,0.00,0.00,0.00,0.00,0.00,0.12,0.12
Hugo Lloris,Tottenham,7,630,0.0,0.0,0.0,0.00,0.00,0.00,0.96,0.96,0.00,0.00,0.00,0.00,0.00,0.14,0.14
Toby Alderweireld,Tottenham,4,360,0.0,0.0,0.0,0.00,0.00,0.18+0.18,0.89,0.89,0.00,0.00,0.05,0.05,0.05,0.22,0.22
Eric Dier,Tottenham,6,540,0.0,0.0,0.0,0.38+0.38,0.38+0.38,0.00,1.37,1.37,0.06,0.06,0.00,0.06,0.06,0.23,0.23
Erik Lamela,Tottenham,5,188,0.0,0.0,0.0,0.60+0.60,0.60+0.60,0.08+0.08,1.16,0.72,0.29,0.29,0.04,0.32,0.32,0.55,0.34
Dele Alli,Tottenham,2,64,0.0,0.0,0.0,0.23+0.23,0.23+0.23,0.03+0.03,0.54,0.37,0.33,0.33,0.05,0.38,0.38,0.76,0.52
Ben Davies,Tottenham,6,375,0.0,0.0,0.0,0.07+0.07,0.07+0.07,0.07+0.07,1.2,1.16,0.02,0.02,0.02,0.04,0.04,0.29,0.28
Josh Onomah,Fulham,2,136,0.0,0.0,0.0,0.00,0.00,0.00,0.06,0.06,0.00,0.00,0.00,0.00,0.00,0.04,0.04
Jordan Ayew,Crystal Palace,5,367,0.0,0.0,0.0,0.35+0.35,0.35+0.35,0.00,0.31,0.00,0.09,0.09,0.00,0.09,0.09,0.08,0.00
César Azpilicueta,Chelsea,5,313,0.0,0.0,1.0,0.06+0.06,0.06+0.06,0.03-0.97,1.06,0.98,0.02,0.02,0.01,0.03,0.03,0.30,0.28
Branislav Ivanovic,West Bromwich Albion,3,270,0.0,0.0,0.0,0.36+0.36,0.36+0.36,0.05+0.05,0.25,0.25,0.12,0.12,0.02,0.14,0.14,0.08,0.08
Ruben Loftus-Cheek,"Chelsea, Fulham",3,224,0.0,0.0,0.0,0.03+0.03,0.03+0.03,0.02+0.02,0.19,0.17,0.01,0.01,0.01,0.02,0.02,0.08,0.07
Bertrand Traoré,Aston Villa,5,61,0.0,0.0,0.0,0.15+0.15,0.15+0.15,0.00,0.33,0.23,0.23,0.23,0.00,0.23,0.23,0.48,0.34
Nemanja Matic,Manchester United,4,168,0.0,0.0,0.0,0.04+0.04,0.04+0.04,0.06+0.06,0.76,0.67,0.02,0.02,0.03,0.06,0.06,0.41,0.36
Gary Cahill,Crystal Palace,1,90,0.0,0.0,0.0,0.00,0.00,0.00,0.0,0.00,0.00,0.00,0.00,0.00,0.00,0.00,0.00
Willian,Arsenal,6,457,0.0,0.0,2.0,0.84+0.84,0.84+0.84,1.09-0.91,2.33,1.14,0.17,0.17,0.21,0.38,0.38,0.46,0.22
Fikayo Tomori,Chelsea,1,43,0.0,0.0,0.0,0.00,0.00,0.00,0.09,0.09,0.00,0.00,0.00,0.00,0.00,0.19,0.19
Lukasz Fabianski,West Ham,7,630,0.0,0.0,0.0,0.00,0.00,0.00,0.1,0.10,0.00,0.00,0.00,0.00,0.00,0.01,0.01
Federico Fernández,Newcastle United,7,630,0.0,0.0,0.0,0.00,0.00,0.05+0.05,0.4,0.40,0.00,0.00,0.01,0.01,0.01,0.06,0.06
Gylfi Sigurdsson,Everton,7,308,0.0,0.0,1.0,0.33+0.33,0.33+0.33,0.63-0.37,1.15,0.77,0.10,0.10,0.18,0.28,0.28,0.34,0.23
Patrick van Aanholt,Crystal Palace,2,107,0.0,0.0,0.0,0.10+0.10,0.10+0.10,0.16+0.16,0.34,0.14,0.09,0.09,0.13,0.22,0.22,0.29,0.12
Jordan Pickford,Everton,6,540,0.0,0.0,0.0,0.00,0.00,0.02+0.02,0.82,0.80,0.00,0.00,0.00,0.00,0.00,0.14,0.13
Kasper Schmeichel,Leicester,7,630,0.0,0.0,0.0,0.00,0.00,0.00,1.42,1.42,0.00,0.00,0.00,0.00,0.00,0.20,0.20
Wes Morgan,Leicester,2,5,0.0,0.0,0.0,0.00,0.00,0.00,0.0,0.00,0.00,0.00,0.00,0.00,0.00,0.00,0.00
Christian Fuchs,Leicester,3,190,0.0,0.0,0.0,0.00,0.00,0.00,1.07,1.07,0.00,0.00,0.00,0.00,0.00,0.51,0.51
N'Golo Kanté,Chelsea,7,624,0.0,0.0,0.0,0.07+0.07,0.07+0.07,0.03+0.03,1.89,1.82,0.01,0.01,0.00,0.02,0.02,0.27,0.26
Marc Albrighton,Leicester,4,120,0.0,0.0,0.0,0.00,0.00,0.37+0.37,0.37,0.00,0.00,0.00,0.28,0.28,0.28,0.28,0.00
Jeffrey Schlupp,Crystal Palace,5,395,0.0,0.0,1.0,0.20+0.20,0.20+0.20,0.55-0.45,1.85,1.35,0.05,0.05,0.13,0.17,0.17,0.42,0.31
Daniel Amartey,Leicester,2,146,0.0,0.0,0.0,0.00,0.00,0.00,0.44,0.44,0.00,0.00,0.00,0.00,0.00,0.27,0.27
Jamaal Lascelles,Newcastle United,6,539,0.0,0.0,0.0,0.08+0.08,0.08+0.08,0.00,0.45,0.45,0.01,0.01,0.00,0.01,0.01,0.08,0.08
Jonjo Shelvey,Newcastle United,5,437,0.0,0.0,0.0,0.43+0.43,0.43+0.43,0.50+0.50,1.04,0.66,0.09,0.09,0.10,0.19,0.19,0.21,0.14
Ayoze Pérez,Leicester,4,287,0.0,0.0,0.0,0.35+0.35,0.35+0.35,0.12+0.12,1.12,0.83,0.11,0.11,0.04,0.15,0.15,0.35,0.26
Georginio Wijnaldum,Liverpool,7,541,0.0,0.0,0.0,1.32+1.32,1.32+1.32,0.73+0.73,3.22,1.78,0.22,0.22,0.12,0.34,0.34,0.54,0.30
Moussa Sissoko,Tottenham,5,404,0.0,0.0,0.0,0.00,0.00,0.11+0.11,1.45,1.45,0.00,0.00,0.02,0.02,0.02,0.32,0.32
Karl Darlow,Newcastle United,7,630,0.0,0.0,0.0,0.00,0.00,0.00,0.87,0.87,0.00,0.00,0.00,0.00,0.00,0.12,0.12
Robbie Brady,Burnley,3,74,0.0,0.0,0.0,0.06+0.06,0.06+0.06,0.00,0.06,0.00,0.08,0.08,0.00,0.08,0.08,0.08,0.00
Nathan Redmond,Southampton,4,293,0.0,0.0,0.0,0.38+0.38,0.38+0.38,0.10+0.10,0.82,0.36,0.12,0.12,0.03,0.15,0.15,0.25,0.11
Jonny Evans,Leicester,4,350,0.0,0.0,0.0,0.00,0.00,0.00,0.07,0.07,0.00,0.00,0.00,0.00,0.00,0.02,0.02
Ryan Bertrand,Southampton,7,620,0.0,0.0,0.0,0.06+0.06,0.06+0.06,0.51+0.51,1.75,1.54,0.01,0.01,0.07,0.08,0.08,0.25,0.22
Shane Long,Southampton,5,21,0.0,0.0,0.0,0.04+0.04,0.04+0.04,0.00,0.0,0.00,0.19,0.19,0.00,0.19,0.19,0.00,0.00
Jay Rodriguez,Burnley,4,130,0.0,0.0,0.0,0.12+0.12,0.12+0.12,0.42+0.42,0.51,0.00,0.08,0.08,0.29,0.37,0.37,0.35,0.00
Phil Bardsley,Burnley,3,270,0.0,0.0,0.0,0.06+0.06,0.06+0.06,0.00,0.13,0.10,0.02,0.02,0.00,0.02,0.02,0.04,0.03
Fabian Delph,Everton,3,151,0.0,0.0,0.0,0.01+0.01,0.01+0.01,0.03+0.03,0.42,0.38,0.01,0.01,0.02,0.03,0.03,0.25,0.22
Matt Targett,Aston Villa,6,540,0.0,0.0,0.0,0.18+0.18,0.18+0.18,0.17+0.17,1.33,1.19,0.03,0.03,0.03,0.06,0.06,0.22,0.20
Kyle Walker-Peters,Southampton,7,630,0.0,0.0,1.0,0.16+0.16,0.16+0.16,0.48-0.52,1.74,1.36,0.02,0.02,0.07,0.09,0.09,0.25,0.19
Erik Pieters,Burnley,2,141,0.0,0.0,0.0,0.06+0.06,0.06+0.06,0.00,0.09,0.09,0.04,0.04,0.00,0.04,0.04,0.06,0.06
Xherdan Shaqiri,Liverpool,1,18,0.0,0.0,1.0,0.00,0.00,0.39-0.61,0.44,0.05,0.00,0.00,1.95,1.95,1.95,2.18,0.24
Adama Traoré,Wolverhampton Wanderers,7,307,0.0,0.0,0.0,0.25+0.25,0.25+0.25,0.31+0.31,0.74,0.21,0.07,0.07,0.09,0.16,0.16,0.22,0.06
Harrison Reed,Fulham,4,214,0.0,0.0,1.0,0.04+0.04,0.04+0.04,0.10-0.90,0.26,0.16,0.02,0.02,0.04,0.06,0.06,0.11,0.07
Harry Winks,Tottenham,4,255,0.0,0.0,0.0,0.00,0.00,0.02+0.02,1.5,1.48,0.00,0.00,0.01,0.01,0.01,0.53,0.52
Sam Johnstone,West Bromwich Albion,7,630,0.0,0.0,0.0,0.00,0.00,0.00,0.04,0.04,0.00,0.00,0.00,0.00,0.00,0.01,0.01
Joseph Gomez,Liverpool,6,504,0.0,0.0,0.0,0.00,0.00,0.07+0.07,2.09,2.02,0.00,0.00,0.01,0.01,0.01,0.37,0.36
Luke Shaw,Manchester United,6,540,0.0,0.0,0.0,0.05+0.05,0.05+0.05,0.22+0.22,0.94,0.85,0.01,0.01,0.04,0.04,0.04,0.16,0.14
Sam Field,West Bromwich Albion,3,56,0.0,0.0,0.0,0.00,0.00,0.00,0.0,0.00,0.00,0.00,0.00,0.00,0.00,0.00,0.00
Tyler Roberts,Leeds,5,194,0.0,0.0,0.0,0.07+0.07,0.07+0.07,0.59+0.59,1.1,0.53,0.03,0.03,0.27,0.30,0.30,0.51,0.24
Matej Vydra,Burnley,4,118,0.0,0.0,0.0,0.31+0.31,0.31+0.31,0.31+0.31,0.68,0.06,0.24,0.24,0.23,0.47,0.47,0.52,0.05
Tom Davies,Everton,3,92,0.0,0.0,0.0,0.00,0.00,0.00,0.1,0.10,0.00,0.00,0.00,0.00,0.00,0.10,0.10
Keinan Davis,Aston Villa,1,24,0.0,0.0,0.0,0.00,0.00,0.03+0.03,0.14,0.14,0.00,0.00,0.10,0.10,0.10,0.54,0.54
Jonjoe Kenny,Everton,1,78,0.0,0.0,0.0,0.00,0.00,0.00,0.24,0.24,0.00,0.00,0.00,0.00,0.00,0.28,0.28
Felipe Anderson,West Ham,2,2,0.0,0.0,0.0,0.00,0.00,0.00,0.05,0.05,0.00,0.00,0.00,0.00,0.00,2.27,2.27
Alisson,Liverpool,5,450,0.0,0.0,0.0,0.00,0.00,0.00,0.63,0.63,0.00,0.00,0.00,0.00,0.00,0.13,0.13
Mario Lemina,Fulham,4,152,0.0,0.0,0.0,0.02+0.02,0.02+0.02,0.02+0.02,0.23,0.19,0.01,0.01,0.01,0.03,0.03,0.14,0.11
Moise Kean,Everton,2,10,0.0,0.0,0.0,0.02+0.02,0.02+0.02,0.00,0.02,0.00,0.20,0.20,0.00,0.20,0.20,0.20,0.00
Allan,Everton,6,540,0.0,0.0,0.0,0.03+0.03,0.03+0.03,0.07+0.07,2.42,2.36,0.00,0.00,0.01,0.02,0.02,0.40,0.39
Emil Krafth,Newcastle United,2,180,0.0,0.0,0.0,0.00,0.00,0.08+0.08,1.03,0.95,0.00,0.00,0.04,0.04,0.04,0.52,0.47
Marcos Alonso,Chelsea,3,228,0.0,0.0,0.0,0.08+0.08,0.08+0.08,0.02+0.02,0.31,0.28,0.03,0.03,0.01,0.04,0.04,0.12,0.11
Matthew Lowton,Burnley,2,180,0.0,0.0,0.0,0.01+0.01,0.01+0.01,0.32+0.32,0.48,0.14,0.01,0.01,0.16,0.17,0.17,0.24,0.07
Johann Berg Gudmundsson,Burnley,3,175,0.0,0.0,0.0,0.09+0.09,0.09+0.09,0.10+0.10,0.13,0.08,0.05,0.05,0.05,0.10,0.10,0.07,0.04
James Tarkowski,Burnley,4,360,0.0,0.0,0.0,0.79+0.79,0.79+0.79,0.16+0.16,0.19,0.19,0.20,0.20,0.04,0.24,0.24,0.05,0.05
David Luiz,Arsenal,5,322,0.0,0.0,0.0,0.08+0.08,0.08+0.08,0.00,0.74,0.74,0.02,0.02,0.00,0.02,0.02,0.21,0.21
Michy Batshuayi,Crystal Palace,5,276,0.0,0.0,1.0,0.42+0.42,0.42+0.42,0.75-0.25,1.28,0.86,0.14,0.14,0.24,0.38,0.38,0.42,0.28
Islam Slimani,Leicester,1,17,0.0,0.0,0.0,0.10+0.10,0.10+0.10,0.08+0.08,0.18,0.00,0.53,0.53,0.41,0.94,0.94,0.94,0.00
Ryan Fraser,Newcastle United,5,180,0.0,0.0,0.0,0.03+0.03,0.03+0.03,0.00,0.08,0.05,0.01,0.01,0.00,0.01,0.01,0.04,0.03
Ahmed Elmohamady,Aston Villa,2,29,0.0,0.0,0.0,0.00,0.00,0.05+0.05,0.06,0.06,0.00,0.00,0.14,0.14,0.14,0.18,0.18
Jake Livermore,West Bromwich Albion,7,572,0.0,0.0,0.0,0.16+0.16,0.16+0.16,0.14+0.14,0.45,0.30,0.02,0.02,0.02,0.05,0.05,0.07,0.05
Robert Snodgrass,West Ham,1,1,0.0,0.0,0.0,0.00,0.00,0.00,0.0,0.00,0.00,0.00,0.00,0.00,0.00,0.00,0.00
Shkodran Mustafi,Arsenal,2,42,0.0,0.0,0.0,0.00,0.00,0.00,0.06,0.06,0.00,0.00,0.00,0.00,0.00,0.14,0.14
Javier Manquillo,Newcastle United,4,301,0.0,0.0,0.0,0.02+0.02,0.02+0.02,0.04+0.04,0.33,0.26,0.01,0.01,0.01,0.02,0.02,0.10,0.08
Abdoulaye Doucouré,Everton,7,568,0.0,0.0,1.0,0.30+0.30,0.30+0.30,1.08+0.08,3.36,2.84,0.05,0.05,0.17,0.22,0.22,0.53,0.45
Jack Stephens,Southampton,3,223,0.0,0.0,0.0,0.09+0.09,0.09+0.09,0.00,0.35,0.35,0.04,0.04,0.00,0.04,0.04,0.14,0.14
Oliver McBurnie,Sheffield United,7,426,0.0,0.0,0.0,0.95+0.95,0.95+0.95,0.23+0.23,1.89,0.80,0.20,0.20,0.05,0.25,0.25,0.40,0.17
Matt Phillips,West Bromwich Albion,5,54,0.0,0.0,0.0,0.02+0.02,0.02+0.02,0.15+0.15,0.15,0.00,0.03,0.03,0.24,0.27,0.27,0.24,0.00
Hal Robson-Kanu,West Bromwich Albion,3,80,0.0,0.0,0.0,0.08+0.08,0.08+0.08,0.03+0.03,0.11,0.03,0.09,0.09,0.03,0.12,0.12,0.12,0.03
Eric Bailly,Manchester United,2,95,0.0,0.0,0.0,0.00,0.00,0.00,0.0,0.00,0.00,0.00,0.00,0.00,0.00,0.00,0.00
Paul Pogba,Manchester United,6,367,0.0,0.0,0.0,0.16+0.16,0.16+0.16,0.05+0.05,0.94,0.76,0.04,0.04,0.01,0.05,0.05,0.23,0.19
Kevin Long,Burnley,6,540,0.0,0.0,0.0,0.09+0.09,0.09+0.09,0.02+0.02,0.43,0.43,0.02,0.02,0.00,0.02,0.02,0.07,0.07
Rob Holding,Arsenal,4,360,0.0,0.0,0.0,0.00,0.00,0.00,0.7,0.70,0.00,0.00,0.00,0.00,0.00,0.18,0.18
Ainsley Maitland-Niles,Arsenal,4,186,0.0,0.0,0.0,0.05+0.05,0.05+0.05,0.00,0.63,0.58,0.02,0.02,0.00,0.02,0.02,0.30,0.28
Arthur Masuaku,West Ham,6,540,0.0,0.0,1.0,0.12+0.12,0.12+0.12,1.69+0.69,2.57,1.24,0.02,0.02,0.28,0.30,0.30,0.43,0.21
Nampalys Mendy,Leicester,7,620,0.0,0.0,1.0,0.01+0.01,0.01+0.01,0.11-0.89,1.04,0.92,0.00,0.00,0.02,0.02,0.02,0.15,0.13
Trent Alexander-Arnold,Liverpool,7,630,0.0,0.0,1.0,0.44+0.44,0.44+0.44,1.63+0.63,4.84,4.30,0.06,0.06,0.23,0.30,0.30,0.69,0.61
Lucas Digne,Everton,6,523,0.0,0.0,2.0,0.08+0.08,0.08+0.08,1.06-0.94,1.87,1.30,0.01,0.01,0.18,0.20,0.20,0.32,0.22
Pablo Hernández,Leeds,4,155,0.0,0.0,0.0,0.73+0.73,0.73+0.73,0.09+0.09,1.45,0.66,0.42,0.42,0.05,0.48,0.48,0.84,0.38
Vicente Guaita,Crystal Palace,7,630,0.0,0.0,0.0,0.00,0.00,0.00,0.8,0.80,0.00,0.00,0.00,0.00,0.00,0.11,0.11
Mateo Kovacic,Chelsea,3,134,0.0,0.0,0.0,0.01+0.01,0.01+0.01,0.00,1.15,1.14,0.00,0.00,0.00,0.00,0.00,0.77,0.77
Alphonse Areola,Fulham,6,540,0.0,0.0,0.0,0.00,0.00,0.00,0.79,0.79,0.00,0.00,0.00,0.00,0.00,0.13,0.13
Thomas Partey,Arsenal,3,186,0.0,0.0,0.0,0.02+0.02,0.02+0.02,0.03+0.03,0.24,0.20,0.01,0.01,0.01,0.02,0.02,0.12,0.10
João Cancelo,Manchester City,3,270,0.0,0.0,1.0,0.05+0.05,0.05+0.05,0.73-0.27,2.56,1.93,0.02,0.02,0.24,0.26,0.26,0.85,0.64
André Gomes,Everton,5,374,0.0,0.0,0.0,0.07+0.07,0.07+0.07,0.10+0.10,1.02,0.85,0.02,0.02,0.02,0.04,0.04,0.25,0.20
Mat Ryan,Brighton,6,540,0.0,0.0,0.0,0.00,0.00,0.00,0.77,0.77,0.00,0.00,0.00,0.00,0.00,0.13,0.13
Dani Ceballos,Arsenal,6,391,0.0,0.0,1.0,0.13+0.13,0.13+0.13,1.24+0.24,2.28,2.03,0.03,0.03,0.28,0.31,0.31,0.52,0.47
Rodri,Manchester City,6,540,0.0,0.0,0.0,0.10+0.10,0.10+0.10,0.12+0.12,3.24,3.07,0.02,0.02,0.02,0.04,0.04,0.54,0.51
Aymeric Laporte,Manchester City,2,180,0.0,0.0,0.0,0.14+0.14,0.14+0.14,0.09+0.09,1.34,1.34,0.07,0.07,0.04,0.11,0.11,0.67,0.67
Christian Pulisic,Chelsea,3,177,0.0,0.0,0.0,0.23+0.23,0.23+0.23,0.06+0.06,0.87,0.66,0.12,0.12,0.03,0.15,0.15,0.44,0.33
Oleksandr Zinchenko,Manchester City,1,11,0.0,0.0,0.0,0.00,0.00,0.00,0.12,0.12,0.00,0.00,0.00,0.00,0.00,1.00,1.00
Issa Diop,West Ham,2,180,0.0,0.0,0.0,0.00,0.00,0.00,0.03,0.03,0.00,0.00,0.00,0.00,0.00,0.01,0.01
Thiago Silva,Chelsea,4,345,0.0,0.0,0.0,0.06+0.06,0.06+0.06,0.06+0.06,1.34,1.34,0.01,0.01,0.02,0.03,0.03,0.35,0.35
Edinson Cavani,Manchester United,2,46,0.0,0.0,0.0,0.17+0.17,0.17+0.17,0.00,0.12,0.00,0.33,0.33,0.00,0.33,0.33,0.24,0.00
Maxime Le Marchand,Fulham,2,118,0.0,0.0,0.0,0.01+0.01,0.01+0.01,0.00,0.25,0.25,0.01,0.01,0.00,0.01,0.01,0.19,0.19
Benjamin Mendy,Manchester City,3,252,0.0,0.0,0.0,0.03+0.03,0.03+0.03,0.06+0.06,0.47,0.45,0.01,0.01,0.02,0.03,0.03,0.17,0.16
Fabinho,Liverpool,6,480,0.0,0.0,0.0,0.05+0.05,0.05+0.05,0.10+0.10,2.16,2.06,0.01,0.01,0.02,0.03,0.03,0.40,0.39
João Moutinho,Wolverhampton Wanderers,7,363,0.0,0.0,0.0,0.05+0.05,0.05+0.05,0.34+0.34,0.84,0.67,0.01,0.01,0.08,0.10,0.10,0.21,0.17
Said Benrahma,West Ham,1,1,0.0,0.0,0.0,0.00,0.00,0.00,0.0,0.00,0.00,0.00,0.00,0.00,0.00,0.00,0.00
Bernardo Silva,Manchester City,4,273,0.0,0.0,0.0,0.25+0.25,0.25+0.25,0.06+0.06,2.01,1.70,0.08,0.08,0.02,0.10,0.10,0.66,0.56
Ivan Cavaleiro,Fulham,6,430,0.0,0.0,0.0,0.09+0.09,0.09+0.09,0.29+0.29,0.87,0.63,0.02,0.02,0.06,0.08,0.08,0.18,0.13
Ahmed Hegazy,West Bromwich Albion,1,90,0.0,0.0,0.0,0.00,0.00,0.00,0.18,0.18,0.00,0.00,0.00,0.00,0.00,0.18,0.18
Darnell Furlong,West Bromwich Albion,6,520,0.0,0.0,1.0,0.16+0.16,0.16+0.16,0.71-0.29,0.63,0.39,0.03,0.03,0.12,0.15,0.15,0.11,0.07
Emiliano Martinez,Aston Villa,6,540,0.0,0.0,0.0,0.00,0.00,0.00,1.05,1.05,0.00,0.00,0.00,0.00,0.00,0.18,0.18
Ashley Barnes,Burnley,4,324,0.0,0.0,0.0,0.64+0.64,0.64+0.64,0.18+0.18,0.9,0.31,0.18,0.18,0.05,0.23,0.23,0.25,0.09
Semi Ajayi,West Bromwich Albion,6,540,0.0,0.0,0.0,0.00,0.00,0.00,0.15,0.15,0.00,0.00,0.00,0.00,0.00,0.02,0.02
Aboubakar Kamara,Fulham,5,221,0.0,0.0,0.0,0.64+0.64,0.64+0.64,0.14+0.14,0.85,0.13,0.26,0.26,0.06,0.32,0.32,0.35,0.05
Kepa,Chelsea,3,270,0.0,0.0,0.0,0.00,0.00,0.00,0.15,0.15,0.00,0.00,0.00,0.00,0.00,0.05,0.05
Bernardo,Brighton,1,21,0.0,0.0,0.0,0.00,0.00,0.00,0.0,0.00,0.00,0.00,0.00,0.00,0.00,0.00,0.00
Naby Keita,Liverpool,4,254,0.0,0.0,0.0,0.30+0.30,0.30+0.30,0.06+0.06,2.06,1.70,0.11,0.11,0.02,0.13,0.13,0.73,0.60
Oliver Burke,Sheffield United,4,255,0.0,0.0,0.0,0.25+0.25,0.25+0.25,0.14+0.14,0.43,0.04,0.09,0.09,0.05,0.14,0.14,0.15,0.01
Caglar Söyüncü,Leicester,4,360,0.0,0.0,0.0,0.10+0.10,0.10+0.10,0.11+0.11,0.49,0.49,0.03,0.03,0.03,0.05,0.05,0.12,0.12
Michael Hector,Fulham,3,242,0.0,0.0,0.0,0.09+0.09,0.09+0.09,0.02+0.02,0.39,0.37,0.03,0.03,0.01,0.04,0.04,0.15,0.14
Wilfred Ndidi,Leicester,2,180,0.0,0.0,0.0,0.00,0.00,0.00,0.57,0.57,0.00,0.00,0.00,0.00,0.00,0.29,0.29
Luka Milivojevic,Crystal Palace,6,221,0.0,0.0,0.0,0.13+0.13,0.13+0.13,0.16+0.16,0.72,0.72,0.05,0.05,0.07,0.12,0.12,0.29,0.29
Nick Pope,Burnley,6,540,0.0,0.0,0.0,0.00,0.00,0.00,0.16,0.16,0.00,0.00,0.00,0.00,0.00,0.03,0.03
Declan Rice,West Ham,7,630,0.0,0.0,0.0,0.17+0.17,0.17+0.17,0.26+0.26,1.6,1.34,0.02,0.02,0.04,0.06,0.06,0.23,0.19
Scott McTominay,Manchester United,5,395,0.0,0.0,0.0,0.16+0.16,0.16+0.16,0.41+0.41,1.17,0.94,0.04,0.04,0.09,0.13,0.13,0.27,0.21
Rekeem Harper,West Bromwich Albion,1,20,0.0,0.0,0.0,0.00,0.00,0.00,0.0,0.00,0.00,0.00,0.00,0.00,0.00,0.00,0.00
Rhian Brewster,Sheffield United,3,170,0.0,0.0,0.0,0.57+0.57,0.57+0.57,0.13+0.13,0.81,0.10,0.30,0.30,0.07,0.37,0.37,0.43,0.06
Tosin Adarabioyo,Fulham,3,270,0.0,0.0,0.0,0.05+0.05,0.05+0.05,0.00,0.23,0.23,0.02,0.02,0.00,0.02,0.02,0.08,0.08
Daniel James,Manchester United,3,188,0.0,0.0,0.0,0.29+0.29,0.29+0.29,0.12+0.12,0.55,0.16,0.14,0.14,0.06,0.20,0.20,0.26,0.07
Aaron Ramsdale,Sheffield United,7,630,0.0,0.0,0.0,0.00,0.00,0.05+0.05,0.65,0.60,0.00,0.00,0.01,0.01,0.01,0.09,0.09
Giovani Lo Celso,Tottenham,4,152,0.0,0.0,0.0,0.46+0.46,0.46+0.46,0.38+0.38,1.61,1.19,0.27,0.27,0.23,0.50,0.50,0.95,0.71
Fernando Marçal,Wolverhampton Wanderers,4,119,0.0,0.0,0.0,0.06+0.06,0.06+0.06,0.08+0.08,0.57,0.43,0.05,0.05,0.06,0.11,0.11,0.43,0.33
Kenny Tete,Fulham,2,128,0.0,0.0,1.0,0.00,0.00,0.19-0.81,0.29,0.10,0.00,0.00,0.13,0.13,0.13,0.20,0.07
Jan Bednarek,Southampton,7,545,0.0,0.0,0.0,0.10+0.10,0.10+0.10,0.04+0.04,1.45,1.41,0.02,0.02,0.01,0.02,0.02,0.24,0.23
Charlie Taylor,Burnley,6,540,0.0,0.0,0.0,0.03+0.03,0.03+0.03,0.10+0.10,1.15,1.05,0.00,0.00,0.02,0.02,0.02,0.19,0.18
Lewis Dunk,Brighton,5,450,0.0,0.0,0.0,0.64+0.64,0.64+0.64,0.01+0.01,1.38,1.38,0.13,0.13,0.00,0.13,0.13,0.28,0.28
Dale Stephens,Burnley,3,209,0.0,0.0,0.0,0.05+0.05,0.05+0.05,0.00,0.16,0.10,0.02,0.02,0.00,0.02,0.02,0.07,0.04
Ederson,Manchester City,6,540,0.0,0.0,0.0,0.00,0.00,0.00,1.36,1.36,0.00,0.00,0.00,0.00,0.00,0.23,0.23
Isaac Hayden,Newcastle United,6,418,0.0,0.0,0.0,0.03+0.03,0.03+0.03,0.03+0.03,1.29,1.25,0.01,0.01,0.01,0.01,0.01,0.28,0.27
Victor Lindelöf,Manchester United,5,450,0.0,0.0,0.0,0.13+0.13,0.13+0.13,0.09+0.09,0.76,0.76,0.03,0.03,0.02,0.04,0.04,0.15,0.15
Douglas Luiz,Aston Villa,6,533,0.0,0.0,1.0,0.14+0.14,0.14+0.14,0.53-0.47,1.34,0.73,0.02,0.02,0.09,0.11,0.11,0.23,0.12
Cengiz Ünder,Leicester,3,65,0.0,0.0,2.0,0.00,0.00,1.42-0.58,2.01,0.59,0.00,0.00,1.97,1.97,1.97,2.78,0.82
Nélson Semedo,Wolverhampton Wanderers,5,422,0.0,0.0,0.0,0.43+0.43,0.43+0.43,0.07+0.07,1.52,1.08,0.09,0.09,0.02,0.11,0.11,0.33,0.23
Davinson Sánchez,Tottenham,4,360,0.0,0.0,0.0,0.25+0.25,0.25+0.25,0.00,0.92,0.92,0.06,0.06,0.00,0.06,0.06,0.23,0.23
Robin Koch,Leeds,7,630,0.0,0.0,0.0,0.34+0.34,0.34+0.34,0.00,3.06,3.03,0.05,0.05,0.00,0.05,0.05,0.44,0.43
Andriy Yarmolenko,West Ham,5,90,0.0,0.0,0.0,0.11+0.11,0.11+0.11,0.03+0.03,0.17,0.05,0.11,0.11,0.03,0.14,0.14,0.17,0.05
Joachim Andersen,Fulham,1,90,0.0,0.0,0.0,0.02+0.02,0.02+0.02,0.00,0.03,0.03,0.02,0.02,0.00,0.02,0.02,0.03,0.03
Ethan Ampadu,Sheffield United,4,305,0.0,0.0,0.0,0.04+0.04,0.04+0.04,0.11+0.11,0.46,0.46,0.01,0.01,0.03,0.04,0.04,0.14,0.14
Joe Rodon,Tottenham,1,1,0.0,0.0,0.0,0.00,0.00,0.00,0.0,0.00,0.00,0.00,0.00,0.00,0.00,0.00,0.00
Hamza Choudhury,Leicester,2,11,0.0,0.0,0.0,0.00,0.00,0.00,0.1,0.10,0.00,0.00,0.00,0.00,0.00,0.82,0.82
Ben Johnson,West Ham,1,40,0.0,0.0,0.0,0.00,0.00,0.00,0.0,0.00,0.00,0.00,0.00,0.00,0.00,0.00,0.00
Franck Zambo,Fulham,7,543,0.0,0.0,1.0,0.37+0.37,0.37+0.37,0.56-0.44,2.13,1.39,0.06,0.06,0.09,0.16,0.16,0.35,0.23
Ferrán Torres,Manchester City,4,179,0.0,0.0,1.0,1.44+1.44,1.44+1.44,0.14-0.86,1.62,0.06,0.72,0.72,0.07,0.80,0.80,0.82,0.03
Cenk Tosun,Everton,1,20,0.0,0.0,0.0,0.00,0.00,0.07+0.07,0.11,0.03,0.00,0.00,0.33,0.33,0.33,0.49,0.15
Michael Obafemi,Southampton,1,12,0.0,0.0,0.0,0.00,0.00,0.00,0.07,0.07,0.00,0.00,0.00,0.00,0.00,0.50,0.50
Curtis Jones,Liverpool,3,120,0.0,0.0,0.0,0.03+0.03,0.03+0.03,0.03+0.03,0.28,0.22,0.02,0.02,0.02,0.04,0.04,0.21,0.17
Ibrahima Diallo,Southampton,3,14,0.0,0.0,0.0,0.00,0.00,0.04+0.04,0.06,0.02,0.00,0.00,0.24,0.24,0.24,0.38,0.14
Dwight McNeil,Burnley,6,540,0.0,0.0,1.0,0.04+0.04,0.04+0.04,0.44-0.56,0.65,0.50,0.01,0.01,0.07,0.08,0.08,0.11,0.08
Fred,Manchester United,5,288,0.0,0.0,0.0,0.10+0.10,0.10+0.10,0.03+0.03,0.44,0.41,0.03,0.03,0.01,0.04,0.04,0.14,0.13
Joe Bryan,Fulham,5,338,0.0,0.0,0.0,0.08+0.08,0.08+0.08,0.10+0.10,0.54,0.43,0.02,0.02,0.03,0.05,0.05,0.14,0.11
Neeskens Kebano,Fulham,4,111,0.0,0.0,0.0,0.27+0.27,0.27+0.27,0.00,0.24,0.02,0.22,0.22,0.00,0.22,0.22,0.20,0.02
Alireza Jahanbakhsh,Brighton,3,21,0.0,0.0,1.0,0.15+0.15,0.15+0.15,0.82-0.18,1.1,0.70,0.65,0.65,3.53,4.18,4.18,4.71,3.00
Rui Patrício,Wolverhampton Wanderers,7,630,0.0,0.0,0.0,0.00,0.00,0.00,0.08,0.08,0.00,0.00,0.00,0.00,0.00,0.01,0.01
Willy Boly,Wolverhampton Wanderers,7,630,0.0,0.0,0.0,0.16+0.16,0.16+0.16,0.00,0.7,0.70,0.02,0.02,0.00,0.02,0.02,0.10,0.10
Conor Coady,Wolverhampton Wanderers,7,630,0.0,0.0,0.0,0.00,0.00,0.05+0.05,0.56,0.51,0.00,0.00,0.01,0.01,0.01,0.08,0.07
Matt Doherty,Tottenham,5,436,0.0,0.0,0.0,0.31+0.31,0.31+0.31,0.12+0.12,2.37,2.34,0.06,0.06,0.02,0.09,0.09,0.49,0.48
Rúben Neves,Wolverhampton Wanderers,7,463,0.0,0.0,0.0,0.43+0.43,0.43+0.43,0.26+0.26,1.43,0.87,0.08,0.08,0.05,0.13,0.13,0.28,0.17
Rúben Vinagre,Wolverhampton Wanderers,2,173,0.0,0.0,0.0,0.00,0.00,0.00,0.18,0.18,0.00,0.00,0.00,0.00,0.00,0.09,0.09
Edouard Mendy,Chelsea,3,270,0.0,0.0,0.0,0.00,0.00,0.00,0.03,0.03,0.00,0.00,0.00,0.00,0.00,0.01,0.01
Ryan Fredericks,West Ham,3,230,0.0,0.0,1.0,0.00,0.00,1.10+0.10,0.54,0.14,0.00,0.00,0.43,0.43,0.43,0.21,0.05
Stuart Armstrong,Southampton,5,428,0.0,0.0,2.0,0.42+0.42,0.42+0.42,0.41-1.59,1.13,0.55,0.09,0.09,0.09,0.17,0.17,0.24,0.12
Robin Olsen,Everton,1,90,0.0,0.0,0.0,0.00,0.00,0.00,0.0,0.00,0.00,0.00,0.00,0.00,0.00,0.00,0.00
Bernard,Everton,2,72,0.0,0.0,0.0,0.00,0.00,0.16+0.16,0.35,0.21,0.00,0.00,0.20,0.20,0.20,0.44,0.27
Denis Odoi,Fulham,3,270,0.0,0.0,0.0,0.04+0.04,0.04+0.04,0.05+0.05,0.43,0.39,0.01,0.01,0.02,0.03,0.03,0.14,0.13
Sean Longstaff,Newcastle United,4,102,0.0,0.0,0.0,0.16+0.16,0.16+0.16,0.07+0.07,0.32,0.17,0.14,0.14,0.06,0.19,0.19,0.28,0.15
Tim Ream,Fulham,5,450,0.0,0.0,0.0,0.00,0.00,0.00,0.62,0.62,0.00,0.00,0.00,0.00,0.00,0.12,0.12
Sergio Reguilón,Tottenham,3,270,0.0,0.0,2.0,0.10+0.10,0.10+0.10,1.09-0.91,1.39,0.72,0.03,0.03,0.36,0.40,0.40,0.46,0.24
Leander Dendoncker,Wolverhampton Wanderers,6,460,0.0,0.0,0.0,0.53+0.53,0.53+0.53,0.24+0.24,1.43,0.75,0.10,0.10,0.05,0.15,0.15,0.28,0.15
Ben White,Brighton,7,623,0.0,0.0,0.0,0.05+0.05,0.05+0.05,0.06+0.06,1.79,1.74,0.01,0.01,0.01,0.02,0.02,0.26,0.25
Max Kilman,Wolverhampton Wanderers,4,360,0.0,0.0,1.0,0.00,0.00,0.16-0.84,0.42,0.33,0.00,0.00,0.04,0.04,0.04,0.11,0.08
Dan Burn,Brighton,4,290,0.0,0.0,0.0,0.12+0.12,0.12+0.12,0.00,0.51,0.51,0.04,0.04,0.00,0.04,0.04,0.16,0.16
Miguel Almirón,Newcastle United,6,298,0.0,0.0,1.0,0.27+0.27,0.27+0.27,0.71-0.29,1.42,0.63,0.08,0.08,0.21,0.30,0.30,0.43,0.19
Mason Greenwood,Manchester United,5,277,0.0,0.0,0.0,0.59+0.59,0.59+0.59,0.20+0.20,0.73,0.04,0.19,0.19,0.06,0.26,0.26,0.24,0.01
Wesley Fofana,Leicester,3,270,0.0,0.0,0.0,0.00,0.00,0.00,0.44,0.44,0.00,0.00,0.00,0.00,0.00,0.15,0.15
Ben Godfrey,Everton,2,150,0.0,0.0,0.0,0.00,0.00,0.03+0.03,0.1,0.10,0.00,0.00,0.02,0.02,0.02,0.06,0.06
Jamal Lewis,Newcastle United,7,558,0.0,0.0,0.0,0.00,0.00,0.25+0.25,1.48,1.25,0.00,0.00,0.04,0.04,0.04,0.24,0.20
Adam Webster,Brighton,7,630,0.0,0.0,0.0,0.37+0.37,0.37+0.37,0.07+0.07,1.63,1.55,0.05,0.05,0.01,0.06,0.06,0.23,0.22
John Egan,Sheffield United,6,461,0.0,0.0,0.0,0.05+0.05,0.05+0.05,0.00,1.23,1.23,0.01,0.01,0.00,0.01,0.01,0.24,0.24
Chris Basham,Sheffield United,7,575,0.0,0.0,0.0,0.12+0.12,0.12+0.12,0.41+0.41,1.24,0.71,0.02,0.02,0.06,0.08,0.08,0.19,0.11
Jack O'Connell,Sheffield United,2,180,0.0,0.0,0.0,0.00,0.00,0.00,0.0,0.00,0.00,0.00,0.00,0.00,0.00,0.00,0.00
George Baldock,Sheffield United,7,630,0.0,0.0,1.0,0.20+0.20,0.20+0.20,1.10+0.10,1.63,1.30,0.03,0.03,0.16,0.19,0.19,0.23,0.19
Enda Stevens,Sheffield United,7,630,0.0,0.0,0.0,0.20+0.20,0.20+0.20,0.08+0.08,1.9,1.76,0.03,0.03,0.01,0.04,0.04,0.27,0.25
John Lundstram,Sheffield United,7,539,0.0,0.0,0.0,1.37+1.37,0.61+0.61,0.73+0.73,2.66,1.43,0.23,0.10,0.12,0.35,0.22,0.44,0.24
John Fleck,Sheffield United,3,183,0.0,0.0,0.0,0.04+0.04,0.04+0.04,0.10+0.10,0.15,0.10,0.02,0.02,0.05,0.07,0.07,0.08,0.05
Oliver Norwood,Sheffield United,4,217,0.0,0.0,0.0,0.00,0.00,0.06+0.06,1.25,1.22,0.00,0.00,0.02,0.02,0.02,0.52,0.51
Ben Osborn,Sheffield United,5,322,0.0,0.0,0.0,0.19+0.19,0.19+0.19,0.61+0.61,0.97,0.76,0.05,0.05,0.17,0.22,0.22,0.27,0.21
Trézéguet,Aston Villa,6,480,0.0,0.0,1.0,0.70+0.70,0.70+0.70,1.56+0.56,2.34,0.91,0.13,0.13,0.29,0.42,0.42,0.44,0.17
Daniel N'Lundulu,Southampton,1,1,0.0,0.0,0.0,0.00,0.00,0.00,0.0,0.00,0.00,0.00,0.00,0.00,0.00,0.00,0.00
Steven Alzate,Brighton,5,357,0.0,0.0,0.0,0.16+0.16,0.16+0.16,0.80+0.80,2.16,1.76,0.04,0.04,0.20,0.24,0.24,0.54,0.44
Raphinha,Leeds,2,12,0.0,0.0,0.0,0.10+0.10,0.10+0.10,0.00,0.54,0.54,0.78,0.78,0.00,0.78,0.78,4.08,4.08
Marvelous Nakamba,Aston Villa,2,8,0.0,0.0,0.0,0.02+0.02,0.02+0.02,0.00,0.07,0.05,0.25,0.25,0.00,0.25,0.25,0.76,0.51
Eric Garcia,Manchester City,2,180,0.0,0.0,0.0,0.01+0.01,0.01+0.01,0.01+0.01,0.32,0.31,0.01,0.01,0.00,0.01,0.01,0.16,0.16
Kieran Tierney,Arsenal,6,533,0.0,0.0,0.0,0.03+0.03,0.03+0.03,0.26+0.26,1.54,1.37,0.00,0.00,0.04,0.05,0.05,0.26,0.23
Niels Nkounkou,Everton,1,70,0.0,0.0,0.0,0.02+0.02,0.02+0.02,0.00,0.03,0.01,0.02,0.02,0.00,0.02,0.02,0.04,0.02
Anthony Gordon,Everton,1,31,0.0,0.0,0.0,0.00,0.00,0.00,0.14,0.14,0.00,0.00,0.00,0.00,0.00,0.39,0.39
Tyrick Mitchell,Crystal Palace,6,540,0.0,0.0,0.0,0.11+0.11,0.11+0.11,0.00,1.45,1.34,0.02,0.02,0.00,0.02,0.02,0.24,0.22
William Smallbone,Southampton,2,111,0.0,0.0,0.0,0.00,0.00,0.00,0.02,0.02,0.00,0.00,0.00,0.00,0.00,0.02,0.02
Oskar Buur,Wolverhampton Wanderers,1,20,0.0,0.0,0.0,0.00,0.00,0.00,0.0,0.00,0.00,0.00,0.00,0.00,0.00,0.00,0.00
Nathaniel Phillips,Liverpool,1,90,0.0,0.0,0.0,0.00,0.00,0.03+0.03,0.07,0.05,0.00,0.00,0.03,0.03,0.03,0.07,0.05
Takumi Minamino,Liverpool,4,49,0.0,0.0,0.0,0.07+0.07,0.07+0.07,0.00,0.09,0.02,0.13,0.13,0.00,0.13,0.13,0.17,0.04
Jack Robinson,Sheffield United,3,252,0.0,0.0,0.0,0.55+0.55,0.55+0.55,0.00,0.55,0.55,0.20,0.20,0.00,0.20,0.20,0.20,0.20
Tomas Soucek,West Ham,7,630,0.0,0.0,0.0,1.70+1.70,1.70+1.70,0.32+0.32,2.61,1.16,0.24,0.24,0.05,0.29,0.29,0.37,0.17
Steven Bergwijn,Tottenham,4,148,0.0,0.0,0.0,0.14+0.14,0.14+0.14,0.18+0.18,1.52,1.39,0.08,0.08,0.11,0.19,0.19,0.93,0.84
Josh Brownhill,Burnley,6,540,0.0,0.0,0.0,0.31+0.31,0.31+0.31,0.42+0.42,1.56,1.22,0.05,0.05,0.07,0.12,0.12,0.26,0.20
Ki-Jana Hoever,Wolverhampton Wanderers,2,28,0.0,0.0,0.0,0.00,0.00,0.04+0.04,0.05,0.05,0.00,0.00,0.13,0.13,0.13,0.17,0.17
Nathan Tella,Southampton,3,42,0.0,0.0,0.0,0.02+0.02,0.02+0.02,0.00,0.21,0.19,0.05,0.05,0.00,0.05,0.05,0.45,0.40
Luke Thomas,Leicester,1,90,0.0,0.0,0.0,0.06+0.06,0.06+0.06,0.00,0.06,0.00,0.06,0.06,0.00,0.06,0.06,0.06,0.00
Marek Rodák,Fulham,1,90,0.0,0.0,0.0,0.00,0.00,0.00,0.02,0.02,0.00,0.00,0.00,0.00,0.00,0.02,0.02
Eberechi Eze,Crystal Palace,6,223,0.0,0.0,0.0,0.87+0.87,0.87+0.87,0.08+0.08,1.05,0.18,0.35,0.35,0.03,0.39,0.39,0.43,0.07
Illan Meslier,Leeds,7,630,0.0,0.0,0.0,0.00,0.00,0.04+0.04,2.24,2.20,0.00,0.00,0.01,0.01,0.01,0.32,0.31
Luke Ayling,Leeds,7,630,0.0,0.0,0.0,0.51+0.51,0.51+0.51,1.32+1.32,4.16,3.20,0.07,0.07,0.19,0.26,0.26,0.59,0.46
Pascal Struijk,Leeds,3,187,0.0,0.0,0.0,0.00,0.00,0.00,0.12,0.12,0.00,0.00,0.00,0.00,0.00,0.06,0.06
Kalvin Phillips,Leeds,5,450,0.0,0.0,1.0,0.05+0.05,0.05+0.05,0.68-0.32,1.02,0.80,0.01,0.01,0.14,0.15,0.15,0.20,0.16
Jamie Shackleton,Leeds,3,124,0.0,0.0,0.0,0.00,0.00,0.02+0.02,1.14,1.14,0.00,0.00,0.02,0.02,0.02,0.83,0.83
Ezgjan Alioski,Leeds,5,164,0.0,0.0,0.0,0.44+0.44,0.44+0.44,0.84+0.84,1.56,0.37,0.24,0.24,0.46,0.70,0.70,0.85,0.21
Ian Poveda-Ocampo,Leeds,4,126,0.0,0.0,0.0,0.55+0.55,0.55+0.55,0.09+0.09,0.66,0.03,0.39,0.39,0.06,0.45,0.45,0.47,0.02
Dara O'Shea,West Bromwich Albion,4,360,0.0,0.0,0.0,0.03+0.03,0.03+0.03,0.02+0.02,0.34,0.33,0.01,0.01,0.00,0.01,0.01,0.09,0.08
Romaine Sawyers,West Bromwich Albion,6,344,0.0,0.0,0.0,0.06+0.06,0.06+0.06,0.17+0.17,0.44,0.39,0.01,0.01,0.04,0.06,0.06,0.12,0.10
Kyle Edwards,West Bromwich Albion,4,109,0.0,0.0,0.0,0.12+0.12,0.12+0.12,0.02+0.02,0.19,0.05,0.10,0.10,0.02,0.12,0.12,0.16,0.04
Vitinha,Wolverhampton Wanderers,2,18,0.0,0.0,0.0,0.00,0.00,0.01+0.01,0.11,0.09,0.00,0.00,0.07,0.07,0.07,0.53,0.46
Fabio Silva,Wolverhampton Wanderers,3,38,0.0,0.0,0.0,0.10+0.10,0.10+0.10,0.01+0.01,0.11,0.01,0.24,0.24,0.03,0.27,0.27,0.27,0.03
Joël Veltman,Brighton,3,222,0.0,0.0,0.0,0.00,0.00,0.00,0.05,0.05,0.00,0.00,0.00,0.00,0.00,0.02,0.02
Liam Cooper,Leeds,4,360,0.0,0.0,0.0,0.12+0.12,0.12+0.12,0.00,2.62,2.62,0.03,0.03,0.00,0.03,0.03,0.66,0.66
Matthew Cash,Aston Villa,6,511,0.0,0.0,0.0,0.05+0.05,0.05+0.05,0.20+0.20,0.9,0.68,0.01,0.01,0.04,0.04,0.04,0.16,0.12
Liam Delap,Manchester City,1,39,0.0,0.0,0.0,0.06+0.06,0.06+0.06,0.00,0.06,0.00,0.15,0.15,0.00,0.15,0.15,0.15,0.00
