Player,Team,Cost,Role,Sel.,Form,Pts.,Minutes played,Goals scored,Assists,Clean sheets,Goals conceded,Own goals,Penalties saved,Penalties missed,Yellow cards,Red cards,Saves,Bonus,Bonus Points System,Influence,Creativity,Threat,ICT Index,Form,Times in Dream Team,Value (form),Value (season),Points per match,Transfers in,Transfers out,Price rise,Price fall
Lerma,BOU,4.9,MID,0.6%,2.7,37.0,1170.0,2.0,0.0,3.0,28.0,1.0,0.0,0.0,2.0,0.0,0.0,2.0,157.0,200.0,66.5,127.0,39.2,2.7,1.0,0.6,7.6,2.8,121775.0,131255.0,-1.0,1.0
Raya,BRE,4.6,GKP,8.3%,5.2,56.0,1170.0,0.0,0.0,4.0,22.0,0.0,0.0,0.0,0.0,0.0,54.0,7.0,284.0,396.2,10.0,0.0,40.7,5.2,0.0,1.1,12.2,4.3,739670.0,443345.0,1.0,-1.0
Toney,BRE,7.4,FWD,23.9%,3.8,70.0,1170.0,8.0,2.0,4.0,22.0,0.0,0.0,0.0,5.0,0.0,0.0,11.0,242.0,365.8,197.4,488.0,105.3,3.8,2.0,0.5,9.5,5.4,4240154.0,2527223.0,4.0,-4.0
Tarkowski,EVE,4.4,DEF,1.5%,2.7,39.0,1170.0,0.0,0.0,4.0,12.0,0.0,0.0,0.0,2.0,0.0,0.0,2.0,229.0,376.2,62.0,139.0,57.7,2.7,0.0,0.6,8.9,3.0,164465.0,94322.0,-1.0,1.0
Ward,LEI,4.1,GKP,26.2%,5.8,43.0,1170.0,0.0,0.0,4.0,25.0,0.0,0.0,0.0,0.0,0.0,37.0,5.0,239.0,301.4,0.0,0.0,30.0,5.8,0.0,1.4,10.5,3.3,1181210.0,856529.0,1.0,-1.0
Pope,NEW,5.3,GKP,20.5%,4.0,62.0,1170.0,0.0,0.0,6.0,10.0,0.0,0.0,0.0,1.0,0.0,37.0,6.0,264.0,276.0,0.0,0.0,27.5,4.0,1.0,0.8,11.7,4.8,2244525.0,727407.0,3.0,-3.0
Henderson,NFO,4.7,GKP,12.4%,4.7,61.0,1170.0,0.0,0.0,3.0,28.0,0.0,2.0,0.0,1.0,0.0,52.0,11.0,292.0,448.4,0.0,0.0,44.9,4.7,2.0,1.0,13.0,4.7,1195915.0,681672.0,2.0,-2.0
McKenna,NFO,4.4,DEF,0.1%,2.5,23.0,1170.0,0.0,0.0,3.0,28.0,0.0,0.0,0.0,4.0,0.0,0.0,0.0,187.0,216.0,82.0,28.0,32.6,2.5,0.0,0.6,5.2,1.8,8170.0,13103.0,-1.0,1.0
Bazunu,SOU,4.5,GKP,0.7%,2.8,32.0,1170.0,0.0,0.0,1.0,20.0,0.0,0.0,0.0,0.0,0.0,34.0,0.0,208.0,309.0,10.0,0.0,31.9,2.8,0.0,0.6,7.1,2.5,43593.0,49722.0,0.0,0.0
Ward-Prowse,SOU,6.3,MID,5.4%,2.2,37.0,1170.0,1.0,1.0,1.0,20.0,0.0,0.0,0.0,2.0,0.0,0.0,4.0,209.0,222.8,408.2,76.0,70.6,2.2,0.0,0.3,5.9,2.8,708816.0,1073267.0,-2.0,2.0
Lloris,TOT,5.5,GKP,5.6%,4.2,52.0,1170.0,0.0,0.0,4.0,16.0,0.0,0.0,0.0,0.0,0.0,39.0,7.0,252.0,276.4,0.0,0.0,27.6,4.2,1.0,0.8,9.5,4.0,426265.0,401577.0,0.0,0.0
Rice,WHU,4.8,MID,4.1%,3.5,41.0,1170.0,1.0,2.0,3.0,13.0,0.0,0.0,1.0,2.0,0.0,0.0,5.0,235.0,310.8,218.3,112.0,64.2,3.5,1.0,0.7,8.5,3.2,280655.0,490105.0,-2.0,2.0
Soucek,WHU,5.2,MID,0.9%,2.7,39.0,1170.0,1.0,1.0,3.0,13.0,0.0,0.0,0.0,1.0,0.0,0.0,3.0,170.0,263.4,102.1,244.0,61.1,2.7,1.0,0.5,7.5,3.0,94255.0,169343.0,-3.0,3.0
Sá,WOL,5.1,GKP,6.8%,3.5,58.0,1170.0,0.0,0.0,4.0,19.0,0.0,2.0,0.0,0.0,0.0,34.0,6.0,265.0,314.4,0.0,0.0,31.4,3.5,2.0,0.7,11.4,4.5,661392.0,426668.0,1.0,-1.0
Kilman,WOL,4.5,DEF,2.8%,1.8,39.0,1170.0,0.0,0.0,4.0,19.0,0.0,0.0,0.0,0.0,0.0,0.0,4.0,221.0,241.6,12.9,35.0,29.0,1.8,1.0,0.4,8.7,3.0,387122.0,196279.0,0.0,0.0
Ream,FUL,4.5,DEF,0.1%,2.7,29.0,1167.0,0.0,0.0,3.0,22.0,0.0,0.0,0.0,1.0,0.0,0.0,2.0,218.0,226.8,15.5,12.0,25.6,2.7,0.0,0.6,6.4,2.2,19136.0,19104.0,0.0,0.0
Henry,BRE,4.5,DEF,1.2%,3.3,37.0,1166.0,0.0,1.0,4.0,22.0,0.0,0.0,0.0,0.0,0.0,0.0,0.0,167.0,167.2,121.2,86.0,37.6,3.3,0.0,0.7,8.2,2.8,197983.0,147492.0,0.0,0.0
Mykolenko,EVE,4.5,DEF,0.8%,3.7,42.0,1165.0,0.0,1.0,4.0,12.0,0.0,0.0,0.0,2.0,0.0,0.0,2.0,196.0,217.8,146.8,56.0,42.2,3.7,1.0,0.8,9.3,3.2,104519.0,53572.0,0.0,0.0
Justin,LEI,4.3,DEF,2.1%,4.7,38.0,1162.0,0.0,2.0,4.0,25.0,0.0,0.0,0.0,0.0,0.0,0.0,1.0,232.0,189.2,135.3,40.0,36.4,4.7,0.0,1.1,8.8,2.9,246028.0,163625.0,-2.0,2.0
Mepham,BOU,4.4,DEF,0.2%,1.8,25.0,1161.0,0.0,0.0,3.0,27.0,1.0,0.0,0.0,4.0,0.0,0.0,4.0,197.0,274.8,14.5,44.0,33.3,1.8,0.0,0.4,5.7,1.9,24376.0,21848.0,-1.0,1.0
Bowen,WHU,8.1,MID,3.5%,4.7,43.0,1161.0,2.0,1.0,3.0,13.0,0.0,0.0,1.0,0.0,0.0,0.0,3.0,117.0,200.8,223.7,475.0,90.0,4.7,1.0,0.6,5.3,3.3,719507.0,987061.0,-4.0,4.0
Kane,TOT,11.6,FWD,25.1%,5.5,83.0,1156.0,10.0,2.0,5.0,15.0,0.0,0.0,1.0,4.0,0.0,0.0,17.0,320.0,475.2,306.7,832.0,161.4,5.5,1.0,0.5,7.2,6.4,2480230.0,2493943.0,1.0,-1.0
Trippier,NEW,5.8,DEF,61.8%,7.0,77.0,1155.0,1.0,3.0,7.0,9.0,0.0,0.0,0.0,2.0,0.0,0.0,12.0,352.0,337.6,568.6,63.0,97.0,7.0,1.0,1.2,13.3,5.9,5390463.0,1108568.0,8.0,-8.0
Iwobi,EVE,5.6,MID,1.9%,5.5,54.0,1152.0,1.0,5.0,4.0,12.0,0.0,0.0,0.0,1.0,0.0,0.0,5.0,215.0,273.4,292.0,63.0,62.9,5.5,1.0,1.0,9.6,4.2,223639.0,57521.0,1.0,-1.0
Smith,BOU,4.4,DEF,0.2%,3.2,30.0,1125.0,0.0,1.0,3.0,24.0,0.0,0.0,0.0,4.0,0.0,0.0,3.0,173.0,194.2,98.3,59.0,35.3,3.2,0.0,0.7,6.8,2.3,19789.0,20818.0,-1.0,1.0
De Cordova-Reid,FUL,5.5,MID,0.2%,3.8,44.0,1125.0,3.0,1.0,3.0,21.0,0.0,0.0,0.0,5.0,0.0,0.0,2.0,155.0,223.0,150.2,302.0,67.5,3.8,0.0,0.7,8.0,3.4,36918.0,29548.0,0.0,0.0
Martínez,AVL,4.9,GKP,4.9%,3.2,47.0,1114.0,0.0,0.0,3.0,16.0,0.0,1.0,0.0,0.0,0.0,36.0,2.0,237.0,310.4,10.0,0.0,32.0,3.2,1.0,0.7,9.6,3.6,350950.0,478769.0,-1.0,1.0
Tavernier,BOU,4.9,MID,0.1%,2.7,31.0,1114.0,0.0,1.0,3.0,27.0,0.0,0.0,0.0,1.0,0.0,0.0,0.0,125.0,133.8,210.6,176.0,52.0,2.7,0.0,0.6,6.3,2.4,16300.0,17114.0,-1.0,1.0
Gray,EVE,5.4,MID,0.7%,2.2,36.0,1105.0,1.0,0.0,4.0,11.0,0.0,0.0,0.0,1.0,0.0,0.0,2.0,112.0,162.8,290.5,364.0,81.6,2.2,0.0,0.4,6.7,2.8,127751.0,152532.0,-1.0,1.0
Dier,TOT,5.3,DEF,11.0%,2.5,48.0,1104.0,2.0,0.0,4.0,14.0,0.0,0.0,0.0,1.0,0.0,0.0,1.0,245.0,291.2,38.8,155.0,48.6,2.5,0.0,0.5,9.1,3.7,1236402.0,531879.0,3.0,-3.0
Watkins,AVL,7.1,FWD,1.8%,2.5,41.0,1094.0,2.0,2.0,3.0,19.0,0.0,0.0,0.0,1.0,0.0,0.0,3.0,98.0,186.4,149.6,470.0,80.7,2.5,1.0,0.4,5.8,3.2,350174.0,573251.0,-4.0,4.0
Reed,FUL,4.5,MID,1.3%,3.7,43.0,1087.0,2.0,1.0,3.0,21.0,0.0,0.0,0.0,4.0,0.0,0.0,6.0,169.0,209.4,231.4,133.0,57.5,3.7,2.0,0.8,9.6,3.3,250072.0,177207.0,0.0,0.0
Almirón,NEW,5.6,MID,22.9%,9.5,79.0,1085.0,7.0,1.0,6.0,9.0,0.0,0.0,0.0,0.0,0.0,0.0,9.0,250.0,321.8,157.9,510.0,99.2,9.5,3.0,1.7,14.1,6.1,2625864.0,341036.0,6.0,-6.0
Konsa,AVL,4.4,DEF,0.4%,2.5,29.0,1081.0,0.0,0.0,3.0,19.0,0.0,0.0,0.0,2.0,0.0,0.0,1.0,175.0,177.6,60.2,21.0,25.9,2.5,0.0,0.6,6.6,2.2,43151.0,39812.0,-1.0,1.0
Ramsdale,ARS,4.9,GKP,10.6%,4.2,46.0,1080.0,0.0,0.0,5.0,11.0,0.0,0.0,0.0,0.0,0.0,25.0,3.0,213.0,210.4,0.0,0.0,21.2,4.2,0.0,0.9,9.4,3.8,638311.0,1099193.0,-1.0,1.0
Gabriel,ARS,5.1,DEF,10.4%,3.8,52.0,1080.0,1.0,0.0,5.0,11.0,0.0,0.0,0.0,1.0,0.0,0.0,6.0,251.0,270.2,28.9,152.0,45.1,3.8,0.0,0.7,10.2,4.3,922674.0,790123.0,1.0,-1.0
Sánchez,BHA,4.6,GKP,13.5%,2.8,45.0,1080.0,0.0,0.0,4.0,15.0,0.0,0.0,0.0,0.0,0.0,30.0,5.0,216.0,243.8,0.0,0.0,24.5,2.8,0.0,0.6,9.8,3.8,1334463.0,1055820.0,1.0,-1.0
Dunk,BHA,4.7,DEF,5.5%,2.5,37.0,1080.0,0.0,0.0,4.0,15.0,1.0,0.0,0.0,0.0,0.0,0.0,4.0,196.0,189.6,19.1,64.0,27.1,2.5,0.0,0.5,7.9,3.1,809085.0,481978.0,2.0,-2.0
Webster,BHA,4.5,DEF,1.0%,1.8,32.0,1080.0,0.0,0.0,4.0,15.0,1.0,0.0,0.0,1.0,0.0,0.0,0.0,193.0,170.2,43.9,63.0,27.9,1.8,0.0,0.4,7.1,2.7,161871.0,85303.0,0.0,0.0
Guaita,CRY,4.5,GKP,3.0%,4.8,44.0,1080.0,0.0,0.0,3.0,16.0,0.0,0.0,0.0,1.0,0.0,36.0,5.0,218.0,302.6,0.0,0.0,30.2,4.8,0.0,1.1,9.8,3.7,314869.0,151539.0,0.0,0.0
Guéhi,CRY,4.4,DEF,3.5%,2.7,26.0,1080.0,0.0,0.0,3.0,16.0,1.0,0.0,0.0,4.0,0.0,0.0,1.0,186.0,225.4,28.0,49.0,30.4,2.7,0.0,0.6,5.9,2.2,356871.0,168742.0,-1.0,1.0
Pickford,EVE,4.5,GKP,5.5%,4.2,50.0,1080.0,0.0,1.0,3.0,12.0,0.0,0.0,0.0,3.0,0.0,49.0,6.0,243.0,408.0,23.0,0.0,43.1,4.2,1.0,0.9,11.1,4.2,353537.0,400745.0,0.0,0.0
Meslier,LEE,4.5,GKP,2.4%,4.2,42.0,1080.0,0.0,0.0,2.0,19.0,0.0,0.0,0.0,0.0,0.0,39.0,5.0,217.0,301.8,0.0,0.0,30.3,4.2,1.0,0.9,9.3,3.5,188945.0,207463.0,0.0,0.0
Alisson,LIV,5.4,GKP,15.5%,6.5,59.0,1080.0,0.0,1.0,4.0,15.0,0.0,1.0,0.0,0.0,0.0,38.0,7.0,279.0,349.2,10.1,0.0,35.9,6.5,1.0,1.2,10.9,4.9,744730.0,1137419.0,-1.0,1.0
Van Dijk,LIV,6.5,DEF,14.9%,3.3,43.0,1080.0,1.0,0.0,4.0,15.0,0.0,0.0,0.0,1.0,0.0,0.0,3.0,221.0,263.4,34.7,183.0,48.2,3.3,1.0,0.5,6.6,3.6,844120.0,1042013.0,0.0,0.0
Ederson,MCI,5.4,GKP,13.7%,4.8,53.0,1080.0,0.0,1.0,6.0,11.0,0.0,0.0,0.0,0.0,0.0,19.0,3.0,251.0,211.0,13.0,0.0,22.5,4.8,0.0,0.9,9.8,4.4,855751.0,1236119.0,-1.0,1.0
De Gea,MUN,4.9,GKP,6.4%,4.0,45.0,1080.0,0.0,0.0,5.0,16.0,0.0,0.0,0.0,0.0,0.0,31.0,2.0,217.0,239.2,10.0,0.0,25.0,4.0,0.0,0.8,9.2,3.8,354316.0,559415.0,-1.0,1.0
Salisu,SOU,4.4,DEF,0.2%,2.2,20.0,1080.0,0.0,0.0,1.0,18.0,1.0,0.0,0.0,3.0,0.0,0.0,2.0,162.0,287.8,53.2,36.0,37.6,2.2,0.0,0.5,4.5,1.7,16386.0,18849.0,-1.0,1.0
Zouma,WHU,4.5,DEF,2.0%,4.5,45.0,1080.0,1.0,0.0,3.0,12.0,0.0,0.0,0.0,0.0,0.0,0.0,6.0,200.0,221.4,4.5,141.0,36.8,4.5,1.0,1.0,10.0,3.8,212960.0,174366.0,0.0,0.0
Neves,WOL,5.5,MID,1.6%,4.0,47.0,1080.0,3.0,0.0,4.0,16.0,0.0,0.0,0.0,6.0,0.0,0.0,10.0,209.0,340.2,152.4,114.0,60.6,4.0,2.0,0.7,8.5,3.9,223964.0,271453.0,0.0,0.0
Fernandes,MUN,9.8,MID,2.4%,3.3,42.0,1079.0,2.0,1.0,5.0,16.0,0.0,0.0,0.0,5.0,0.0,0.0,5.0,175.0,257.0,419.8,274.0,95.2,3.3,1.0,0.3,4.3,3.5,209689.0,330066.0,-2.0,2.0
Mac Allister,BHA,5.5,MID,4.4%,2.0,51.0,1076.0,4.0,0.0,4.0,15.0,1.0,0.0,0.0,4.0,0.0,0.0,9.0,223.0,291.4,192.5,140.0,62.5,2.0,2.0,0.4,9.3,4.2,1104937.0,738811.0,0.0,0.0
Dalot,MUN,4.7,DEF,11.9%,4.3,49.0,1075.0,0.0,1.0,5.0,16.0,0.0,0.0,0.0,4.0,0.0,0.0,12.0,238.0,243.0,281.0,174.0,69.8,4.3,3.0,0.9,10.4,4.1,1390309.0,606587.0,2.0,-2.0
Palhinha,FUL,5.0,MID,0.3%,2.0,34.0,1071.0,2.0,0.0,3.0,18.0,0.0,0.0,0.0,5.0,0.0,0.0,2.0,152.0,227.8,24.7,149.0,40.2,2.0,0.0,0.4,6.8,2.8,41931.0,40361.0,0.0,0.0
Coady,EVE,5.0,DEF,6.7%,4.3,51.0,1070.0,1.0,1.0,4.0,10.0,0.0,0.0,0.0,1.0,0.0,0.0,5.0,240.0,253.4,37.3,76.0,36.8,4.3,1.0,0.9,10.2,4.2,621429.0,364739.0,0.0,0.0
Caicedo,BHA,5.0,MID,0.3%,1.7,30.0,1066.0,1.0,0.0,4.0,15.0,0.0,0.0,0.0,3.0,0.0,0.0,0.0,157.0,194.2,232.1,99.0,52.7,1.7,0.0,0.3,6.0,2.5,56731.0,45045.0,0.0,0.0
Saliba,ARS,5.2,DEF,32.3%,3.2,60.0,1065.0,2.0,1.0,5.0,11.0,1.0,0.0,0.0,4.0,0.0,0.0,10.0,266.0,269.6,42.2,62.0,37.4,3.2,2.0,0.6,11.5,5.0,3749961.0,1061076.0,7.0,-7.0
Schär,NEW,4.9,DEF,12.1%,4.8,58.0,1064.0,1.0,0.0,7.0,7.0,0.0,0.0,0.0,4.0,0.0,0.0,5.0,236.0,283.8,90.1,212.0,58.6,4.8,1.0,1.0,11.8,4.8,1709437.0,784248.0,4.0,-4.0
Højbjerg,TOT,5.5,MID,2.8%,3.5,54.0,1064.0,3.0,2.0,4.0,14.0,0.0,0.0,0.0,1.0,0.0,0.0,6.0,245.0,325.0,193.8,95.0,61.3,3.5,2.0,0.6,9.8,4.5,482597.0,343785.0,0.0,0.0
Andreas,FUL,4.6,MID,25.4%,4.8,53.0,1063.0,1.0,5.0,3.0,19.0,0.0,0.0,0.0,2.0,0.0,0.0,6.0,167.0,203.6,506.0,180.0,89.1,4.8,1.0,1.0,11.5,4.1,1825526.0,1366082.0,1.0,-1.0
Fabianski,WHU,5.0,GKP,1.5%,4.7,48.0,1063.0,0.0,0.0,3.0,11.0,0.0,0.0,0.0,0.0,0.0,37.0,5.0,213.0,265.6,0.0,0.0,26.5,4.7,0.0,0.9,9.6,3.7,122204.0,112470.0,0.0,0.0
Xhaka,ARS,5.1,MID,4.0%,5.4,58.0,1061.0,3.0,3.0,5.0,11.0,0.0,0.0,0.0,2.0,0.0,0.0,7.0,234.0,271.4,273.7,206.0,75.1,5.4,1.0,1.1,11.4,4.8,633263.0,368849.0,1.0,-1.0
Cresswell,WHU,4.8,DEF,2.6%,3.7,35.0,1061.0,0.0,0.0,3.0,11.0,0.0,0.0,0.0,2.0,0.0,0.0,3.0,222.0,230.2,372.2,60.0,66.4,3.7,0.0,0.8,7.3,2.9,265193.0,312759.0,-2.0,2.0
Salah,LIV,12.8,MID,31.2%,4.5,65.0,1057.0,4.0,4.0,4.0,14.0,0.0,0.0,0.0,0.0,0.0,0.0,5.0,142.0,265.8,355.4,595.0,121.8,4.5,1.0,0.4,5.1,5.4,2163205.0,4813406.0,-2.0,2.0
Burn,NEW,4.5,DEF,1.7%,4.5,46.0,1044.0,0.0,0.0,6.0,9.0,0.0,0.0,0.0,2.0,0.0,0.0,1.0,200.0,170.6,62.5,83.0,31.7,4.5,0.0,1.0,10.2,3.5,190510.0,133898.0,0.0,0.0
Jesus,ARS,8.0,FWD,58.8%,5.2,65.0,1040.0,5.0,6.0,5.0,11.0,0.0,0.0,0.0,4.0,0.0,0.0,7.0,208.0,355.4,248.0,779.0,138.3,5.2,1.0,0.6,8.1,5.4,2384334.0,3781407.0,0.0,0.0
Gibbs-White,NFO,5.5,MID,0.3%,2.7,31.0,1040.0,0.0,2.0,3.0,24.0,0.0,0.0,0.0,2.0,0.0,0.0,1.0,108.0,124.4,274.9,131.0,53.2,2.7,0.0,0.5,5.6,2.4,68028.0,64170.0,0.0,0.0
March,BHA,5.0,MID,0.5%,3.3,40.0,1037.0,0.0,4.0,4.0,15.0,0.0,0.0,0.0,1.0,0.0,0.0,1.0,147.0,177.8,231.5,339.0,74.8,3.3,0.0,0.7,8.0,3.3,111578.0,81017.0,0.0,0.0
Koch,LEE,4.5,DEF,0.2%,1.2,20.0,1035.0,0.0,0.0,2.0,19.0,1.0,0.0,0.0,3.0,0.0,0.0,0.0,145.0,199.0,15.6,28.0,24.3,1.2,0.0,0.3,4.4,1.7,11924.0,14516.0,0.0,0.0
Son,TOT,11.7,MID,9.6%,2.8,53.0,1030.0,3.0,2.0,4.0,14.0,0.0,0.0,0.0,0.0,0.0,0.0,3.0,154.0,251.0,384.7,446.0,107.9,2.8,1.0,0.2,4.5,4.1,1084748.0,2330808.0,-3.0,3.0
Mee,BRE,4.5,DEF,4.5%,5.2,51.0,1028.0,2.0,0.0,4.0,16.0,0.0,0.0,0.0,1.0,0.0,0.0,6.0,205.0,271.0,18.6,121.0,41.3,5.2,2.0,1.2,11.3,4.2,702256.0,361533.0,0.0,0.0
Martínez,MUN,4.5,DEF,6.3%,3.5,35.0,1024.0,0.0,0.0,5.0,16.0,0.0,0.0,0.0,3.0,0.0,0.0,1.0,217.0,245.4,15.8,37.0,29.9,3.5,0.0,0.8,7.8,2.9,538630.0,352456.0,0.0,0.0
Tielemans,LEI,6.3,MID,1.5%,3.3,43.0,1021.0,2.0,1.0,4.0,23.0,0.0,0.0,0.0,1.0,0.0,0.0,2.0,225.0,276.0,242.0,94.0,61.3,3.3,0.0,0.5,6.8,3.3,148869.0,234940.0,-2.0,2.0
Mitrović,FUL,6.9,FWD,27.6%,3.3,61.0,1019.0,9.0,0.0,3.0,17.0,0.0,0.0,1.0,4.0,0.0,0.0,8.0,215.0,367.8,144.1,746.0,125.3,3.3,1.0,0.5,8.8,5.1,4204063.0,2541276.0,4.0,-4.0
Aaronson,LEE,5.5,MID,1.1%,2.7,35.0,1015.0,1.0,2.0,2.0,18.0,0.0,0.0,0.0,2.0,0.0,0.0,0.0,110.0,167.4,341.3,163.0,67.2,2.7,0.0,0.5,6.4,2.9,207730.0,213760.0,0.0,0.0
Cook,BOU,4.9,MID,0.1%,2.0,29.0,1012.0,0.0,1.0,2.0,23.0,0.0,0.0,0.0,1.0,0.0,0.0,1.0,155.0,166.4,214.7,25.0,40.8,2.0,0.0,0.4,5.9,2.2,8375.0,9018.0,-1.0,1.0
Groß,BHA,5.6,MID,14.0%,2.8,59.0,1012.0,4.0,2.0,4.0,15.0,0.0,0.0,0.0,1.0,0.0,0.0,6.0,220.0,299.8,382.5,257.0,94.0,2.8,2.0,0.5,10.5,4.9,3449966.0,2395846.0,1.0,-1.0
Castagne,LEI,4.6,DEF,5.9%,6.8,53.0,1011.0,1.0,2.0,5.0,20.0,0.0,0.0,0.0,0.0,0.0,0.0,7.0,239.0,228.8,141.5,134.0,50.7,6.8,1.0,1.5,11.5,4.4,710874.0,231391.0,1.0,-1.0
Cancelo,MCI,7.4,DEF,56.3%,5.8,71.0,1006.0,2.0,2.0,6.0,11.0,0.0,0.0,0.0,2.0,0.0,0.0,10.0,284.0,248.0,211.8,179.0,63.8,5.8,4.0,0.8,9.6,5.9,2913454.0,1587684.0,4.0,-4.0
Johnson,NFO,5.7,FWD,0.9%,1.3,31.0,1006.0,2.0,0.0,2.0,22.0,0.0,0.0,1.0,2.0,0.0,0.0,4.0,92.0,101.8,84.4,215.0,39.5,1.3,1.0,0.2,5.4,2.4,151927.0,262306.0,-3.0,3.0
Trossard,BHA,6.9,MID,20.8%,6.8,73.0,1004.0,7.0,2.0,4.0,15.0,0.0,0.0,0.0,1.0,0.0,0.0,5.0,225.0,345.4,277.2,586.0,120.9,6.8,2.0,1.0,10.6,6.1,3019531.0,1107625.0,4.0,-4.0
Martinelli,ARS,6.8,MID,48.9%,5.8,68.0,1003.0,5.0,3.0,5.0,11.0,0.0,0.0,0.0,1.0,0.0,0.0,6.0,226.0,309.4,306.1,502.0,111.7,5.8,2.0,0.9,10.0,5.7,4524865.0,1845224.0,8.0,-8.0
Bentancur,TOT,5.4,MID,0.5%,3.5,43.0,1003.0,2.0,2.0,4.0,13.0,0.0,0.0,0.0,4.0,0.0,0.0,4.0,221.0,307.8,137.7,137.0,58.3,3.5,1.0,0.6,8.0,3.6,64470.0,63127.0,-1.0,1.0
Saka,ARS,8.0,MID,17.4%,6.2,68.0,994.0,4.0,6.0,4.0,11.0,0.0,0.0,0.0,2.0,0.0,0.0,5.0,232.0,311.0,344.6,417.0,107.2,6.2,2.0,0.8,8.5,5.7,1606203.0,1946865.0,0.0,0.0
Mings,AVL,4.3,DEF,4.2%,2.8,32.0,990.0,0.0,1.0,3.0,17.0,1.0,0.0,0.0,1.0,0.0,0.0,4.0,169.0,174.0,31.0,36.0,24.1,2.8,2.0,0.7,7.4,2.9,358552.0,556185.0,-2.0,2.0
Ward,CRY,4.5,DEF,0.4%,3.3,30.0,990.0,0.0,0.0,3.0,14.0,0.0,0.0,0.0,3.0,0.0,0.0,3.0,158.0,160.0,36.3,12.0,21.0,3.3,1.0,0.7,6.7,2.7,49764.0,32497.0,0.0,0.0
Andersen,CRY,4.5,DEF,3.1%,2.7,35.0,990.0,1.0,0.0,3.0,14.0,0.0,0.0,0.0,2.0,0.0,0.0,1.0,194.0,303.6,51.1,116.0,47.3,2.7,0.0,0.6,7.8,3.2,311180.0,250646.0,0.0,0.0
Leno,FUL,4.5,GKP,1.6%,4.8,40.0,990.0,0.0,0.0,2.0,20.0,0.0,0.0,0.0,0.0,0.0,48.0,6.0,232.0,380.8,10.0,0.0,39.2,4.8,0.0,1.1,8.9,3.6,116199.0,117214.0,0.0,0.0
Adams,LEE,4.9,MID,0.2%,1.8,22.0,990.0,0.0,0.0,2.0,16.0,0.0,0.0,0.0,2.0,0.0,0.0,0.0,133.0,192.0,182.7,13.0,38.7,1.8,0.0,0.4,4.5,2.0,19645.0,24888.0,-1.0,1.0
Kehrer,WHU,4.5,DEF,0.4%,3.8,31.0,990.0,0.0,1.0,3.0,10.0,1.0,0.0,0.0,4.0,0.0,0.0,2.0,160.0,132.6,37.3,44.0,21.5,3.8,1.0,0.8,6.9,2.8,62777.0,28279.0,0.0,0.0
Dewsbury-Hall,LEI,5.0,MID,1.0%,4.0,44.0,989.0,1.0,3.0,4.0,17.0,0.0,0.0,0.0,1.0,0.0,0.0,3.0,173.0,180.2,218.6,97.0,49.7,4.0,0.0,0.8,8.8,3.4,275355.0,289626.0,0.0,0.0
Maddison,LEI,8.2,MID,8.8%,5.2,60.0,984.0,6.0,2.0,3.0,23.0,0.0,0.0,0.0,5.0,0.0,0.0,4.0,223.0,362.4,368.5,328.0,106.0,5.2,1.0,0.6,7.3,5.5,2425932.0,2090910.0,2.0,-2.0
Struijk,LEE,4.5,DEF,0.9%,2.8,36.0,984.0,1.0,1.0,2.0,17.0,0.0,0.0,0.0,2.0,0.0,0.0,4.0,190.0,243.4,119.0,130.0,49.4,2.8,0.0,0.6,8.0,3.3,156089.0,91783.0,0.0,0.0
N.Williams,NFO,4.1,DEF,24.7%,2.5,28.0,982.0,0.0,1.0,3.0,22.0,0.0,0.0,0.0,3.0,0.0,0.0,1.0,154.0,187.2,176.9,148.0,51.3,2.5,0.0,0.6,6.8,2.2,1350258.0,1304769.0,1.0,-1.0
Eze,CRY,5.7,MID,4.7%,5.0,52.0,973.0,2.0,2.0,4.0,14.0,0.0,0.0,0.0,0.0,0.0,0.0,8.0,204.0,200.0,315.4,177.0,69.3,5.0,1.0,0.9,9.1,4.3,723476.0,371053.0,2.0,-2.0
White,ARS,4.6,DEF,8.2%,4.8,53.0,970.0,0.0,2.0,6.0,10.0,0.0,0.0,0.0,2.0,0.0,0.0,4.0,247.0,216.8,141.0,27.0,38.4,4.8,0.0,1.0,11.5,4.4,714527.0,482049.0,1.0,-1.0
Joelinton,NEW,5.9,MID,0.6%,2.7,33.0,969.0,1.0,2.0,5.0,8.0,0.0,0.0,0.0,5.0,0.0,0.0,0.0,133.0,205.0,201.5,243.0,65.0,2.7,0.0,0.5,5.6,2.8,120932.0,137115.0,-1.0,1.0
Zaha,CRY,7.6,MID,21.8%,3.5,52.0,967.0,5.0,1.0,3.0,12.0,0.0,0.0,1.0,3.0,0.0,0.0,4.0,140.0,292.8,174.9,410.0,87.7,3.5,0.0,0.5,6.8,4.7,3238911.0,1851450.0,6.0,-6.0
Mbeumo,BRE,5.8,FWD,1.6%,2.3,38.0,966.0,2.0,1.0,4.0,20.0,0.0,0.0,0.0,1.0,0.0,0.0,2.0,132.0,148.8,206.8,351.0,70.5,2.3,0.0,0.4,6.6,2.9,313074.0,412925.0,-2.0,2.0
Billing,BOU,5.3,MID,1.2%,4.0,49.0,959.0,3.0,1.0,3.0,18.0,0.0,0.0,0.0,1.0,0.0,0.0,5.0,167.0,255.2,120.9,119.0,49.6,4.0,0.0,0.8,9.2,3.8,218720.0,116826.0,-2.0,2.0
Willock,NEW,4.9,MID,0.6%,3.2,36.0,957.0,0.0,2.0,4.0,10.0,0.0,0.0,0.0,0.0,0.0,0.0,2.0,121.0,161.8,193.1,296.0,65.3,3.2,0.0,0.7,7.3,2.8,96199.0,96049.0,-1.0,1.0
Walker-Peters,SOU,4.4,DEF,0.9%,1.2,24.0,953.0,1.0,0.0,1.0,18.0,0.0,0.0,0.0,2.0,0.0,0.0,0.0,124.0,186.2,115.8,92.0,39.3,1.2,0.0,0.3,5.5,2.2,118164.0,153927.0,-1.0,1.0
Jensen,BRE,4.9,MID,1.7%,2.2,40.0,952.0,1.0,2.0,4.0,20.0,0.0,0.0,0.0,1.0,0.0,0.0,3.0,158.0,204.6,316.7,50.0,57.3,2.2,1.0,0.4,8.2,3.1,553312.0,439000.0,-1.0,1.0
De Bruyne,MCI,12.4,MID,33.2%,7.2,81.0,950.0,3.0,9.0,5.0,9.0,0.0,0.0,0.0,0.0,0.0,0.0,11.0,307.0,398.0,572.0,303.0,127.3,7.2,2.0,0.6,6.5,6.8,3660297.0,2234513.0,4.0,-4.0
Podence,WOL,5.3,MID,0.9%,1.8,39.0,950.0,2.0,0.0,3.0,18.0,0.0,0.0,0.0,3.0,0.0,0.0,6.0,102.0,173.0,298.9,320.0,79.2,1.8,1.0,0.3,7.4,3.0,224494.0,252834.0,-2.0,2.0
Gordon,EVE,5.4,MID,2.2%,2.3,38.0,947.0,3.0,0.0,4.0,9.0,0.0,0.0,0.0,6.0,0.0,0.0,2.0,102.0,203.0,99.7,363.0,66.6,2.3,0.0,0.4,7.0,3.2,661785.0,587851.0,-1.0,1.0
Rashford,MUN,6.6,MID,16.6%,3.0,58.0,946.0,4.0,2.0,5.0,13.0,0.0,0.0,0.0,1.0,0.0,0.0,6.0,158.0,232.8,157.6,423.0,81.4,3.0,1.0,0.5,8.8,4.8,2743123.0,2178263.0,1.0,-1.0
McGinn,AVL,5.1,MID,0.6%,1.7,23.0,945.0,0.0,0.0,2.0,15.0,0.0,0.0,0.0,3.0,0.0,0.0,0.0,119.0,135.8,104.2,156.0,39.6,1.7,0.0,0.3,4.5,1.8,30089.0,144718.0,-4.0,4.0
Rodri,MCI,5.7,MID,1.6%,2.6,34.0,942.0,0.0,3.0,5.0,8.0,0.0,0.0,0.0,1.0,0.0,0.0,0.0,181.0,218.2,162.1,123.0,50.4,2.6,0.0,0.5,6.0,3.1,144834.0,300898.0,-3.0,3.0
Jonny,WOL,4.4,DEF,0.8%,1.3,31.0,934.0,0.0,0.0,4.0,14.0,0.0,0.0,0.0,2.0,0.0,0.0,0.0,165.0,158.4,69.1,66.0,29.5,1.3,0.0,0.3,7.0,2.8,125210.0,107775.0,-1.0,1.0
Robinson,FUL,4.4,DEF,0.1%,2.3,24.0,928.0,0.0,0.0,3.0,14.0,0.0,0.0,0.0,3.0,0.0,0.0,0.0,162.0,182.6,124.5,21.0,32.9,2.3,0.0,0.5,5.5,2.2,13147.0,16992.0,-1.0,1.0
Haaland,MCI,12.2,FWD,80.9%,8.8,117.0,920.0,17.0,3.0,5.0,11.0,0.0,0.0,0.0,0.0,0.0,0.0,18.0,485.0,640.8,142.4,840.0,162.4,8.8,5.0,0.7,9.6,10.6,4633543.0,1341336.0,7.0,-7.0
Veltman,BHA,4.6,DEF,3.9%,1.8,37.0,914.0,0.0,0.0,4.0,13.0,0.0,0.0,0.0,1.0,0.0,0.0,5.0,178.0,160.0,50.4,51.0,26.2,1.8,2.0,0.4,8.0,3.4,806437.0,521936.0,1.0,-1.0
Welbeck,BHA,6.5,FWD,1.3%,2.2,35.0,912.0,0.0,4.0,4.0,12.0,0.0,0.0,0.0,0.0,0.0,0.0,2.0,91.0,95.0,175.5,375.0,64.6,2.2,0.0,0.3,5.4,3.2,339017.0,318336.0,0.0,0.0
Schlupp,CRY,4.8,MID,0.1%,1.8,24.0,912.0,0.0,0.0,4.0,13.0,0.0,0.0,0.0,2.0,0.0,0.0,0.0,91.0,110.4,70.4,101.0,28.3,1.8,0.0,0.4,5.0,2.0,11615.0,19558.0,-2.0,2.0
Adams,SOU,6.4,FWD,0.9%,3.0,40.0,911.0,3.0,1.0,1.0,14.0,0.0,0.0,0.0,0.0,0.0,0.0,3.0,134.0,193.2,184.3,327.0,70.5,3.0,2.0,0.5,6.2,3.3,170944.0,179301.0,-1.0,1.0
Aribo,SOU,5.3,MID,0.4%,3.3,36.0,907.0,2.0,0.0,1.0,16.0,0.0,0.0,0.0,1.0,0.0,0.0,3.0,133.0,199.0,129.7,334.0,66.4,3.3,0.0,0.6,6.8,2.8,53485.0,77161.0,-2.0,2.0
Barnes,LEI,6.9,MID,1.6%,5.2,45.0,906.0,4.0,0.0,4.0,15.0,0.0,0.0,0.0,0.0,0.0,0.0,0.0,113.0,181.2,75.0,368.0,62.2,5.2,0.0,0.8,6.5,4.1,200162.0,241829.0,-1.0,1.0
Roca,LEE,4.9,MID,0.1%,1.5,26.0,901.0,1.0,0.0,1.0,17.0,0.0,0.0,0.0,2.0,0.0,0.0,1.0,152.0,196.0,132.8,164.0,49.3,1.5,0.0,0.3,5.3,2.2,16678.0,16865.0,-1.0,1.0
Ødegaard,ARS,6.4,MID,13.0%,4.8,58.0,900.0,4.0,2.0,4.0,10.0,0.0,0.0,0.0,2.0,0.0,0.0,8.0,236.0,273.0,331.6,349.0,95.5,4.8,2.0,0.7,9.1,5.3,1717689.0,1927790.0,-1.0,1.0
Thiago Silva,CHE,5.4,DEF,6.8%,2.5,34.0,900.0,0.0,2.0,2.0,15.0,0.0,0.0,0.0,1.0,0.0,0.0,6.0,215.0,283.0,45.4,54.0,38.2,2.5,0.0,0.5,6.3,3.4,498502.0,519208.0,-1.0,1.0
Onana,EVE,4.9,MID,0.2%,2.5,29.0,900.0,0.0,2.0,5.0,9.0,0.0,0.0,0.0,4.0,0.0,0.0,0.0,122.0,127.0,85.4,117.0,32.7,2.5,0.0,0.5,5.9,2.4,44808.0,32811.0,-1.0,1.0
Tosin,FUL,4.5,DEF,0.2%,0.3,21.0,900.0,1.0,0.0,1.0,20.0,0.0,0.0,0.0,0.0,0.0,0.0,0.0,143.0,208.4,20.2,39.0,26.8,0.3,0.0,0.1,4.7,2.1,27328.0,24438.0,0.0,0.0
Solanke,BOU,5.7,FWD,3.1%,4.5,46.0,895.0,2.0,4.0,3.0,13.0,0.0,0.0,0.0,0.0,0.0,0.0,6.0,123.0,178.6,78.9,276.0,53.0,4.5,2.0,0.8,8.1,4.2,544271.0,341439.0,-3.0,3.0
Harrison,LEE,5.9,MID,2.5%,2.5,44.0,892.0,1.0,4.0,2.0,14.0,0.0,0.0,0.0,2.0,0.0,0.0,5.0,128.0,190.2,297.3,194.0,68.0,2.5,1.0,0.4,7.5,3.7,825315.0,750040.0,-1.0,1.0
Bernardo,MCI,6.9,MID,9.1%,4.4,61.0,887.0,2.0,6.0,5.0,10.0,0.0,0.0,0.0,0.0,0.0,0.0,6.0,217.0,256.6,239.8,204.0,70.1,4.4,1.0,0.6,8.8,5.1,1548023.0,1479356.0,-1.0,1.0
Janelt,BRE,5.5,MID,0.1%,2.3,36.0,882.0,1.0,1.0,3.0,16.0,0.0,0.0,0.0,0.0,0.0,0.0,3.0,163.0,182.6,89.7,130.0,40.3,2.3,0.0,0.4,6.5,2.8,26378.0,23621.0,0.0,0.0
Botman,NEW,4.4,DEF,2.4%,4.8,46.0,881.0,0.0,1.0,5.0,7.0,0.0,0.0,0.0,0.0,0.0,0.0,3.0,216.0,161.2,66.7,124.0,35.3,4.8,0.0,1.1,10.5,4.2,209586.0,182980.0,-1.0,1.0
Mount,CHE,7.7,MID,9.5%,5.8,49.0,880.0,2.0,3.0,4.0,14.0,0.0,0.0,0.0,2.0,0.0,0.0,6.0,171.0,221.2,283.1,281.0,78.9,5.8,2.0,0.8,6.4,4.1,1302781.0,1234689.0,-3.0,3.0
S.Longstaff,NEW,4.4,MID,2.1%,3.8,37.0,872.0,1.0,2.0,4.0,6.0,0.0,0.0,0.0,1.0,0.0,0.0,1.0,147.0,181.8,165.4,152.0,50.0,3.8,0.0,0.9,8.4,2.8,326452.0,223925.0,-1.0,1.0
Kristensen,LEE,4.8,DEF,0.4%,1.8,22.0,870.0,0.0,0.0,2.0,11.0,0.0,0.0,0.0,3.0,0.0,0.0,0.0,120.0,165.2,89.1,56.0,31.1,1.8,0.0,0.4,4.6,2.2,43259.0,68091.0,-2.0,2.0
Dias,MCI,5.9,DEF,8.4%,2.2,39.0,870.0,0.0,0.0,5.0,8.0,0.0,0.0,0.0,0.0,0.0,0.0,0.0,201.0,168.0,44.5,65.0,27.8,2.2,0.0,0.4,6.6,3.5,573037.0,949565.0,-1.0,1.0
Loftus-Cheek,CHE,5.0,MID,0.2%,2.2,22.0,869.0,0.0,0.0,4.0,13.0,1.0,0.0,0.0,1.0,0.0,0.0,0.0,106.0,117.2,124.8,149.0,39.3,2.2,0.0,0.4,4.4,1.8,30654.0,29941.0,0.0,0.0
Cook,NFO,4.4,DEF,0.1%,2.3,19.0,867.0,0.0,0.0,2.0,19.0,0.0,0.0,0.0,4.0,0.0,0.0,0.0,139.0,168.2,37.7,24.0,22.9,2.3,0.0,0.5,4.3,1.7,6529.0,14884.0,-1.0,1.0
Eriksen,MUN,6.3,MID,2.8%,3.2,35.0,863.0,0.0,3.0,4.0,15.0,0.0,0.0,0.0,1.0,0.0,0.0,2.0,144.0,158.2,224.7,143.0,52.5,3.2,0.0,0.5,5.6,3.2,268183.0,491216.0,-2.0,2.0
Ramsey,AVL,5.2,MID,0.9%,1.7,31.0,862.0,1.0,1.0,2.0,15.0,0.0,0.0,0.0,4.0,0.0,0.0,3.0,134.0,172.0,146.4,134.0,45.3,1.7,1.0,0.3,6.0,2.4,107624.0,208551.0,-3.0,3.0
Sterling,CHE,9.7,MID,5.2%,1.7,44.0,859.0,3.0,1.0,3.0,12.0,0.0,0.0,0.0,2.0,0.0,0.0,4.0,100.0,173.0,248.8,331.0,75.3,1.7,1.0,0.2,4.5,4.0,1181874.0,1372204.0,-3.0,3.0
Yates,NFO,5.0,MID,0.0%,2.0,27.0,852.0,0.0,2.0,2.0,21.0,0.0,0.0,0.0,1.0,0.0,0.0,0.0,100.0,136.8,46.1,173.0,35.5,2.0,0.0,0.4,5.4,2.5,4187.0,5903.0,0.0,0.0
Cash,AVL,4.6,DEF,4.1%,1.5,15.0,849.0,0.0,0.0,1.0,18.0,0.0,0.0,0.0,2.0,0.0,0.0,0.0,113.0,120.2,125.1,50.0,29.5,1.5,0.0,0.3,3.3,1.4,136498.0,1424908.0,-4.0,4.0
Matheus,WOL,4.9,MID,0.2%,1.8,28.0,848.0,0.0,1.0,3.0,14.0,0.0,0.0,0.0,1.0,0.0,0.0,3.0,100.0,100.8,159.1,147.0,40.6,1.8,0.0,0.4,5.7,2.5,48158.0,35284.0,-1.0,1.0
Collins,WOL,4.5,DEF,0.8%,0.5,28.0,842.0,0.0,0.0,3.0,14.0,0.0,0.0,0.0,1.0,1.0,0.0,6.0,156.0,189.0,28.9,12.0,23.2,0.5,1.0,0.1,6.2,2.8,165882.0,146700.0,0.0,0.0
Moutinho,WOL,4.7,MID,0.4%,1.7,20.0,839.0,0.0,0.0,3.0,15.0,0.0,0.0,0.0,2.0,0.0,0.0,0.0,140.0,153.4,288.4,67.0,50.9,1.7,0.0,0.4,4.3,1.8,18773.0,150732.0,-3.0,3.0
Mitchell,CRY,4.5,DEF,0.9%,2.8,34.0,826.0,0.0,2.0,2.0,12.0,0.0,0.0,0.0,1.0,0.0,0.0,4.0,153.0,143.8,64.4,6.0,21.6,2.8,1.0,0.6,7.6,2.8,75661.0,81117.0,0.0,0.0
Fabinho,LIV,5.3,MID,0.9%,1.7,21.0,814.0,0.0,0.0,3.0,9.0,0.0,0.0,0.0,2.0,0.0,0.0,0.0,107.0,111.0,73.8,47.0,23.2,1.7,0.0,0.3,4.0,1.8,80313.0,129633.0,-2.0,2.0
Davies,TOT,4.9,DEF,0.9%,3.5,40.0,814.0,1.0,1.0,4.0,8.0,0.0,0.0,0.0,1.0,0.0,0.0,0.0,187.0,187.8,125.4,88.0,40.2,3.5,0.0,0.7,8.2,4.0,85087.0,92064.0,-1.0,1.0
Bruno Guimarães,NEW,5.7,MID,5.2%,5.5,42.0,813.0,2.0,2.0,5.0,6.0,0.0,0.0,0.0,1.0,0.0,0.0,3.0,163.0,241.8,227.7,70.0,54.0,5.5,1.0,1.0,7.4,4.2,557635.0,966344.0,-3.0,3.0
Alexander-Arnold,LIV,7.2,DEF,19.4%,2.0,36.0,812.0,1.0,1.0,2.0,12.0,0.0,0.0,0.0,2.0,0.0,0.0,5.0,201.0,189.2,388.3,118.0,69.5,2.0,1.0,0.3,5.0,3.0,1204475.0,4738701.0,-3.0,3.0
Evans,LEI,4.4,DEF,0.2%,1.2,11.0,810.0,0.0,0.0,1.0,24.0,0.0,0.0,0.0,0.0,0.0,0.0,0.0,144.0,177.6,20.3,35.0,23.3,1.2,0.0,0.3,2.5,1.2,15843.0,32326.0,-1.0,1.0
C.Doucouré,CRY,5.0,MID,0.1%,0.7,21.0,803.0,0.0,1.0,1.0,11.0,0.0,0.0,0.0,4.0,0.0,0.0,2.0,125.0,141.4,119.3,49.0,31.2,0.7,0.0,0.1,4.2,2.1,17058.0,21224.0,0.0,0.0
Elyounoussi,SOU,5.2,MID,0.1%,2.2,23.0,803.0,0.0,1.0,1.0,10.0,0.0,0.0,0.0,2.0,0.0,0.0,0.0,79.0,108.8,90.4,168.0,36.3,2.2,0.0,0.4,4.4,1.9,3940.0,8548.0,-3.0,3.0
Havertz,CHE,7.7,FWD,2.2%,3.3,34.0,801.0,3.0,0.0,3.0,12.0,0.0,0.0,0.0,3.0,0.0,0.0,5.0,91.0,159.2,108.0,318.0,58.7,3.3,0.0,0.4,4.4,3.1,271370.0,528889.0,-3.0,3.0
Gomez,LIV,4.6,DEF,2.9%,2.7,35.0,792.0,0.0,0.0,4.0,7.0,0.0,0.0,0.0,2.0,0.0,0.0,5.0,174.0,166.0,26.9,15.0,20.9,2.7,1.0,0.6,7.6,3.5,388629.0,133228.0,1.0,-1.0
Foden,MCI,8.5,MID,27.3%,6.8,66.0,789.0,6.0,4.0,2.0,8.0,0.0,0.0,0.0,1.0,0.0,0.0,4.0,256.0,355.4,326.7,335.0,101.8,6.8,2.0,0.8,7.8,5.5,3368067.0,1233906.0,5.0,-5.0
A.Armstrong,SOU,5.5,FWD,1.0%,1.5,31.0,783.0,1.0,1.0,1.0,13.0,0.0,0.0,0.0,0.0,0.0,0.0,3.0,91.0,108.4,108.5,149.0,36.1,1.5,0.0,0.3,5.6,2.6,229124.0,216795.0,0.0,0.0
Firmino,LIV,8.1,FWD,8.5%,4.3,61.0,781.0,6.0,3.0,3.0,11.0,0.0,0.0,0.0,0.0,0.0,0.0,9.0,256.0,362.2,232.4,570.0,116.6,4.3,2.0,0.5,7.5,5.5,1470544.0,819652.0,1.0,-1.0
Partey,ARS,4.8,MID,0.5%,5.2,37.0,779.0,2.0,0.0,5.0,6.0,0.0,0.0,0.0,0.0,0.0,0.0,4.0,168.0,196.4,125.5,100.0,42.2,5.2,0.0,1.1,7.7,4.1,67143.0,87812.0,-2.0,2.0
Emerson Royal,TOT,4.9,DEF,2.1%,-0.2,26.0,775.0,0.0,2.0,2.0,12.0,0.0,0.0,0.0,1.0,1.0,0.0,1.0,147.0,132.8,95.5,89.0,31.8,-0.2,0.0,0.0,5.3,2.6,663510.0,665723.0,-1.0,1.0
Senesi,BOU,4.5,DEF,0.1%,2.7,17.0,761.0,0.0,0.0,1.0,21.0,0.0,0.0,0.0,0.0,0.0,0.0,3.0,128.0,178.6,30.0,12.0,22.1,2.7,1.0,0.6,3.8,1.7,18855.0,10972.0,0.0,0.0
Bella-Kotchap,SOU,4.5,DEF,0.2%,0.3,15.0,761.0,0.0,1.0,0.0,13.0,0.0,0.0,0.0,1.0,0.0,0.0,0.0,109.0,148.8,15.9,73.0,23.9,0.3,0.0,0.1,3.3,1.7,30729.0,29047.0,0.0,0.0
Fornals,WHU,5.1,MID,0.5%,1.2,30.0,760.0,1.0,0.0,1.0,9.0,0.0,0.0,0.0,0.0,0.0,0.0,3.0,125.0,106.8,125.5,77.0,30.8,1.2,1.0,0.2,5.9,2.5,73891.0,156966.0,-4.0,4.0
Edouard,CRY,5.4,FWD,3.5%,4.7,38.0,758.0,3.0,2.0,2.0,11.0,0.0,0.0,0.0,3.0,0.0,0.0,3.0,126.0,206.8,131.2,280.0,61.9,4.7,0.0,0.9,7.0,3.2,469722.0,428876.0,-1.0,1.0
Douglas Luiz,AVL,4.8,MID,0.4%,2.5,29.0,754.0,1.0,1.0,3.0,12.0,0.0,0.0,0.0,1.0,1.0,0.0,2.0,138.0,157.4,168.0,58.0,38.3,2.5,0.0,0.5,6.0,2.4,51252.0,77676.0,-2.0,2.0
Ayew,CRY,5.4,MID,0.3%,2.3,26.0,753.0,0.0,1.0,2.0,13.0,0.0,0.0,0.0,0.0,0.0,0.0,0.0,76.0,126.2,154.9,99.0,38.1,2.3,0.0,0.4,4.8,2.2,32009.0,43096.0,-1.0,1.0
Bailey,AVL,4.6,MID,4.4%,3.2,41.0,740.0,2.0,2.0,3.0,14.0,0.0,0.0,0.0,2.0,0.0,0.0,3.0,116.0,146.6,186.6,210.0,54.6,3.2,1.0,0.7,8.9,3.4,651282.0,1751647.0,-4.0,4.0
Cucurella,CHE,5.1,DEF,9.1%,2.7,28.0,739.0,0.0,2.0,2.0,12.0,0.0,0.0,0.0,2.0,0.0,0.0,1.0,160.0,156.2,142.1,42.0,34.0,2.7,0.0,0.5,5.5,2.5,1463145.0,1436812.0,1.0,-1.0
Amartey,LEI,4.3,DEF,0.2%,3.8,28.0,733.0,0.0,0.0,3.0,13.0,0.0,0.0,0.0,0.0,0.0,0.0,3.0,153.0,143.6,47.8,26.0,21.8,3.8,1.0,0.9,6.5,2.8,15348.0,25218.0,-2.0,2.0
Wilson,NEW,7.4,FWD,7.3%,6.5,53.0,727.0,6.0,3.0,6.0,5.0,0.0,0.0,0.0,1.0,0.0,0.0,3.0,187.0,239.6,121.4,399.0,76.2,6.5,1.0,0.9,7.2,5.9,968431.0,544830.0,-1.0,1.0
Jorginho,CHE,5.9,MID,2.5%,2.5,35.0,722.0,2.0,0.0,3.0,8.0,0.0,0.0,0.0,2.0,0.0,0.0,5.0,140.0,170.2,81.9,61.0,31.4,2.5,1.0,0.4,5.9,3.2,381516.0,475647.0,-1.0,1.0
Rodrigo,LEE,6.3,MID,5.4%,3.2,57.0,718.0,6.0,1.0,2.0,10.0,0.0,0.0,0.0,1.0,0.0,0.0,5.0,162.0,267.0,138.2,479.0,87.9,3.2,2.0,0.5,9.0,5.2,3426918.0,3344942.0,3.0,-3.0
Elliott,LIV,5.0,MID,0.9%,1.5,27.0,715.0,1.0,0.0,2.0,8.0,0.0,0.0,0.0,0.0,0.0,0.0,2.0,126.0,116.6,186.1,228.0,53.2,1.5,0.0,0.3,5.4,2.2,222300.0,166632.0,0.0,0.0
Lingard,NFO,5.5,MID,1.6%,1.5,25.0,715.0,0.0,1.0,4.0,11.0,0.0,0.0,0.0,1.0,0.0,0.0,0.0,67.0,40.8,124.0,115.0,27.9,1.5,0.0,0.3,4.5,2.3,179456.0,563511.0,-5.0,5.0
Sancho,MUN,7.2,MID,4.4%,2.0,40.0,714.0,2.0,1.0,5.0,12.0,0.0,0.0,0.0,0.0,0.0,0.0,4.0,129.0,136.4,194.5,173.0,50.4,2.0,1.0,0.3,5.6,4.0,590133.0,1168364.0,-3.0,3.0
Kebano,FUL,5.4,MID,0.1%,3.5,35.0,711.0,0.0,4.0,3.0,9.0,0.0,0.0,0.0,0.0,0.0,0.0,0.0,100.0,105.0,152.3,106.0,36.6,3.5,0.0,0.6,6.5,2.9,11114.0,13798.0,-1.0,1.0
Gündogan,MCI,7.3,MID,2.2%,1.4,38.0,710.0,2.0,1.0,4.0,6.0,0.0,0.0,0.0,0.0,0.0,0.0,3.0,169.0,184.4,287.3,229.0,70.0,1.4,0.0,0.2,5.2,3.8,674185.0,678362.0,-2.0,2.0
Christie,BOU,5.3,MID,0.1%,2.5,26.0,704.0,1.0,0.0,1.0,16.0,0.0,0.0,0.0,1.0,0.0,0.0,2.0,86.0,113.4,101.3,197.0,41.2,2.5,0.0,0.5,4.9,2.2,5057.0,8151.0,-2.0,2.0
Vardy,LEI,9.1,FWD,2.1%,3.3,38.0,704.0,1.0,4.0,3.0,14.0,0.0,0.0,0.0,1.0,0.0,0.0,2.0,94.0,134.4,68.8,147.0,34.4,3.3,0.0,0.4,4.2,2.9,173994.0,485517.0,-4.0,4.0
Zemura,BOU,4.4,DEF,0.2%,1.5,25.0,696.0,0.0,1.0,3.0,19.0,0.0,0.0,0.0,1.0,0.0,0.0,1.0,121.0,129.4,107.8,20.0,25.4,1.5,0.0,0.3,5.7,2.5,30798.0,29253.0,-1.0,1.0
Young,AVL,4.4,DEF,1.3%,4.5,34.0,694.0,1.0,0.0,3.0,11.0,0.0,0.0,0.0,2.0,0.0,0.0,5.0,138.0,156.4,132.7,37.0,32.8,4.5,1.0,1.0,7.7,3.8,161260.0,51677.0,-1.0,1.0
Robertson,LIV,6.7,DEF,3.9%,2.7,32.0,684.0,0.0,2.0,2.0,9.0,0.0,0.0,0.0,0.0,0.0,0.0,3.0,162.0,149.8,278.8,105.0,53.4,2.7,0.0,0.4,4.8,3.2,425421.0,1205844.0,-3.0,3.0
Varane,MUN,4.8,DEF,2.4%,2.3,31.0,684.0,0.0,0.0,4.0,5.0,0.0,0.0,0.0,1.0,0.0,0.0,1.0,138.0,134.6,36.3,8.0,18.0,2.3,0.0,0.5,6.5,3.1,278901.0,343180.0,-2.0,2.0
Coufal,WHU,4.2,DEF,0.8%,0.8,20.0,683.0,0.0,1.0,1.0,10.0,0.0,0.0,0.0,1.0,0.0,0.0,0.0,103.0,98.4,106.2,15.0,22.1,0.8,0.0,0.2,4.8,2.2,164365.0,186540.0,-3.0,3.0
Hickey,BRE,4.9,DEF,0.3%,0.5,13.0,680.0,0.0,1.0,1.0,15.0,0.0,0.0,0.0,4.0,0.0,0.0,0.0,90.0,98.8,30.0,45.0,17.4,0.5,0.0,0.1,2.7,1.4,38645.0,55186.0,-1.0,1.0
Neto,BOU,4.5,GKP,0.3%,2.5,25.0,675.0,0.0,0.0,2.0,8.0,0.0,0.0,0.0,2.0,0.0,23.0,1.0,136.0,177.4,0.0,0.0,17.8,2.5,1.0,0.6,5.6,3.1,49767.0,37707.0,0.0,0.0
Perraud,SOU,4.4,DEF,0.2%,4.0,36.0,668.0,1.0,2.0,1.0,10.0,0.0,0.0,0.0,1.0,0.0,0.0,5.0,126.0,169.6,126.3,135.0,43.0,4.0,1.0,0.9,8.2,3.3,25315.0,12481.0,-1.0,1.0
Freuler,NFO,4.9,MID,0.0%,1.8,16.0,662.0,0.0,0.0,2.0,18.0,0.0,0.0,0.0,2.0,0.0,0.0,0.0,78.0,88.8,37.4,19.0,14.5,1.8,0.0,0.4,3.3,1.8,2383.0,2252.0,-1.0,1.0
Romero,TOT,4.9,DEF,1.7%,2.7,21.0,657.0,0.0,0.0,2.0,9.0,0.0,0.0,0.0,1.0,0.0,0.0,2.0,120.0,141.2,45.7,52.0,23.9,2.7,1.0,0.6,4.3,2.6,150033.0,253052.0,-1.0,1.0
Patterson,EVE,4.0,DEF,4.0%,0.2,21.0,656.0,0.0,0.0,2.0,6.0,0.0,0.0,0.0,1.0,0.0,0.0,0.0,103.0,135.8,43.2,78.0,25.9,0.2,0.0,0.0,5.2,2.6,813847.0,793580.0,0.0,0.0
Koulibaly,CHE,5.5,DEF,6.6%,2.3,28.0,652.0,1.0,0.0,3.0,8.0,0.0,0.0,0.0,1.0,1.0,0.0,2.0,152.0,176.8,37.3,82.0,29.7,2.3,0.0,0.4,5.1,3.5,773050.0,1286143.0,0.0,0.0
Digne,AVL,4.6,DEF,1.1%,0.2,13.0,651.0,0.0,0.0,1.0,10.0,1.0,0.0,0.0,2.0,0.0,0.0,1.0,82.0,117.6,123.3,38.0,27.9,0.2,0.0,0.0,2.8,1.6,145167.0,434488.0,-4.0,4.0
Aït-Nouri,WOL,4.3,DEF,1.0%,1.3,22.0,648.0,0.0,0.0,3.0,9.0,1.0,0.0,0.0,1.0,0.0,0.0,0.0,109.0,84.4,106.0,86.0,27.7,1.3,0.0,0.3,5.1,2.4,92755.0,176237.0,-2.0,2.0
Perišić,TOT,5.5,DEF,23.1%,2.7,43.0,647.0,0.0,4.0,3.0,8.0,0.0,0.0,0.0,2.0,0.0,0.0,5.0,165.0,170.2,302.5,129.0,60.0,2.7,1.0,0.5,7.8,3.3,2533604.0,2453599.0,0.0,0.0
Faes,LEI,4.5,DEF,0.1%,4.5,26.0,630.0,0.0,0.0,4.0,9.0,0.0,0.0,0.0,1.0,0.0,0.0,1.0,141.0,151.4,28.2,12.0,19.1,4.5,0.0,1.0,5.8,3.7,14966.0,5721.0,0.0,0.0
Llorente,LEE,4.4,DEF,0.3%,0.2,15.0,630.0,0.0,0.0,1.0,12.0,0.0,0.0,0.0,1.0,0.0,0.0,2.0,111.0,91.4,5.8,40.0,13.8,0.2,0.0,0.0,3.4,2.1,28944.0,38909.0,-1.0,1.0
Shaw,MUN,4.7,DEF,1.2%,4.3,25.0,629.0,0.0,1.0,3.0,10.0,0.0,0.0,0.0,2.0,0.0,0.0,2.0,138.0,126.6,163.5,47.0,33.8,4.3,0.0,0.9,5.3,3.1,107193.0,95443.0,-3.0,3.0
Ings,AVL,6.6,FWD,1.1%,3.3,32.0,626.0,3.0,0.0,2.0,11.0,0.0,0.0,0.0,3.0,0.0,0.0,4.0,95.0,140.6,91.5,324.0,55.3,3.3,1.0,0.5,4.8,2.7,133241.0,253067.0,-4.0,4.0
Henderson,LIV,5.3,MID,0.5%,1.5,18.0,626.0,0.0,0.0,2.0,11.0,0.0,0.0,0.0,0.0,0.0,0.0,0.0,122.0,95.0,166.9,73.0,33.8,1.5,0.0,0.3,3.4,1.6,41020.0,120251.0,-2.0,2.0
Worrall,NFO,4.3,DEF,0.1%,0.3,11.0,623.0,0.0,0.0,1.0,15.0,0.0,0.0,0.0,4.0,0.0,0.0,1.0,93.0,134.4,28.8,12.0,17.4,0.3,0.0,0.1,2.6,1.1,5951.0,11998.0,-2.0,2.0
Tete,FUL,4.4,DEF,0.2%,0.2,20.0,618.0,0.0,3.0,1.0,10.0,0.0,0.0,0.0,4.0,0.0,0.0,0.0,108.0,195.0,77.4,23.0,29.6,0.2,0.0,0.0,4.5,2.5,63657.0,68252.0,-1.0,1.0
Scamacca,WHU,6.7,FWD,1.8%,3.8,28.0,615.0,2.0,0.0,3.0,6.0,0.0,0.0,0.0,2.0,0.0,0.0,5.0,73.0,98.8,143.5,246.0,48.3,3.8,1.0,0.6,4.2,2.5,320192.0,251995.0,-3.0,3.0
Luis Díaz,LIV,7.8,MID,7.7%,1.2,39.0,613.0,3.0,2.0,2.0,8.0,0.0,0.0,0.0,2.0,0.0,0.0,4.0,109.0,174.8,99.5,279.0,55.3,1.2,1.0,0.2,5.0,4.9,2318560.0,3766692.0,-2.0,2.0
Gueye,EVE,5.0,MID,0.1%,1.8,15.0,602.0,0.0,0.0,3.0,5.0,0.0,0.0,0.0,3.0,0.0,0.0,0.0,88.0,78.6,23.6,2.0,10.3,1.8,0.0,0.4,3.0,1.9,9272.0,6172.0,0.0,0.0
McTominay,MUN,4.9,MID,0.2%,0.7,13.0,600.0,0.0,0.0,2.0,9.0,0.0,0.0,0.0,5.0,0.0,0.0,0.0,71.0,95.8,47.6,66.0,20.5,0.7,0.0,0.1,2.7,1.2,20652.0,37142.0,-1.0,1.0
Neto,WOL,5.0,MID,2.1%,0.2,18.0,600.0,0.0,0.0,4.0,6.0,0.0,0.0,0.0,1.0,0.0,0.0,0.0,62.0,59.0,197.8,163.0,42.0,0.2,0.0,0.0,3.6,2.2,210506.0,1512102.0,-5.0,5.0
Dasilva,BRE,4.3,MID,4.3%,1.2,28.0,598.0,2.0,0.0,1.0,11.0,0.0,0.0,0.0,1.0,0.0,0.0,0.0,110.0,137.4,68.0,103.0,30.8,1.2,0.0,0.3,6.5,2.2,1408870.0,1209676.0,-2.0,2.0
Benrahma,WHU,5.6,MID,0.8%,2.5,25.0,592.0,1.0,1.0,1.0,8.0,0.0,0.0,0.0,0.0,0.0,0.0,0.0,88.0,128.4,187.2,240.0,55.7,2.5,0.0,0.4,4.5,2.3,96641.0,237778.0,-4.0,4.0
R.Sessegnon,TOT,4.5,DEF,1.0%,2.3,30.0,591.0,2.0,1.0,1.0,9.0,0.0,0.0,0.0,3.0,0.0,0.0,0.0,97.0,133.8,75.5,234.0,44.4,2.3,0.0,0.5,6.7,2.7,241903.0,236996.0,0.0,0.0
Moore,BOU,5.4,FWD,0.7%,3.2,34.0,589.0,3.0,0.0,2.0,21.0,0.0,0.0,0.0,0.0,0.0,0.0,3.0,130.0,155.8,62.8,120.0,33.8,3.2,1.0,0.6,6.3,2.6,181818.0,178752.0,-1.0,1.0
Mendy,CHE,4.8,GKP,8.2%,0.3,19.0,585.0,0.0,0.0,1.0,10.0,0.0,0.0,0.0,1.0,0.0,22.0,0.0,104.0,167.0,0.0,0.0,16.9,0.3,1.0,0.1,4.0,2.7,592102.0,1896038.0,-2.0,2.0
McNeil,EVE,5.2,MID,0.1%,3.3,30.0,582.0,2.0,0.0,0.0,8.0,0.0,0.0,0.0,2.0,0.0,0.0,3.0,124.0,159.2,136.5,127.0,42.4,3.3,0.0,0.6,5.8,2.3,13147.0,36673.0,-3.0,3.0
Ndidi,LEI,4.8,MID,0.2%,0.2,13.0,580.0,0.0,0.0,0.0,19.0,0.0,0.0,0.0,1.0,0.0,0.0,0.0,96.0,97.6,16.9,6.0,11.8,0.2,0.0,0.0,2.7,1.6,20031.0,42944.0,-2.0,2.0
Toffolo,NFO,4.4,DEF,0.1%,0.8,17.0,576.0,0.0,0.0,1.0,8.0,0.0,0.0,0.0,0.0,0.0,0.0,1.0,82.0,77.0,65.2,14.0,15.5,0.8,0.0,0.2,3.9,2.1,16047.0,21113.0,-1.0,1.0
Buendía,AVL,5.7,MID,0.3%,1.7,26.0,569.0,1.0,0.0,1.0,13.0,0.0,0.0,0.0,0.0,0.0,0.0,2.0,92.0,113.2,166.4,225.0,50.6,1.7,0.0,0.3,4.6,2.0,59690.0,87164.0,-3.0,3.0
Olise,CRY,5.4,MID,0.2%,3.0,25.0,569.0,0.0,2.0,2.0,6.0,0.0,0.0,0.0,1.0,0.0,0.0,1.0,108.0,117.4,216.5,107.0,44.3,3.0,0.0,0.6,4.6,2.3,20380.0,24239.0,-1.0,1.0
Kamara,AVL,4.8,MID,0.1%,0.0,12.0,566.0,0.0,0.0,0.0,10.0,0.0,0.0,0.0,1.0,0.0,0.0,0.0,70.0,100.0,33.5,5.0,13.8,0.0,0.0,0.0,2.5,1.7,11104.0,22430.0,-2.0,2.0
Kouyaté,NFO,4.5,MID,0.2%,1.7,22.0,566.0,1.0,0.0,1.0,19.0,0.0,0.0,0.0,2.0,0.0,0.0,2.0,97.0,111.2,49.2,69.0,22.9,1.7,0.0,0.4,4.9,2.2,44343.0,29278.0,0.0,0.0
Coutinho,AVL,6.6,MID,3.6%,1.3,18.0,565.0,0.0,0.0,3.0,5.0,0.0,0.0,0.0,2.0,0.0,0.0,0.0,56.0,54.2,108.1,174.0,33.6,1.3,0.0,0.2,2.7,1.5,206040.0,1386974.0,-4.0,4.0
S.Armstrong,SOU,4.8,MID,0.1%,2.5,22.0,562.0,1.0,0.0,0.0,12.0,0.0,0.0,0.0,2.0,0.0,0.0,2.0,76.0,92.6,141.4,144.0,37.9,2.5,0.0,0.5,4.6,1.8,11229.0,15312.0,-2.0,2.0
Walker,MCI,4.9,DEF,3.4%,0.2,23.0,560.0,0.0,0.0,3.0,6.0,0.0,0.0,0.0,0.0,0.0,0.0,0.0,116.0,69.4,66.9,6.0,14.2,0.2,0.0,0.0,4.7,3.3,895833.0,1581848.0,-1.0,1.0
Semedo,WOL,5.0,DEF,0.3%,1.5,14.0,559.0,0.0,1.0,0.0,10.0,0.0,0.0,0.0,3.0,0.0,0.0,1.0,92.0,128.4,85.0,20.0,23.3,1.5,0.0,0.3,2.8,1.3,49379.0,37523.0,0.0,0.0
James,CHE,5.9,DEF,13.9%,0.5,26.0,558.0,1.0,1.0,1.0,8.0,0.0,0.0,0.0,3.0,0.0,0.0,5.0,136.0,147.2,159.8,81.0,38.8,0.5,0.0,0.1,4.4,3.7,2394254.0,5103809.0,-1.0,1.0
Antonio,WHU,7.0,FWD,1.5%,2.2,31.0,557.0,2.0,1.0,1.0,6.0,0.0,0.0,0.0,1.0,0.0,0.0,3.0,88.0,117.6,85.1,220.0,42.1,2.2,0.0,0.3,4.4,2.4,139614.0,449684.0,-5.0,5.0
Stones,MCI,5.4,DEF,1.4%,1.4,29.0,550.0,0.0,2.0,3.0,6.0,1.0,0.0,0.0,1.0,0.0,0.0,3.0,142.0,116.6,46.4,27.0,19.0,1.4,1.0,0.3,5.4,4.1,98523.0,251191.0,-1.0,1.0
Chalobah,CHE,4.7,DEF,0.9%,3.0,20.0,540.0,0.0,0.0,3.0,6.0,1.0,0.0,0.0,0.0,0.0,0.0,0.0,110.0,78.2,9.0,46.0,13.3,3.0,0.0,0.6,4.3,3.3,91295.0,64620.0,-3.0,3.0
Azpilicueta,CHE,4.8,DEF,1.7%,2.8,28.0,536.0,0.0,0.0,3.0,5.0,0.0,0.0,0.0,1.0,0.0,0.0,4.0,130.0,108.2,125.0,51.0,28.5,2.8,1.0,0.6,5.8,3.1,161943.0,194705.0,-2.0,2.0
Soumaré,LEI,4.4,MID,0.5%,1.5,15.0,531.0,0.0,0.0,3.0,9.0,0.0,0.0,0.0,3.0,0.0,0.0,0.0,88.0,83.2,26.6,1.0,11.2,1.5,0.0,0.3,3.4,1.7,65131.0,67595.0,-1.0,1.0
Wissa,BRE,5.4,MID,0.2%,1.5,32.0,530.0,2.0,1.0,1.0,8.0,0.0,0.0,0.0,1.0,0.0,0.0,1.0,76.0,113.8,46.3,147.0,30.2,1.5,0.0,0.3,5.9,2.5,47443.0,50934.0,-1.0,1.0
Kovacic,CHE,4.9,MID,0.4%,2.2,17.0,528.0,0.0,1.0,2.0,7.0,0.0,0.0,0.0,2.0,0.0,0.0,0.0,85.0,90.2,134.8,41.0,26.7,2.2,0.0,0.4,3.5,1.9,37223.0,85969.0,-1.0,1.0
Casemiro,MUN,4.9,MID,1.8%,3.8,26.0,528.0,1.0,1.0,3.0,4.0,0.0,0.0,0.0,2.0,0.0,0.0,3.0,107.0,177.2,86.7,42.0,30.5,3.8,1.0,0.8,5.3,2.9,303828.0,184965.0,-1.0,1.0
Guedes,WOL,5.9,MID,0.2%,0.7,19.0,523.0,0.0,1.0,2.0,8.0,0.0,0.0,0.0,1.0,0.0,0.0,1.0,48.0,42.0,121.3,148.0,31.0,0.7,0.0,0.1,3.2,1.9,106711.0,99146.0,-1.0,1.0
Djenepo,SOU,5.0,MID,0.1%,0.5,18.0,522.0,0.0,1.0,0.0,9.0,0.0,0.0,0.0,0.0,0.0,0.0,0.0,85.0,101.6,65.7,39.0,20.8,0.5,0.0,0.1,3.6,1.8,15553.0,18114.0,0.0,0.0
Akanji,MCI,5.0,DEF,0.9%,3.4,23.0,521.0,0.0,0.0,3.0,5.0,0.0,0.0,0.0,1.0,0.0,0.0,1.0,116.0,76.4,19.4,58.0,15.4,3.4,0.0,0.7,4.6,3.8,117767.0,38049.0,0.0,0.0
Jansson,BRE,4.2,DEF,0.5%,1.0,16.0,513.0,0.0,0.0,2.0,10.0,0.0,0.0,0.0,0.0,0.0,0.0,0.0,99.0,97.2,1.4,10.0,11.0,1.0,0.0,0.2,3.8,2.7,34665.0,184570.0,-3.0,3.0
Adama,WOL,5.5,MID,0.3%,3.3,24.0,503.0,1.0,1.0,1.0,10.0,0.0,0.0,0.0,0.0,0.0,0.0,0.0,76.0,91.8,143.7,67.0,30.2,3.3,0.0,0.6,4.4,2.4,34489.0,32863.0,0.0,0.0
Ajer,BRE,4.5,DEF,0.1%,2.3,15.0,502.0,0.0,0.0,2.0,13.0,0.0,0.0,0.0,0.0,0.0,0.0,0.0,81.0,63.6,7.6,19.0,9.2,2.3,0.0,0.5,3.3,2.5,13950.0,7638.0,0.0,0.0
Kulusevski,TOT,8.0,MID,3.8%,0.0,32.0,498.0,1.0,3.0,2.0,7.0,0.0,0.0,0.0,0.0,0.0,0.0,3.0,104.0,129.8,160.2,167.0,45.7,0.0,1.0,0.0,4.0,4.6,1549002.0,2056085.0,0.0,0.0
Daka,LEI,5.7,FWD,1.1%,2.8,32.0,497.0,3.0,1.0,3.0,13.0,0.0,0.0,0.0,2.0,0.0,0.0,2.0,123.0,171.4,87.7,227.0,48.6,2.8,1.0,0.5,5.6,2.7,155588.0,197399.0,-3.0,3.0
Travers,BOU,4.3,GKP,0.4%,0.5,11.0,495.0,0.0,0.0,1.0,20.0,0.0,0.0,0.0,0.0,0.0,18.0,0.0,94.0,140.8,0.0,0.0,14.2,0.5,0.0,0.1,2.6,1.8,27824.0,41895.0,-2.0,2.0
Arrizabalaga,CHE,4.5,GKP,3.6%,4.8,29.0,495.0,0.0,0.0,3.0,5.0,0.0,0.0,0.0,0.0,0.0,22.0,3.0,131.0,175.0,0.1,0.0,17.6,4.8,0.0,1.1,6.4,4.8,436869.0,90458.0,0.0,0.0
Cooper,LEE,4.4,DEF,0.1%,2.0,12.0,495.0,0.0,0.0,1.0,7.0,0.0,0.0,0.0,1.0,0.0,0.0,0.0,80.0,105.8,33.1,43.0,18.1,2.0,0.0,0.5,2.7,2.0,5395.0,7079.0,-1.0,1.0
Awoniyi,NFO,5.7,FWD,0.6%,2.5,36.0,494.0,3.0,0.0,3.0,15.0,0.0,0.0,0.0,0.0,0.0,0.0,6.0,104.0,124.4,69.5,172.0,36.4,2.5,0.0,0.4,6.3,3.0,119628.0,170049.0,-3.0,3.0
Sánchez,TOT,4.4,DEF,0.7%,0.7,18.0,494.0,0.0,0.0,2.0,7.0,0.0,0.0,0.0,1.0,0.0,0.0,1.0,98.0,111.0,22.8,41.0,17.4,0.7,0.0,0.2,4.1,2.0,68305.0,93846.0,-1.0,1.0
O'Brien,NFO,4.9,MID,0.0%,0.5,18.0,493.0,1.0,0.0,1.0,12.0,0.0,0.0,0.0,2.0,0.0,0.0,0.0,79.0,105.0,52.5,46.0,20.4,0.5,0.0,0.1,3.7,2.0,5207.0,7988.0,-1.0,1.0
Antony,MUN,7.6,MID,9.3%,3.7,28.0,492.0,3.0,0.0,2.0,8.0,0.0,0.0,0.0,1.0,0.0,0.0,1.0,102.0,147.0,107.9,207.0,46.2,3.7,0.0,0.5,3.7,4.7,1407319.0,519731.0,1.0,-1.0
Bissouma,TOT,4.7,MID,0.3%,1.5,14.0,490.0,0.0,0.0,1.0,7.0,0.0,0.0,0.0,3.0,0.0,0.0,0.0,78.0,52.2,63.7,12.0,12.7,1.5,0.0,0.3,3.0,1.2,27318.0,61435.0,-3.0,3.0
Johnson,WHU,4.4,DEF,0.1%,1.8,16.0,487.0,0.0,0.0,1.0,5.0,0.0,0.0,0.0,0.0,0.0,0.0,1.0,88.0,97.6,46.3,2.0,14.7,1.8,0.0,0.4,3.6,2.3,4376.0,10708.0,-1.0,1.0
Grealish,MCI,6.8,MID,1.1%,2.2,25.0,483.0,1.0,1.0,3.0,2.0,0.0,0.0,0.0,0.0,0.0,0.0,2.0,104.0,90.8,200.1,125.0,41.5,2.2,0.0,0.3,3.7,3.6,116880.0,388302.0,-2.0,2.0
Aké,MCI,5.0,DEF,0.8%,1.8,24.0,480.0,0.0,0.0,3.0,4.0,0.0,0.0,0.0,0.0,0.0,0.0,1.0,113.0,93.2,19.5,50.0,16.4,1.8,0.0,0.4,4.8,3.4,206122.0,250799.0,0.0,0.0
Coleman,EVE,4.5,DEF,0.1%,3.2,19.0,473.0,0.0,0.0,2.0,5.0,0.0,0.0,0.0,0.0,0.0,0.0,0.0,95.0,68.2,20.7,18.0,10.7,3.2,0.0,0.7,4.2,3.2,11984.0,9012.0,0.0,0.0
Estupiñán,BHA,4.5,DEF,0.5%,1.7,22.0,468.0,0.0,2.0,1.0,9.0,0.0,0.0,0.0,3.0,0.0,0.0,3.0,99.0,101.2,172.4,41.0,31.4,1.7,0.0,0.4,4.9,2.4,146099.0,105370.0,0.0,0.0
Thiago,LIV,5.2,MID,0.8%,1.5,10.0,465.0,0.0,0.0,1.0,9.0,0.0,0.0,0.0,1.0,0.0,0.0,0.0,68.0,83.6,103.8,10.0,19.8,1.5,0.0,0.3,1.9,1.7,80390.0,211806.0,-3.0,3.0
James,FUL,6.0,MID,0.1%,1.0,14.0,454.0,0.0,0.0,1.0,12.0,0.0,0.0,0.0,0.0,0.0,0.0,0.0,53.0,36.8,62.0,101.0,19.7,1.0,0.0,0.2,2.3,1.4,22044.0,22496.0,0.0,0.0
Malacia,MUN,4.3,DEF,2.5%,-0.3,17.0,451.0,0.0,0.0,2.0,6.0,0.0,0.0,0.0,2.0,0.0,0.0,2.0,78.0,64.0,19.2,14.0,9.8,-0.3,0.0,-0.1,4.0,2.4,370189.0,392476.0,-2.0,2.0
Kelly,BOU,4.4,DEF,0.6%,0.0,23.0,450.0,0.0,2.0,2.0,9.0,0.0,0.0,0.0,0.0,0.0,0.0,3.0,109.0,135.6,40.3,4.0,18.1,0.0,1.0,0.0,5.2,4.6,115362.0,159621.0,-1.0,1.0
Pinnock,BRE,4.4,DEF,0.1%,2.2,13.0,450.0,0.0,0.0,2.0,10.0,1.0,0.0,0.0,0.0,0.0,0.0,1.0,79.0,90.8,23.6,30.0,14.4,2.2,0.0,0.5,3.0,2.6,6297.0,3488.0,-1.0,1.0
Sinisterra,LEE,6.5,MID,0.4%,0.7,22.0,450.0,2.0,0.0,0.0,9.0,0.0,0.0,0.0,1.0,1.0,0.0,3.0,79.0,103.2,81.4,116.0,30.0,0.7,1.0,0.1,3.4,2.4,155102.0,142936.0,0.0,0.0
Diallo,SOU,4.3,MID,0.5%,1.2,11.0,448.0,0.0,0.0,0.0,9.0,0.0,0.0,0.0,1.0,0.0,0.0,0.0,46.0,34.2,24.0,16.0,7.2,1.2,0.0,0.3,2.6,1.2,43336.0,67737.0,-2.0,2.0
Maupay,EVE,6.1,FWD,0.6%,1.3,19.0,447.0,1.0,0.0,2.0,4.0,0.0,0.0,0.0,1.0,0.0,0.0,3.0,48.0,44.2,54.4,158.0,25.5,1.3,1.0,0.2,3.1,2.4,93768.0,139479.0,-4.0,4.0
Milner,LIV,4.4,MID,0.9%,1.3,19.0,438.0,0.0,1.0,1.0,7.0,0.0,0.0,0.0,0.0,0.0,0.0,0.0,87.0,102.2,143.7,81.0,32.8,1.3,0.0,0.3,4.3,1.7,145250.0,159692.0,-1.0,1.0
Darwin,LIV,8.9,FWD,7.2%,2.5,24.0,429.0,3.0,1.0,1.0,7.0,0.0,0.0,0.0,0.0,1.0,0.0,1.0,70.0,137.4,100.0,400.0,62.5,2.5,0.0,0.3,2.7,3.0,1066606.0,2364537.0,-1.0,1.0
Ronaldo,MUN,10.2,FWD,2.5%,2.0,19.0,429.0,1.0,0.0,3.0,5.0,0.0,0.0,0.0,1.0,0.0,0.0,3.0,43.0,62.2,81.3,188.0,32.2,2.0,1.0,0.2,1.9,2.1,178580.0,482562.0,-3.0,3.0
Bamford,LEE,7.2,FWD,0.4%,1.5,17.0,425.0,0.0,2.0,0.0,9.0,0.0,0.0,1.0,0.0,0.0,0.0,0.0,12.0,55.2,52.4,269.0,36.9,1.5,0.0,0.2,2.4,1.7,61593.0,157186.0,-3.0,3.0
Lenglet,TOT,4.8,DEF,0.3%,1.2,11.0,424.0,0.0,1.0,0.0,10.0,0.0,0.0,0.0,0.0,0.0,0.0,1.0,80.0,94.0,32.6,53.0,18.0,1.2,0.0,0.3,2.3,1.8,17895.0,44192.0,-2.0,2.0
Baptiste,BRE,4.5,MID,0.3%,1.2,18.0,423.0,0.0,1.0,1.0,6.0,0.0,0.0,0.0,1.0,0.0,0.0,0.0,83.0,60.4,91.9,39.0,19.3,1.2,0.0,0.3,4.0,1.5,36214.0,40544.0,0.0,0.0
Lavia,SOU,4.5,MID,0.2%,0.0,13.0,419.0,1.0,0.0,0.0,9.0,0.0,0.0,0.0,1.0,0.0,0.0,0.0,82.0,93.8,31.6,23.0,14.8,0.0,0.0,0.0,2.9,2.6,81090.0,91347.0,0.0,0.0
Renan Lodi,NFO,4.3,DEF,0.1%,0.2,2.0,418.0,0.0,0.0,0.0,19.0,0.0,0.0,0.0,1.0,0.0,0.0,0.0,52.0,61.6,32.2,53.0,14.7,0.2,0.0,0.0,0.5,0.3,28252.0,21476.0,-2.0,2.0
Lallana,BHA,4.9,MID,0.1%,1.5,17.0,417.0,0.0,0.0,3.0,4.0,0.0,0.0,0.0,0.0,0.0,0.0,0.0,63.0,50.0,119.4,93.0,26.4,1.5,0.0,0.3,3.5,1.9,18183.0,28250.0,-1.0,1.0
Targett,NEW,4.9,DEF,0.8%,0.7,22.0,417.0,0.0,0.0,2.0,4.0,0.0,0.0,0.0,0.0,0.0,0.0,2.0,100.0,78.4,100.8,8.0,18.6,0.7,0.0,0.1,4.5,2.4,109408.0,166902.0,-1.0,1.0
Diop,FUL,4.3,DEF,0.2%,3.8,24.0,416.0,1.0,0.0,2.0,6.0,0.0,0.0,0.0,1.0,0.0,0.0,3.0,97.0,98.6,6.5,33.0,13.8,3.8,1.0,0.9,5.6,4.0,14976.0,14209.0,-2.0,2.0
Chilwell,CHE,5.9,DEF,4.2%,1.7,32.0,415.0,1.0,2.0,2.0,3.0,0.0,0.0,0.0,1.0,0.0,0.0,0.0,107.0,88.8,43.9,50.0,18.3,1.7,1.0,0.3,5.4,3.6,545768.0,543301.0,-1.0,1.0
Clyne,CRY,4.5,DEF,0.1%,0.2,7.0,413.0,0.0,0.0,0.0,8.0,0.0,0.0,0.0,1.0,0.0,0.0,0.0,44.0,47.2,37.9,0.0,8.5,0.2,0.0,0.0,1.6,1.2,10597.0,19487.0,0.0,0.0
Dendoncker,AVL,4.7,MID,0.1%,1.3,16.0,412.0,0.0,0.0,2.0,8.0,0.0,0.0,0.0,0.0,0.0,0.0,0.0,76.0,69.6,56.4,55.0,18.2,1.3,0.0,0.3,3.4,1.6,6776.0,16229.0,-3.0,3.0
Murphy,NEW,4.3,MID,4.1%,2.7,23.0,412.0,1.0,0.0,1.0,3.0,0.0,0.0,0.0,0.0,0.0,0.0,1.0,57.0,68.0,87.1,191.0,34.6,2.7,0.0,0.6,5.3,1.8,382193.0,571674.0,-2.0,2.0
Diego Costa,WOL,5.5,FWD,0.5%,1.2,7.0,412.0,0.0,0.0,1.0,9.0,0.0,0.0,0.0,0.0,1.0,0.0,0.0,-3.0,9.2,30.2,294.0,33.0,1.2,0.0,0.2,1.3,1.2,124049.0,81697.0,0.0,0.0
Caleta-Car,SOU,4.5,DEF,0.0%,2.3,14.0,408.0,0.0,0.0,1.0,5.0,0.0,0.0,0.0,0.0,0.0,0.0,2.0,80.0,98.0,12.5,29.0,14.0,2.3,0.0,0.5,3.1,2.8,1970.0,1167.0,0.0,0.0
Paquetá,WHU,5.9,MID,0.6%,2.2,17.0,408.0,0.0,1.0,1.0,4.0,0.0,0.0,0.0,1.0,0.0,0.0,3.0,49.0,68.8,47.9,180.0,29.7,2.2,0.0,0.4,2.9,2.8,240749.0,196163.0,-1.0,1.0
Tomiyasu,ARS,4.2,DEF,0.9%,3.2,21.0,404.0,0.0,0.0,2.0,4.0,0.0,0.0,0.0,1.0,0.0,0.0,0.0,110.0,77.8,43.0,24.0,14.4,3.2,0.0,0.8,5.0,1.9,70059.0,157164.0,-3.0,3.0
Willian,FUL,5.5,MID,0.1%,2.8,24.0,394.0,1.0,1.0,2.0,3.0,0.0,0.0,0.0,0.0,0.0,0.0,4.0,96.0,112.4,179.6,149.0,44.1,2.8,0.0,0.5,4.4,4.0,38691.0,28534.0,0.0,0.0
Zinchenko,ARS,5.0,DEF,7.8%,0.4,22.0,393.0,0.0,1.0,2.0,5.0,0.0,0.0,0.0,0.0,0.0,0.0,3.0,107.0,75.4,58.5,38.0,17.1,0.4,1.0,0.1,4.4,4.4,1682174.0,2847827.0,0.0,0.0
Fred,MUN,5.1,MID,0.5%,3.0,23.0,392.0,1.0,1.0,2.0,9.0,0.0,0.0,0.0,2.0,0.0,0.0,2.0,87.0,84.4,127.9,130.0,34.1,3.0,1.0,0.6,4.5,2.1,32500.0,95540.0,-4.0,4.0
Gallagher,CHE,5.7,MID,0.6%,3.0,21.0,379.0,1.0,1.0,1.0,7.0,0.0,0.0,0.0,0.0,1.0,0.0,2.0,101.0,121.0,139.7,92.0,35.1,3.0,0.0,0.5,3.7,2.1,59666.0,167060.0,-3.0,3.0
Fredericks,BOU,4.4,DEF,0.0%,1.0,8.0,377.0,0.0,0.0,0.0,6.0,0.0,0.0,0.0,1.0,0.0,0.0,0.0,38.0,36.6,25.1,8.0,7.1,1.0,0.0,0.2,1.8,1.1,1628.0,3629.0,-1.0,1.0
Mahrez,MCI,7.5,MID,1.4%,2.0,22.0,368.0,1.0,1.0,2.0,6.0,0.0,0.0,0.0,1.0,0.0,0.0,0.0,83.0,76.4,141.0,153.0,37.1,2.0,0.0,0.3,2.9,2.4,90729.0,516519.0,-5.0,5.0
Richarlison,TOT,8.4,FWD,0.6%,1.2,19.0,366.0,0.0,3.0,0.0,7.0,0.0,0.0,0.0,2.0,0.0,0.0,1.0,56.0,79.2,109.3,146.0,33.5,1.2,0.0,0.1,2.3,2.1,127662.0,159033.0,-1.0,1.0
Fofana,CHE,4.3,DEF,1.1%,0.3,4.0,360.0,0.0,0.0,0.0,8.0,0.0,0.0,0.0,1.0,0.0,0.0,0.0,47.0,67.4,13.8,26.0,10.9,0.3,0.0,0.1,0.9,1.0,290407.0,366969.0,-2.0,2.0
Tsimikas,LIV,4.5,DEF,0.5%,1.8,21.0,359.0,0.0,3.0,1.0,5.0,0.0,0.0,0.0,1.0,0.0,0.0,0.0,97.0,97.8,126.4,56.0,28.2,1.8,1.0,0.4,4.7,2.3,102300.0,69166.0,0.0,0.0
Saint-Maximin,NEW,6.2,MID,3.4%,0.3,29.0,359.0,1.0,3.0,2.0,4.0,0.0,0.0,0.0,1.0,0.0,0.0,4.0,83.0,108.0,96.1,177.0,38.2,0.3,1.0,0.0,4.7,4.8,858635.0,1355523.0,-3.0,3.0
Zanka,BRE,4.0,DEF,1.1%,1.2,12.0,356.0,0.0,0.0,1.0,7.0,0.0,0.0,0.0,0.0,0.0,0.0,0.0,66.0,58.0,14.5,19.0,9.3,1.2,0.0,0.3,3.0,2.0,171864.0,76355.0,0.0,0.0
Pulisic,CHE,5.7,MID,0.6%,2.7,21.0,355.0,1.0,1.0,1.0,6.0,0.0,0.0,0.0,1.0,0.0,0.0,0.0,65.0,87.2,110.4,121.0,32.0,2.7,0.0,0.5,3.7,1.9,59572.0,93733.0,-3.0,3.0
Aurier,NFO,4.5,DEF,0.1%,2.3,14.0,350.0,0.0,0.0,2.0,7.0,0.0,0.0,0.0,1.0,0.0,0.0,1.0,66.0,89.4,33.6,0.0,12.3,2.3,0.0,0.5,3.1,2.8,6259.0,2372.0,0.0,0.0
Tierney,ARS,4.8,DEF,0.8%,1.0,18.0,333.0,0.0,0.0,1.0,2.0,0.0,0.0,0.0,0.0,0.0,0.0,0.0,70.0,57.0,40.0,41.0,13.8,1.0,0.0,0.2,3.8,1.6,53806.0,111215.0,-2.0,2.0
Carvalho,LIV,5.4,MID,0.4%,0.8,24.0,328.0,2.0,1.0,0.0,3.0,0.0,0.0,0.0,0.0,0.0,0.0,0.0,73.0,87.4,34.7,173.0,29.2,0.8,0.0,0.1,4.4,2.4,95345.0,91094.0,-1.0,1.0
Holgate,EVE,4.3,DEF,0.1%,0.0,12.0,319.0,0.0,0.0,1.0,4.0,0.0,0.0,0.0,1.0,0.0,0.0,2.0,60.0,72.0,36.4,48.0,15.6,0.0,0.0,0.0,2.8,3.0,6221.0,15966.0,-2.0,2.0
Nørgaard,BRE,5.3,MID,0.1%,0.0,15.0,309.0,1.0,0.0,1.0,6.0,0.0,0.0,0.0,0.0,0.0,0.0,1.0,60.0,75.8,29.9,73.0,17.8,0.0,0.0,0.0,2.8,3.8,24883.0,46856.0,-2.0,2.0
Fraser,NEW,5.2,MID,0.1%,0.5,11.0,308.0,0.0,0.0,1.0,3.0,0.0,0.0,0.0,1.0,0.0,0.0,0.0,39.0,26.8,74.0,70.0,17.2,0.5,0.0,0.1,2.1,1.4,9854.0,20817.0,-3.0,3.0
Onyeka,BRE,4.8,MID,0.0%,1.8,15.0,304.0,0.0,1.0,1.0,6.0,0.0,0.0,0.0,0.0,0.0,0.0,0.0,47.0,54.2,48.4,38.0,14.2,1.8,0.0,0.4,3.1,1.5,3332.0,4532.0,-2.0,2.0
Davies,EVE,4.9,MID,0.0%,0.3,8.0,294.0,0.0,0.0,1.0,3.0,0.0,0.0,0.0,2.0,0.0,0.0,0.0,27.0,19.8,22.3,32.0,7.4,0.3,0.0,0.1,1.6,1.1,3416.0,4652.0,-1.0,1.0
Doherty,TOT,4.6,DEF,0.7%,2.5,16.0,292.0,0.0,0.0,2.0,2.0,0.0,0.0,0.0,0.0,0.0,0.0,0.0,64.0,43.0,29.1,49.0,12.1,2.5,0.0,0.5,3.5,2.7,85668.0,97036.0,-4.0,4.0
Maitland-Niles,SOU,4.8,MID,0.0%,1.0,7.0,289.0,0.0,0.0,1.0,3.0,0.0,0.0,0.0,2.0,0.0,0.0,0.0,36.0,34.8,6.6,2.0,4.3,1.0,0.0,0.2,1.5,1.4,4251.0,7721.0,-2.0,2.0
Summerville,LEE,4.4,MID,0.2%,3.0,20.0,287.0,2.0,0.0,0.0,8.0,0.0,0.0,0.0,1.0,0.0,0.0,1.0,65.0,92.0,25.9,92.0,20.7,3.0,0.0,0.7,4.5,2.5,24109.0,24637.0,-1.0,1.0
Álvarez,MCI,6.0,FWD,1.2%,1.2,22.0,287.0,2.0,0.0,2.0,2.0,0.0,0.0,0.0,0.0,0.0,0.0,2.0,79.0,93.2,53.3,99.0,24.4,1.2,1.0,0.2,3.7,2.2,170293.0,346676.0,-5.0,5.0
Elanga,MUN,4.7,MID,0.5%,0.8,15.0,285.0,0.0,1.0,2.0,1.0,0.0,0.0,0.0,0.0,0.0,0.0,0.0,32.0,35.2,58.4,73.0,16.1,0.8,0.0,0.2,3.2,1.9,71839.0,124656.0,-3.0,3.0
Maguire,MUN,4.7,DEF,0.3%,1.0,5.0,280.0,0.0,0.0,1.0,6.0,0.0,0.0,0.0,3.0,0.0,0.0,0.0,53.0,78.4,16.3,38.0,13.2,1.0,0.0,0.2,1.1,1.2,13430.0,84078.0,-3.0,3.0
Calvert-Lewin,EVE,7.9,FWD,0.7%,2.2,13.0,277.0,1.0,0.0,2.0,2.0,0.0,0.0,0.0,1.0,0.0,0.0,2.0,30.0,40.2,7.6,78.0,12.0,2.2,0.0,0.3,1.6,2.6,58290.0,43243.0,-1.0,1.0
Bueno,WOL,3.9,DEF,1.6%,1.5,9.0,271.0,0.0,1.0,0.0,7.0,0.0,0.0,0.0,0.0,0.0,0.0,2.0,60.0,69.2,67.5,22.0,15.9,1.5,0.0,0.4,2.3,2.2,150699.0,69163.0,-1.0,1.0
Dawson,WHU,4.8,DEF,0.2%,2.2,13.0,270.0,0.0,1.0,1.0,2.0,0.0,0.0,0.0,0.0,0.0,0.0,0.0,52.0,34.0,11.7,15.0,6.1,2.2,0.0,0.5,2.7,4.3,10656.0,35834.0,-2.0,2.0
Mangala,NFO,4.9,MID,0.0%,1.0,11.0,263.0,0.0,0.0,2.0,2.0,0.0,0.0,0.0,0.0,0.0,0.0,0.0,34.0,20.8,18.7,24.0,6.3,1.0,0.0,0.2,2.2,1.6,1937.0,4714.0,-1.0,1.0
Dennis,NFO,5.8,FWD,0.1%,1.8,14.0,261.0,1.0,0.0,0.0,9.0,0.0,0.0,0.0,2.0,0.0,0.0,2.0,25.0,38.2,32.4,93.0,16.1,1.8,0.0,0.3,2.4,1.8,38703.0,35490.0,-2.0,2.0
Milivojevic,CRY,4.3,MID,0.5%,1.2,11.0,259.0,0.0,0.0,1.0,3.0,0.0,0.0,0.0,0.0,0.0,0.0,0.0,38.0,34.4,20.8,12.0,6.6,1.2,0.0,0.3,2.6,1.4,43904.0,64120.0,-2.0,2.0
Matip,LIV,5.9,DEF,0.7%,0.3,4.0,258.0,0.0,0.0,0.0,7.0,0.0,0.0,0.0,0.0,0.0,0.0,0.0,52.0,61.0,4.3,2.0,6.7,0.3,0.0,0.1,0.7,1.0,40292.0,217214.0,-1.0,1.0
Roerslev,BRE,4.3,DEF,0.1%,1.3,14.0,251.0,0.0,0.0,2.0,3.0,0.0,0.0,0.0,0.0,0.0,0.0,0.0,55.0,39.8,45.3,18.0,10.2,1.3,0.0,0.3,3.3,2.8,3168.0,4618.0,-2.0,2.0
Hwang,WOL,5.7,MID,0.2%,0.7,14.0,250.0,0.0,1.0,0.0,4.0,0.0,0.0,0.0,0.0,0.0,0.0,0.0,37.0,36.2,33.5,84.0,15.4,0.7,0.0,0.1,2.5,1.4,25026.0,58239.0,-3.0,3.0
Bednarek,AVL,4.3,DEF,0.2%,0.3,3.0,249.0,0.0,0.0,0.0,7.0,0.0,0.0,0.0,0.0,0.0,0.0,0.0,47.0,54.6,22.0,8.0,8.5,0.3,0.0,0.1,0.7,0.8,5042.0,31080.0,-2.0,2.0
Mateta,CRY,5.2,FWD,0.4%,0.7,13.0,243.0,1.0,0.0,1.0,5.0,0.0,0.0,0.0,2.0,0.0,0.0,0.0,44.0,59.2,47.4,113.0,21.6,0.7,0.0,0.1,2.5,1.3,53282.0,94653.0,-3.0,3.0
Isak,NEW,6.7,FWD,1.1%,0.0,18.0,243.0,2.0,0.0,1.0,2.0,0.0,0.0,0.0,0.0,0.0,0.0,4.0,58.0,90.4,34.9,153.0,27.8,0.0,0.0,0.0,2.7,6.0,1011780.0,965285.0,-3.0,3.0
Anthony,BOU,5.3,MID,0.1%,0.7,16.0,242.0,1.0,0.0,0.0,13.0,0.0,0.0,0.0,0.0,0.0,0.0,1.0,48.0,68.4,17.5,62.0,15.0,0.7,0.0,0.1,3.0,1.8,5092.0,10046.0,-2.0,2.0
Aubameyang,CHE,8.9,FWD,1.3%,2.3,14.0,240.0,1.0,0.0,1.0,2.0,0.0,0.0,0.0,0.0,0.0,0.0,3.0,45.0,45.2,39.7,49.0,13.3,2.3,0.0,0.3,1.6,2.8,469670.0,360865.0,-1.0,1.0
Downes,WHU,4.3,MID,0.4%,1.3,9.0,238.0,0.0,0.0,1.0,2.0,0.0,0.0,0.0,0.0,0.0,0.0,0.0,28.0,6.8,15.3,36.0,5.8,1.3,0.0,0.3,2.1,1.8,39722.0,39270.0,-2.0,2.0
Damsgaard,BRE,5.2,MID,0.1%,0.8,8.0,229.0,0.0,0.0,1.0,3.0,0.0,0.0,0.0,2.0,0.0,0.0,0.0,37.0,38.2,65.2,57.0,16.0,0.8,0.0,0.2,1.5,1.0,22228.0,21376.0,-3.0,3.0
Cairney,FUL,4.7,MID,0.0%,1.0,13.0,228.0,0.0,0.0,0.0,4.0,0.0,0.0,0.0,0.0,0.0,0.0,0.0,55.0,35.6,67.1,79.0,18.3,1.0,0.0,0.2,2.8,1.0,2988.0,6990.0,-3.0,3.0
Lewis-Potter,BRE,5.2,MID,0.1%,0.2,10.0,223.0,0.0,1.0,0.0,3.0,0.0,0.0,0.0,0.0,0.0,0.0,0.0,29.0,38.4,57.4,112.0,20.7,0.2,0.0,0.0,1.9,1.7,3013.0,10460.0,-3.0,3.0
Emerson,WHU,4.0,DEF,2.2%,0.5,6.0,221.0,0.0,0.0,0.0,3.0,0.0,0.0,0.0,1.0,0.0,0.0,0.0,19.0,12.6,17.8,32.0,6.3,0.5,0.0,0.1,1.5,0.9,387465.0,223588.0,0.0,0.0
Mitoma,BHA,4.9,MID,0.0%,1.8,15.0,219.0,0.0,2.0,0.0,2.0,0.0,0.0,0.0,0.0,0.0,0.0,0.0,67.0,68.8,98.8,83.0,25.0,1.8,0.0,0.4,3.1,1.9,5412.0,7333.0,-1.0,1.0
Lyanco,SOU,4.4,DEF,0.0%,0.5,6.0,213.0,0.0,0.0,0.0,2.0,0.0,0.0,0.0,2.0,0.0,0.0,0.0,31.0,53.2,2.1,34.0,9.0,0.5,0.0,0.1,1.4,1.0,1010.0,3337.0,-1.0,1.0
Jiménez,WOL,6.8,FWD,0.2%,0.0,5.0,211.0,0.0,0.0,1.0,2.0,0.0,0.0,0.0,0.0,0.0,0.0,0.0,2.0,11.4,26.4,104.0,14.2,0.0,0.0,0.0,0.7,1.7,59280.0,84653.0,-2.0,2.0
Pearson,BOU,4.4,MID,0.2%,0.0,6.0,210.0,0.0,0.0,1.0,7.0,0.0,0.0,0.0,1.0,0.0,0.0,0.0,18.0,13.8,2.5,7.0,2.4,0.0,0.0,0.0,1.4,1.5,52004.0,64537.0,-1.0,1.0
Iheanacho,LEI,6.1,FWD,0.4%,0.7,18.0,210.0,1.0,1.0,0.0,9.0,0.0,0.0,0.0,0.0,0.0,0.0,0.0,62.0,69.8,91.2,107.0,26.6,0.7,0.0,0.1,3.0,1.8,37801.0,101771.0,-4.0,4.0
Mwepu,BHA,5.3,MID,0.1%,0.0,11.0,209.0,0.0,1.0,0.0,4.0,0.0,0.0,0.0,0.0,0.0,0.0,0.0,29.0,48.8,39.0,34.0,12.2,0.0,0.0,0.0,2.1,1.8,5979.0,15579.0,-2.0,2.0
Mara,SOU,5.3,FWD,0.1%,0.7,12.0,207.0,0.0,1.0,0.0,3.0,0.0,0.0,0.0,0.0,0.0,0.0,0.0,31.0,33.2,47.3,105.0,18.2,0.7,0.0,0.1,2.3,1.3,14423.0,18567.0,-2.0,2.0
Traoré,WOL,4.5,MID,0.1%,0.8,6.0,201.0,0.0,0.0,0.0,2.0,0.0,0.0,0.0,1.0,0.0,0.0,0.0,18.0,20.6,3.3,4.0,2.9,0.8,0.0,0.2,1.3,1.0,11313.0,5774.0,0.0,0.0
Praet,LEI,4.8,MID,0.0%,1.5,10.0,196.0,0.0,1.0,1.0,2.0,0.0,0.0,0.0,1.0,0.0,0.0,0.0,28.0,19.4,9.6,6.0,3.5,1.5,0.0,0.3,2.1,1.7,1175.0,2130.0,-2.0,2.0
Sambi,ARS,4.3,MID,0.3%,0.2,8.0,195.0,0.0,0.0,0.0,3.0,0.0,0.0,0.0,0.0,0.0,0.0,0.0,43.0,21.4,23.3,0.0,4.5,0.2,0.0,0.0,1.9,1.3,34060.0,43255.0,-2.0,2.0
Diogo Jota,LIV,8.9,FWD,0.3%,1.2,8.0,195.0,0.0,1.0,1.0,4.0,0.0,0.0,0.0,1.0,0.0,0.0,0.0,28.0,52.6,81.0,43.0,17.7,1.2,0.0,0.1,0.9,2.0,37164.0,75557.0,-1.0,1.0
Laporte,MCI,5.8,DEF,0.3%,1.6,8.0,195.0,0.0,0.0,1.0,3.0,0.0,0.0,0.0,0.0,0.0,0.0,0.0,39.0,19.0,22.7,16.0,5.7,1.6,0.0,0.3,1.4,2.7,14233.0,48175.0,-2.0,2.0
Klich,LEE,4.7,MID,0.1%,0.8,10.0,188.0,0.0,0.0,0.0,5.0,0.0,0.0,0.0,1.0,0.0,0.0,0.0,38.0,38.4,66.5,45.0,14.6,0.8,0.0,0.2,2.1,0.9,4747.0,11442.0,-3.0,3.0
Broja,CHE,5.3,FWD,0.6%,2.3,18.0,187.0,1.0,1.0,1.0,4.0,0.0,0.0,0.0,0.0,0.0,0.0,0.0,56.0,53.4,5.6,94.0,15.4,2.3,0.0,0.4,3.4,1.8,53413.0,136727.0,-2.0,2.0
Thomas,LEI,4.3,DEF,0.1%,0.2,0.0,182.0,0.0,0.0,0.0,6.0,1.0,0.0,0.0,1.0,0.0,0.0,0.0,20.0,20.6,3.4,0.0,2.4,0.2,0.0,0.0,0.0,0.0,3586.0,8098.0,-2.0,2.0
Diego Carlos,AVL,4.7,DEF,0.2%,0.0,3.0,180.0,0.0,0.0,0.0,3.0,0.0,0.0,0.0,0.0,0.0,0.0,0.0,17.0,23.0,2.8,32.0,5.8,0.0,0.0,0.0,0.6,1.5,6155.0,94902.0,-3.0,3.0
Rodák,FUL,4.4,GKP,0.2%,0.0,7.0,180.0,0.0,0.0,1.0,2.0,0.0,0.0,0.0,0.0,0.0,2.0,0.0,33.0,19.0,0.0,0.0,1.9,0.0,0.0,0.0,1.6,3.5,12835.0,19268.0,-1.0,1.0
Toti,WOL,3.9,DEF,1.5%,1.3,8.0,180.0,0.0,0.0,1.0,3.0,0.0,0.0,0.0,0.0,0.0,0.0,1.0,44.0,43.8,11.5,2.0,5.7,1.3,0.0,0.3,2.1,4.0,165708.0,116303.0,-1.0,1.0
Kanté,CHE,4.8,MID,1.2%,0.0,5.0,174.0,0.0,0.0,1.0,1.0,0.0,0.0,0.0,0.0,0.0,0.0,0.0,32.0,36.4,48.7,23.0,10.8,0.0,0.0,0.0,1.0,2.5,85710.0,384626.0,-2.0,2.0
Lamptey,BHA,4.2,DEF,1.2%,0.7,9.0,170.0,0.0,0.0,0.0,1.0,0.0,0.0,0.0,1.0,0.0,0.0,0.0,26.0,20.8,25.8,8.0,5.5,0.7,0.0,0.2,2.1,0.9,50228.0,180008.0,-3.0,3.0
Lindelöf,MUN,4.3,DEF,0.1%,0.5,3.0,170.0,0.0,0.0,0.0,5.0,0.0,0.0,0.0,0.0,0.0,0.0,0.0,32.0,32.0,2.3,0.0,3.4,0.5,0.0,0.1,0.7,1.0,7448.0,20085.0,-2.0,2.0
Fábio Vieira,ARS,5.7,MID,0.1%,1.0,16.0,168.0,1.0,0.0,1.0,1.0,0.0,0.0,0.0,0.0,0.0,0.0,2.0,45.0,56.6,48.4,57.0,16.2,1.0,1.0,0.2,2.8,2.3,16510.0,24311.0,-3.0,3.0
Niakhaté,NFO,4.3,DEF,0.1%,0.0,7.0,160.0,0.0,0.0,1.0,2.0,0.0,0.0,0.0,0.0,0.0,0.0,0.0,26.0,36.0,1.0,32.0,6.9,0.0,0.0,0.0,1.6,3.5,2353.0,12759.0,-2.0,2.0
Vinícius,FUL,5.5,FWD,0.1%,0.8,7.0,158.0,0.0,0.0,0.0,5.0,0.0,0.0,0.0,1.0,0.0,0.0,0.0,13.0,2.0,25.4,36.0,6.1,0.8,0.0,0.1,1.3,1.0,8099.0,5879.0,0.0,0.0
Jones,LIV,4.9,MID,0.0%,0.7,4.0,153.0,0.0,0.0,0.0,2.0,0.0,0.0,0.0,0.0,0.0,0.0,0.0,19.0,23.4,33.7,71.0,12.9,0.7,0.0,0.1,0.8,1.3,899.0,1431.0,-1.0,1.0
Gelhardt,LEE,5.1,FWD,0.2%,1.2,12.0,151.0,0.0,1.0,0.0,3.0,0.0,0.0,0.0,0.0,0.0,0.0,0.0,20.0,26.0,21.0,68.0,11.3,1.2,0.0,0.2,2.4,1.3,21359.0,61291.0,-4.0,4.0
Wood,NEW,5.6,FWD,0.5%,0.8,13.0,144.0,0.0,0.0,0.0,2.0,0.0,0.0,0.0,0.0,0.0,0.0,0.0,33.0,15.0,12.5,45.0,7.0,0.8,0.0,0.1,2.3,1.1,39978.0,152047.0,-4.0,4.0
Nketiah,ARS,6.5,FWD,0.3%,1.0,12.0,141.0,0.0,0.0,0.0,1.0,0.0,0.0,0.0,0.0,0.0,0.0,0.0,23.0,22.8,37.9,137.0,19.4,1.0,0.0,0.2,1.8,1.0,17761.0,74232.0,-5.0,5.0
Ayling,LEE,4.5,DEF,0.1%,0.7,7.0,139.0,0.0,1.0,0.0,5.0,0.0,0.0,0.0,0.0,0.0,0.0,0.0,40.0,57.2,25.5,27.0,11.0,0.7,0.0,0.2,1.6,1.4,9809.0,6722.0,0.0,0.0
A.Doucouré,EVE,5.3,MID,0.1%,0.3,6.0,138.0,0.0,0.0,0.0,2.0,0.0,0.0,0.0,0.0,0.0,0.0,0.0,25.0,11.0,5.0,27.0,4.3,0.3,0.0,0.1,1.1,1.2,5539.0,23020.0,-2.0,2.0
Ziyech,CHE,5.5,MID,0.3%,0.3,5.0,131.0,0.0,0.0,0.0,4.0,0.0,0.0,0.0,0.0,0.0,0.0,0.0,22.0,20.6,38.7,22.0,8.1,0.3,0.0,0.1,0.9,1.2,23276.0,59742.0,-5.0,5.0
Mbabu,FUL,4.4,DEF,0.2%,0.0,6.0,131.0,0.0,1.0,0.0,6.0,0.0,0.0,0.0,1.0,0.0,0.0,0.0,36.0,39.2,37.4,0.0,7.7,0.0,0.0,0.0,1.4,1.2,9465.0,17896.0,-1.0,1.0
Wilson,FUL,5.7,MID,0.0%,1.0,6.0,131.0,0.0,0.0,0.0,2.0,0.0,0.0,0.0,0.0,0.0,0.0,0.0,14.0,2.6,17.4,40.0,5.9,1.0,0.0,0.2,1.1,1.2,3403.0,11185.0,-3.0,3.0
Skipp,TOT,4.4,MID,0.1%,1.0,6.0,128.0,0.0,0.0,0.0,3.0,0.0,0.0,0.0,1.0,0.0,0.0,0.0,23.0,13.8,44.8,19.0,7.8,1.0,0.0,0.2,1.4,1.0,9336.0,13479.0,-1.0,1.0
Mendy,LEI,4.3,MID,0.5%,0.7,4.0,125.0,0.0,0.0,0.0,1.0,0.0,0.0,0.0,0.0,0.0,0.0,0.0,13.0,8.4,2.9,0.0,1.2,0.7,0.0,0.2,0.9,1.0,41839.0,66145.0,-2.0,2.0
Colback,NFO,4.3,MID,0.7%,0.0,4.0,125.0,0.0,0.0,0.0,4.0,0.0,0.0,0.0,0.0,0.0,0.0,0.0,23.0,18.6,16.1,0.0,3.5,0.0,1.0,0.0,0.9,1.3,106365.0,192367.0,-2.0,2.0
Pérez,LEI,4.7,MID,0.1%,0.3,9.0,123.0,0.0,1.0,1.0,1.0,0.0,0.0,0.0,0.0,0.0,0.0,0.0,25.0,12.0,39.3,36.0,8.8,0.3,0.0,0.1,1.9,2.2,7823.0,15255.0,-3.0,3.0
Surridge,NFO,4.7,FWD,0.8%,0.3,6.0,121.0,0.0,0.0,0.0,1.0,0.0,0.0,0.0,1.0,0.0,0.0,0.0,13.0,14.4,12.2,8.0,3.3,0.3,0.0,0.1,1.3,1.0,92119.0,174184.0,-3.0,3.0
Larios,SOU,4.0,DEF,0.1%,0.3,3.0,117.0,0.0,0.0,0.0,2.0,0.0,0.0,0.0,0.0,0.0,0.0,0.0,15.0,17.4,6.6,2.0,2.6,0.3,0.0,0.1,0.8,0.8,8085.0,4406.0,0.0,0.0
Stacey,BOU,4.3,DEF,0.0%,0.3,3.0,113.0,0.0,0.0,0.0,4.0,0.0,0.0,0.0,1.0,0.0,0.0,0.0,20.0,18.2,5.6,0.0,2.4,0.3,0.0,0.1,0.7,0.6,1692.0,4425.0,-2.0,2.0
Firpo,LEE,4.5,DEF,0.0%,0.3,2.0,113.0,0.0,0.0,0.0,2.0,0.0,0.0,0.0,0.0,0.0,0.0,0.0,15.0,15.2,22.1,2.0,4.0,0.3,0.0,0.1,0.4,1.0,1116.0,1187.0,0.0,0.0
Sergio Gómez,MCI,4.5,DEF,0.1%,0.8,7.0,106.0,0.0,1.0,0.0,3.0,0.0,0.0,0.0,0.0,0.0,0.0,0.0,26.0,44.0,32.5,18.0,9.4,0.8,0.0,0.2,1.6,1.4,35029.0,29584.0,0.0,0.0
Areola,WHU,4.3,GKP,1.0%,0.2,2.0,106.0,0.0,0.0,0.0,2.0,0.0,0.0,0.0,0.0,0.0,0.0,0.0,6.0,1.4,0.0,0.0,0.1,0.2,0.0,0.0,0.5,1.0,47065.0,99459.0,-2.0,2.0
Lascelles,NEW,4.3,DEF,0.1%,0.5,3.0,105.0,0.0,0.0,0.0,3.0,0.0,0.0,0.0,1.0,0.0,0.0,0.0,13.0,28.0,0.1,4.0,2.9,0.5,0.0,0.1,0.7,0.8,3719.0,11905.0,-2.0,2.0
Martial,MUN,6.7,FWD,0.7%,2.3,18.0,104.0,2.0,2.0,0.0,4.0,0.0,0.0,0.0,0.0,0.0,0.0,1.0,85.0,107.2,39.1,62.0,20.8,2.3,0.0,0.3,2.7,6.0,235765.0,377992.0,-3.0,3.0
Rondón,EVE,5.0,FWD,0.5%,0.5,7.0,103.0,0.0,0.0,0.0,2.0,0.0,0.0,0.0,0.0,0.0,0.0,0.0,12.0,7.4,26.1,41.0,7.3,0.5,0.0,0.1,1.4,1.0,91531.0,90897.0,0.0,0.0
Greenwood,LEE,4.2,FWD,9.5%,0.3,5.0,103.0,0.0,0.0,0.0,3.0,0.0,0.0,0.0,0.0,0.0,0.0,0.0,14.0,10.4,19.7,37.0,6.7,0.3,0.0,0.1,1.2,1.2,705000.0,1891286.0,-3.0,3.0
Chambers,AVL,4.2,DEF,0.2%,0.2,4.0,100.0,0.0,0.0,0.0,1.0,0.0,0.0,0.0,0.0,0.0,0.0,0.0,22.0,30.0,0.6,0.0,3.1,0.2,0.0,0.0,1.0,1.3,6650.0,21270.0,-3.0,3.0
Palmer,MCI,4.3,MID,0.1%,0.6,7.0,99.0,0.0,0.0,0.0,2.0,0.0,0.0,0.0,0.0,0.0,0.0,0.0,25.0,18.8,37.7,42.0,9.9,0.6,0.0,0.1,1.6,1.0,12849.0,19954.0,-2.0,2.0
Lanzini,WHU,5.1,MID,0.1%,0.2,4.0,95.0,0.0,0.0,0.0,1.0,0.0,0.0,0.0,0.0,0.0,0.0,0.0,10.0,3.0,5.2,16.0,2.3,0.2,0.0,0.0,0.8,1.0,12580.0,31332.0,-4.0,4.0
Edozie,SOU,4.8,MID,0.0%,0.7,6.0,93.0,0.0,0.0,0.0,0.0,0.0,0.0,0.0,0.0,0.0,0.0,0.0,20.0,17.2,37.1,25.0,7.9,0.7,0.0,0.1,1.2,1.0,1339.0,1014.0,-2.0,2.0
Garner,EVE,4.5,MID,0.1%,0.7,4.0,92.0,0.0,0.0,0.0,1.0,0.0,0.0,0.0,1.0,0.0,0.0,0.0,15.0,16.0,3.1,25.0,4.6,0.7,0.0,0.2,0.9,0.8,11253.0,7503.0,0.0,0.0
Elneny,ARS,4.2,MID,0.6%,0.0,2.0,90.0,0.0,0.0,0.0,1.0,0.0,0.0,0.0,0.0,0.0,0.0,0.0,15.0,4.2,3.8,0.0,0.8,0.0,1.0,0.0,0.5,2.0,120524.0,189415.0,-3.0,3.0
Begović,EVE,4.0,GKP,1.1%,0.0,9.0,90.0,0.0,0.0,1.0,0.0,0.0,0.0,0.0,0.0,0.0,4.0,2.0,30.0,36.0,0.0,0.0,3.6,0.0,1.0,0.0,2.2,9.0,101931.0,57234.0,0.0,0.0
Lucas Moura,TOT,5.8,MID,0.2%,0.7,6.0,90.0,0.0,0.0,0.0,1.0,0.0,0.0,0.0,0.0,0.0,0.0,0.0,20.0,21.4,19.7,22.0,6.3,0.7,0.0,0.1,1.0,1.0,10528.0,37401.0,-2.0,2.0
Anderson,NEW,4.4,MID,0.2%,0.5,6.0,87.0,0.0,0.0,0.0,2.0,0.0,0.0,0.0,0.0,0.0,0.0,0.0,19.0,30.4,42.9,90.0,16.3,0.5,0.0,0.1,1.4,1.0,20553.0,24685.0,-1.0,1.0
Stansfield,FUL,4.5,FWD,1.0%,0.0,7.0,85.0,0.0,1.0,0.0,2.0,0.0,0.0,0.0,0.0,0.0,0.0,0.0,22.0,8.4,12.8,46.0,6.7,0.0,0.0,0.0,1.6,2.3,324797.0,383723.0,0.0,0.0
Cornet,WHU,5.9,MID,0.1%,0.2,5.0,85.0,0.0,0.0,0.0,1.0,0.0,0.0,0.0,0.0,0.0,0.0,0.0,7.0,7.4,5.2,32.0,4.1,0.2,0.0,0.0,0.8,1.0,20339.0,21581.0,-1.0,1.0
Hodge,WOL,4.4,MID,0.0%,0.3,2.0,78.0,0.0,0.0,0.0,3.0,0.0,0.0,0.0,1.0,0.0,0.0,0.0,5.0,7.8,4.1,26.0,3.8,0.3,0.0,0.1,0.5,0.7,6947.0,6363.0,-1.0,1.0
Romeu,SOU,4.8,MID,0.0%,0.0,2.0,74.0,0.0,0.0,0.0,4.0,0.0,0.0,0.0,0.0,0.0,0.0,0.0,9.0,6.2,3.8,2.0,1.2,0.0,0.0,0.0,0.4,2.0,932.0,9294.0,-2.0,2.0
Hughes,CRY,4.8,MID,0.0%,0.5,7.0,72.0,0.0,0.0,0.0,3.0,0.0,0.0,0.0,0.0,0.0,0.0,0.0,20.0,21.6,3.3,34.0,5.8,0.5,0.0,0.1,1.5,1.0,1067.0,2960.0,-2.0,2.0
Söyüncü,LEI,4.2,DEF,0.3%,0.3,2.0,71.0,0.0,0.0,0.0,1.0,0.0,0.0,0.0,0.0,0.0,0.0,0.0,11.0,15.0,0.3,0.0,1.5,0.3,0.0,0.1,0.5,2.0,11441.0,44681.0,-3.0,3.0
Drameh,LEE,4.0,DEF,0.2%,0.0,1.0,70.0,0.0,0.0,0.0,3.0,0.0,0.0,0.0,0.0,0.0,0.0,0.0,16.0,12.8,2.7,0.0,1.6,0.0,0.0,0.0,0.2,1.0,9145.0,10854.0,0.0,0.0
Mina,EVE,4.3,DEF,0.1%,0.0,1.0,69.0,0.0,0.0,0.0,1.0,0.0,0.0,0.0,1.0,0.0,0.0,0.0,4.0,11.8,0.2,0.0,1.2,0.0,0.0,0.0,0.2,1.0,1284.0,16140.0,-2.0,2.0
Campbell,WOL,4.4,MID,0.4%,0.5,5.0,68.0,0.0,0.0,0.0,2.0,0.0,0.0,0.0,0.0,0.0,0.0,0.0,9.0,5.6,3.0,16.0,2.4,0.5,0.0,0.1,1.1,1.0,62870.0,50678.0,-1.0,1.0
Nelson,ARS,4.8,MID,0.1%,3.8,19.0,63.0,2.0,1.0,1.0,0.0,0.0,0.0,0.0,0.0,0.0,0.0,3.0,50.0,90.8,31.0,79.0,20.1,3.8,1.0,0.8,4.0,19.0,4761.0,3003.0,-2.0,2.0
Boly,NFO,4.2,DEF,0.2%,0.0,0.0,63.0,0.0,0.0,0.0,3.0,0.0,0.0,0.0,1.0,0.0,0.0,0.0,5.0,8.8,0.0,0.0,0.9,0.0,0.0,0.0,0.0,0.0,7068.0,22682.0,-3.0,3.0
Canós,BRE,5.0,DEF,0.1%,0.5,3.0,62.0,0.0,0.0,0.0,1.0,0.0,0.0,0.0,0.0,0.0,0.0,0.0,10.0,3.0,13.0,2.0,1.9,0.5,0.0,0.1,0.6,1.0,16165.0,9895.0,0.0,0.0
Phillips,LIV,3.9,DEF,0.4%,0.0,2.0,62.0,0.0,0.0,0.0,1.0,0.0,0.0,0.0,0.0,0.0,0.0,0.0,14.0,15.0,1.4,18.0,3.4,0.0,0.0,0.0,0.5,2.0,46504.0,47233.0,-1.0,1.0
Stanislas,BOU,4.8,MID,0.0%,0.2,3.0,56.0,0.0,0.0,0.0,1.0,0.0,0.0,0.0,0.0,0.0,0.0,0.0,10.0,10.0,22.9,7.0,3.9,0.2,0.0,0.0,0.6,1.0,1534.0,9951.0,-2.0,2.0
Olsen,AVL,4.0,GKP,1.5%,-0.2,-1.0,55.0,0.0,0.0,0.0,4.0,0.0,0.0,0.0,0.0,0.0,2.0,0.0,9.0,16.2,0.0,0.0,1.6,-0.2,0.0,0.0,-0.2,-1.0,36311.0,80109.0,0.0,0.0
Undav,BHA,5.1,FWD,0.3%,0.5,6.0,55.0,0.0,0.0,0.0,0.0,0.0,0.0,0.0,0.0,0.0,0.0,0.0,15.0,8.2,37.4,55.0,9.9,0.5,0.0,0.1,1.2,1.0,22272.0,75638.0,-4.0,4.0
Stephens,BOU,4.3,DEF,0.0%,0.2,3.0,48.0,0.0,0.0,0.0,3.0,0.0,0.0,0.0,0.0,0.0,0.0,0.0,16.0,14.4,2.5,0.0,1.7,0.2,0.0,0.0,0.7,0.8,1505.0,4089.0,-2.0,2.0
Smith Rowe,ARS,5.6,MID,0.4%,0.0,4.0,47.0,0.0,0.0,0.0,1.0,0.0,0.0,0.0,0.0,0.0,0.0,0.0,18.0,15.8,36.7,18.0,6.8,0.0,0.0,0.0,0.7,1.0,22970.0,142700.0,-4.0,4.0
Forshaw,LEE,4.4,MID,0.0%,0.0,3.0,47.0,0.0,0.0,0.0,0.0,0.0,0.0,0.0,0.0,0.0,0.0,0.0,12.0,4.8,15.0,0.0,2.0,0.0,0.0,0.0,0.7,1.0,3890.0,7538.0,-1.0,1.0
Tomkins,CRY,3.9,DEF,1.1%,0.2,1.0,46.0,0.0,0.0,0.0,1.0,0.0,0.0,0.0,0.0,0.0,0.0,0.0,7.0,6.6,0.2,0.0,0.7,0.2,1.0,0.1,0.3,1.0,106129.0,92122.0,-1.0,1.0
Augustinsson,AVL,4.3,DEF,0.0%,0.0,0.0,45.0,0.0,0.0,0.0,0.0,0.0,0.0,0.0,1.0,0.0,0.0,0.0,-1.0,1.6,0.3,0.0,0.2,0.0,0.0,0.0,0.0,0.0,1530.0,6178.0,-2.0,2.0
Richards,CRY,4.4,DEF,0.1%,0.0,2.0,45.0,0.0,0.0,0.0,3.0,0.0,0.0,0.0,0.0,0.0,0.0,0.0,15.0,18.0,12.2,4.0,3.4,0.0,0.0,0.0,0.5,0.7,1368.0,5588.0,-1.0,1.0
Kurzawa,FUL,4.3,DEF,0.0%,0.0,0.0,45.0,0.0,0.0,0.0,3.0,0.0,0.0,0.0,0.0,0.0,0.0,0.0,3.0,6.0,0.0,0.0,0.6,0.0,0.0,0.0,0.0,0.0,6422.0,5905.0,-2.0,2.0
Valery,SOU,4.0,DEF,0.4%,0.0,0.0,45.0,0.0,0.0,0.0,2.0,0.0,0.0,0.0,0.0,0.0,0.0,0.0,1.0,4.0,0.9,0.0,0.5,0.0,0.0,0.0,0.0,0.0,20793.0,67571.0,0.0,0.0
Kalajdžić,WOL,5.3,FWD,0.0%,0.0,1.0,45.0,0.0,0.0,0.0,0.0,0.0,0.0,0.0,0.0,0.0,0.0,0.0,-1.0,0.0,0.0,9.0,0.7,0.0,0.0,0.0,0.2,1.0,7763.0,6951.0,-2.0,2.0
Chukwuemeka,CHE,4.3,MID,0.5%,0.5,3.0,43.0,0.0,0.0,0.0,1.0,0.0,0.0,0.0,0.0,0.0,0.0,0.0,9.0,7.4,12.3,23.0,4.3,0.5,1.0,0.1,0.7,1.0,67803.0,84588.0,-2.0,2.0
Riedewald,CRY,4.3,MID,0.0%,0.5,3.0,39.0,0.0,0.0,0.0,0.0,0.0,0.0,0.0,0.0,0.0,0.0,0.0,10.0,7.8,2.0,0.0,1.0,0.5,0.0,0.1,0.7,1.0,3812.0,6330.0,-2.0,2.0
Dele,EVE,5.3,MID,0.1%,0.0,2.0,38.0,0.0,0.0,0.0,1.0,0.0,0.0,0.0,0.0,0.0,0.0,0.0,5.0,0.6,2.2,6.0,0.9,0.0,0.0,0.0,0.4,1.0,7054.0,53152.0,-2.0,2.0
Archer,AVL,4.3,FWD,2.8%,0.5,5.0,36.0,0.0,0.0,0.0,1.0,0.0,0.0,0.0,0.0,0.0,0.0,0.0,11.0,1.6,2.4,6.0,0.9,0.5,0.0,0.1,1.2,1.0,257774.0,684956.0,-2.0,2.0
Lewis,MCI,3.9,DEF,0.1%,0.2,3.0,35.0,0.0,0.0,0.0,0.0,0.0,0.0,0.0,0.0,0.0,0.0,0.0,9.0,9.8,2.8,2.0,1.5,0.2,0.0,0.1,0.8,1.0,13816.0,12130.0,-1.0,1.0
Ghoddos,BRE,4.8,MID,0.0%,0.5,5.0,29.0,0.0,0.0,0.0,2.0,0.0,0.0,0.0,0.0,0.0,0.0,0.0,15.0,1.6,2.5,0.0,0.4,0.5,0.0,0.1,1.0,1.0,1381.0,2565.0,-2.0,2.0
Cédric,ARS,4.2,DEF,0.1%,0.2,1.0,27.0,0.0,0.0,0.0,0.0,0.0,0.0,0.0,0.0,0.0,0.0,0.0,2.0,2.4,1.6,0.0,0.4,0.2,0.0,0.0,0.2,1.0,5385.0,24961.0,-3.0,3.0
Enciso,BHA,4.7,FWD,0.3%,0.5,3.0,25.0,0.0,1.0,0.0,0.0,0.0,0.0,0.0,1.0,0.0,0.0,0.0,5.0,8.0,0.3,49.0,5.7,0.5,0.0,0.1,0.6,3.0,21509.0,44384.0,-3.0,3.0
Ogbonna,WHU,4.4,DEF,0.1%,0.0,2.0,25.0,0.0,0.0,0.0,1.0,0.0,0.0,0.0,0.0,0.0,0.0,0.0,10.0,5.4,10.0,2.0,1.7,0.0,0.0,0.0,0.5,1.0,2087.0,7857.0,-1.0,1.0
Vinagre,EVE,4.3,DEF,0.0%,0.0,2.0,24.0,0.0,0.0,0.0,0.0,0.0,0.0,0.0,0.0,0.0,0.0,0.0,9.0,7.6,1.4,0.0,0.9,0.0,0.0,0.0,0.5,1.0,1311.0,4660.0,-2.0,2.0
Solomon,FUL,4.9,MID,0.0%,0.0,1.0,24.0,0.0,0.0,0.0,1.0,0.0,0.0,0.0,0.0,0.0,0.0,0.0,1.0,2.2,0.3,0.0,0.3,0.0,0.0,0.0,0.2,1.0,1157.0,1366.0,-1.0,1.0
Keane,EVE,4.2,DEF,0.4%,0.0,1.0,22.0,0.0,0.0,0.0,1.0,0.0,0.0,0.0,0.0,0.0,0.0,0.0,4.0,6.4,0.3,0.0,0.7,0.0,0.0,0.0,0.2,1.0,11151.0,49851.0,-3.0,3.0
Konaté,LIV,4.8,DEF,0.3%,0.2,1.0,21.0,0.0,0.0,0.0,1.0,0.0,0.0,0.0,0.0,0.0,0.0,0.0,2.0,0.8,0.5,0.0,0.1,0.2,0.0,0.0,0.2,1.0,19314.0,57791.0,-2.0,2.0
Bajcetic,LIV,4.4,MID,0.0%,0.0,1.0,20.0,0.0,0.0,0.0,0.0,0.0,0.0,0.0,0.0,0.0,0.0,0.0,6.0,3.8,1.6,0.0,0.5,0.0,0.0,0.0,0.2,1.0,1020.0,1051.0,-1.0,1.0
Ebiowei,CRY,4.3,MID,0.2%,0.2,2.0,19.0,0.0,0.0,0.0,1.0,0.0,0.0,0.0,0.0,0.0,0.0,0.0,7.0,3.2,0.6,0.0,0.4,0.2,0.0,0.0,0.5,1.0,15214.0,22906.0,-2.0,2.0
Van de Beek,MUN,5.1,MID,0.2%,0.0,3.0,19.0,0.0,0.0,0.0,0.0,0.0,0.0,0.0,0.0,0.0,0.0,0.0,8.0,0.6,2.2,0.0,0.2,0.0,0.0,0.0,0.6,1.0,7308.0,50962.0,-4.0,4.0
Gnonto,LEE,5.0,FWD,0.1%,0.2,1.0,18.0,0.0,0.0,0.0,0.0,0.0,0.0,0.0,0.0,0.0,0.0,0.0,5.0,11.2,4.3,0.0,1.6,0.2,0.0,0.0,0.2,1.0,8806.0,5887.0,0.0,0.0
Bech,BRE,4.5,DEF,0.0%,0.0,3.0,17.0,0.0,0.0,0.0,0.0,0.0,0.0,0.0,0.0,0.0,0.0,0.0,9.0,2.6,0.2,0.0,0.2,0.0,0.0,0.0,0.7,1.0,1768.0,6652.0,0.0,0.0
Godfrey,EVE,4.3,DEF,0.0%,0.0,1.0,17.0,0.0,0.0,0.0,0.0,0.0,0.0,0.0,0.0,0.0,0.0,0.0,5.0,1.4,0.1,0.0,0.2,0.0,0.0,0.0,0.2,1.0,917.0,11206.0,-2.0,2.0
Walcott,SOU,4.9,MID,0.0%,0.0,0.0,17.0,0.0,0.0,0.0,0.0,0.0,0.0,0.0,1.0,0.0,0.0,0.0,-1.0,0.0,0.0,2.0,0.1,0.0,0.0,0.0,0.0,0.0,2242.0,3590.0,-1.0,1.0
Albrighton,LEI,4.7,MID,0.1%,0.3,2.0,16.0,0.0,0.0,0.0,0.0,0.0,0.0,0.0,0.0,0.0,0.0,0.0,5.0,2.2,1.3,6.0,0.8,0.3,0.0,0.1,0.4,1.0,5209.0,11830.0,-3.0,3.0
Biancone,NFO,4.2,DEF,0.0%,0.2,2.0,15.0,0.0,0.0,0.0,1.0,0.0,0.0,0.0,0.0,0.0,0.0,0.0,9.0,6.8,0.0,0.0,0.7,0.2,0.0,0.0,0.5,1.0,1305.0,5650.0,-3.0,3.0
Chamberlain,LIV,4.9,MID,0.0%,0.2,1.0,14.0,0.0,0.0,0.0,0.0,0.0,0.0,0.0,0.0,0.0,0.0,0.0,3.0,0.0,0.0,0.0,0.0,0.2,0.0,0.0,0.2,1.0,374.0,1007.0,-1.0,1.0
Rothwell,BOU,4.9,MID,0.0%,0.2,1.0,13.0,0.0,0.0,0.0,0.0,0.0,0.0,0.0,0.0,0.0,0.0,0.0,2.0,0.0,0.3,0.0,0.0,0.2,0.0,0.0,0.2,1.0,437.0,890.0,-1.0,1.0
Onomah,FUL,4.3,MID,0.1%,0.2,1.0,13.0,0.0,0.0,0.0,1.0,0.0,0.0,0.0,0.0,0.0,0.0,0.0,1.0,2.0,0.6,0.0,0.3,0.2,0.0,0.0,0.2,1.0,13451.0,12489.0,-2.0,2.0
Colwill,BHA,4.4,DEF,0.1%,0.0,2.0,12.0,0.0,0.0,0.0,0.0,0.0,0.0,0.0,0.0,0.0,0.0,0.0,7.0,4.6,0.4,0.0,0.5,0.0,0.0,0.0,0.5,1.0,5014.0,7518.0,-1.0,1.0
Holding,ARS,4.2,DEF,0.1%,0.2,3.0,11.0,0.0,0.0,0.0,0.0,0.0,0.0,0.0,0.0,0.0,0.0,0.0,11.0,2.4,0.1,0.0,0.2,0.2,0.0,0.0,0.7,1.0,5273.0,15128.0,-3.0,3.0
Chalobah,FUL,4.4,MID,0.1%,-0.3,0.0,10.0,0.0,0.0,0.0,4.0,0.0,0.0,0.0,0.0,1.0,0.0,0.0,-1.0,4.2,0.3,17.0,2.2,-0.3,0.0,-0.1,0.0,0.0,9304.0,16136.0,-1.0,1.0
Bevan,BOU,4.0,DEF,0.0%,0.0,1.0,8.0,0.0,0.0,0.0,1.0,0.0,0.0,0.0,0.0,0.0,0.0,0.0,3.0,0.2,0.0,0.0,0.0,0.0,0.0,0.0,0.2,1.0,6869.0,6123.0,0.0,0.0
Marcondes,BOU,4.7,MID,0.0%,0.0,1.0,8.0,0.0,0.0,0.0,1.0,0.0,0.0,0.0,0.0,0.0,0.0,0.0,3.0,1.2,0.0,0.0,0.1,0.0,0.0,0.0,0.2,1.0,820.0,2073.0,-3.0,3.0
Shelvey,NEW,4.8,MID,0.0%,0.3,2.0,8.0,0.0,0.0,0.0,0.0,0.0,0.0,0.0,0.0,0.0,0.0,0.0,6.0,0.8,0.2,0.0,0.1,0.3,0.0,0.1,0.4,1.0,906.0,4024.0,-2.0,2.0
Dembélé,BOU,4.7,MID,0.1%,0.2,1.0,7.0,0.0,0.0,0.0,0.0,0.0,0.0,0.0,0.0,0.0,0.0,0.0,3.0,4.0,0.5,0.0,0.5,0.2,0.0,0.0,0.2,1.0,3395.0,9156.0,-3.0,3.0
Clark,LIV,4.5,MID,0.0%,0.0,1.0,7.0,0.0,0.0,0.0,0.0,0.0,0.0,0.0,0.0,0.0,0.0,0.0,1.0,0.0,0.3,2.0,0.2,0.0,0.0,0.0,0.2,1.0,861.0,837.0,0.0,0.0
Lewis,NEW,4.4,DEF,0.0%,0.2,1.0,7.0,0.0,0.0,0.0,1.0,0.0,0.0,0.0,0.0,0.0,0.0,0.0,3.0,1.0,0.8,4.0,0.6,0.2,0.0,0.0,0.2,1.0,1821.0,3444.0,-1.0,1.0
Mighten,NFO,4.9,MID,0.0%,0.0,1.0,7.0,0.0,0.0,0.0,0.0,0.0,0.0,0.0,0.0,0.0,0.0,0.0,1.0,0.0,0.3,0.0,0.0,0.0,0.0,0.0,0.2,1.0,414.0,2586.0,-1.0,1.0
Dervişoğlu,BRE,4.5,FWD,0.7%,0.0,4.0,6.0,0.0,1.0,0.0,0.0,0.0,0.0,0.0,0.0,0.0,0.0,0.0,11.0,0.0,0.0,10.0,1.0,0.0,0.0,0.0,0.9,4.0,271681.0,322285.0,0.0,0.0
Sarmiento,BHA,4.5,MID,0.0%,0.3,2.0,6.0,0.0,0.0,0.0,0.0,0.0,0.0,0.0,0.0,0.0,0.0,0.0,3.0,0.0,0.3,4.0,0.1,0.3,0.0,0.1,0.4,1.0,3974.0,8959.0,0.0,0.0
Cafú,NFO,4.3,MID,0.5%,0.0,1.0,6.0,0.0,0.0,0.0,0.0,0.0,0.0,0.0,0.0,0.0,0.0,0.0,3.0,2.4,0.1,0.0,0.3,0.0,0.0,0.0,0.2,1.0,63689.0,70022.0,-2.0,2.0
Bryan,TOT,5.0,MID,0.0%,0.2,1.0,6.0,0.0,0.0,0.0,0.0,0.0,0.0,0.0,0.0,0.0,0.0,0.0,5.0,2.0,1.5,2.0,0.6,0.2,0.0,0.0,0.2,1.0,1809.0,3063.0,0.0,0.0
Gilmour,BHA,4.3,MID,0.5%,0.3,3.0,5.0,0.0,0.0,0.0,0.0,0.0,0.0,0.0,0.0,0.0,0.0,0.0,8.0,2.8,0.9,0.0,0.3,0.3,0.0,0.1,0.7,1.0,62437.0,77942.0,-2.0,2.0
Duffy,FUL,4.3,DEF,0.1%,0.3,4.0,4.0,0.0,0.0,0.0,2.0,0.0,0.0,0.0,0.0,0.0,0.0,0.0,12.0,0.2,0.0,0.0,0.0,0.3,0.0,0.1,0.9,1.0,3787.0,18402.0,-2.0,2.0
Wan-Bissaka,MUN,4.3,DEF,0.2%,0.0,1.0,4.0,0.0,0.0,0.0,0.0,0.0,0.0,0.0,0.0,0.0,0.0,0.0,4.0,3.0,0.0,0.0,0.3,0.0,0.0,0.0,0.2,1.0,7940.0,35738.0,-2.0,2.0
Harris,FUL,4.4,MID,0.0%,0.2,1.0,3.0,0.0,0.0,0.0,0.0,0.0,0.0,0.0,0.0,0.0,0.0,0.0,2.0,0.0,0.3,0.0,0.0,0.2,0.0,0.0,0.2,1.0,4658.0,6057.0,-1.0,1.0
Spence,TOT,4.1,DEF,0.2%,0.3,3.0,3.0,0.0,0.0,0.0,0.0,0.0,0.0,0.0,0.0,0.0,0.0,0.0,9.0,0.0,0.8,20.0,2.1,0.3,0.0,0.1,0.7,1.0,9945.0,48717.0,-4.0,4.0
Van Hecke,BHA,4.0,DEF,0.3%,0.0,1.0,2.0,0.0,0.0,0.0,0.0,0.0,0.0,0.0,0.0,0.0,0.0,0.0,3.0,0.2,0.0,0.0,0.0,0.0,0.0,0.0,0.2,1.0,25299.0,26533.0,0.0,0.0
Marquinhos,ARS,4.7,MID,0.1%,0.0,1.0,1.0,0.0,0.0,0.0,0.0,0.0,0.0,0.0,0.0,0.0,0.0,0.0,3.0,0.0,0.2,0.0,0.0,0.0,0.0,0.0,0.2,1.0,5623.0,12142.0,-3.0,3.0
Nwaneri,ARS,4.5,MID,0.0%,0.0,1.0,1.0,0.0,0.0,0.0,0.0,0.0,0.0,0.0,0.0,0.0,0.0,0.0,3.0,0.0,0.0,0.0,0.0,0.0,0.0,0.0,0.2,1.0,786.0,499.0,0.0,0.0
Lowe,BOU,5.2,MID,0.0%,0.0,1.0,1.0,0.0,0.0,0.0,0.0,0.0,0.0,0.0,0.0,0.0,0.0,0.0,3.0,0.0,0.0,0.0,0.0,0.0,0.0,0.0,0.2,1.0,972.0,4646.0,-3.0,3.0
Francois,FUL,4.4,MID,0.0%,0.0,1.0,1.0,0.0,0.0,0.0,0.0,0.0,0.0,0.0,0.0,0.0,0.0,0.0,3.0,1.0,0.3,0.0,0.1,0.0,0.0,0.0,0.2,1.0,1528.0,3507.0,-1.0,1.0
Phillips,MCI,4.8,MID,0.1%,0.0,1.0,1.0,0.0,0.0,0.0,0.0,0.0,0.0,0.0,0.0,0.0,0.0,0.0,3.0,0.6,0.5,0.0,0.1,0.0,0.0,0.0,0.2,1.0,5755.0,47097.0,-2.0,2.0
Garnacho,MUN,4.3,MID,0.1%,0.0,1.0,1.0,0.0,0.0,0.0,0.0,0.0,0.0,0.0,0.0,0.0,0.0,0.0,3.0,0.0,0.0,0.0,0.0,0.0,0.0,0.0,0.2,1.0,22563.0,18151.0,-2.0,2.0
Ritchie,NEW,4.3,DEF,0.1%,0.0,1.0,1.0,0.0,0.0,0.0,0.0,0.0,0.0,0.0,0.0,0.0,0.0,0.0,3.0,0.0,0.0,0.0,0.0,0.0,0.0,0.0,0.2,1.0,2332.0,8919.0,-2.0,2.0
Krafth,NEW,4.3,DEF,0.0%,0.0,1.0,1.0,0.0,0.0,0.0,0.0,0.0,0.0,0.0,0.0,0.0,0.0,0.0,3.0,0.0,0.0,0.0,0.0,0.0,0.0,0.0,0.2,1.0,428.0,4641.0,-2.0,2.0
Redmond,SOU,5.3,MID,0.0%,0.0,1.0,1.0,0.0,0.0,0.0,0.0,0.0,0.0,0.0,0.0,0.0,0.0,0.0,3.0,0.0,0.0,0.0,0.0,0.0,0.0,0.0,0.2,1.0,1007.0,6215.0,-2.0,2.0
Coventry,WHU,4.4,MID,0.1%,0.0,1.0,1.0,0.0,0.0,0.0,0.0,0.0,0.0,0.0,0.0,0.0,0.0,0.0,3.0,0.0,0.0,0.0,0.0,0.0,0.0,0.0,0.2,1.0,9692.0,13613.0,-1.0,1.0
Turner,ARS,3.9,GKP,1.5%,0.0,0.0,0.0,0.0,0.0,0.0,0.0,0.0,0.0,0.0,0.0,0.0,0.0,0.0,0.0,0.0,0.0,0.0,0.0,0.0,0.0,0.0,0.0,0.0,137309.0,113445.0,-1.0,1.0
Hein,ARS,4.0,GKP,0.0%,0.0,0.0,0.0,0.0,0.0,0.0,0.0,0.0,0.0,0.0,0.0,0.0,0.0,0.0,0.0,0.0,0.0,0.0,0.0,0.0,0.0,0.0,0.0,0.0,13.0,1.0,0.0,0.0
Tavares,ARS,4.5,DEF,0.0%,0.0,0.0,0.0,0.0,0.0,0.0,0.0,0.0,0.0,0.0,0.0,0.0,0.0,0.0,0.0,0.0,0.0,0.0,0.0,0.0,0.0,0.0,0.0,0.0,0.0,1905.0,0.0,0.0
Pablo Marí,ARS,4.5,DEF,0.0%,0.0,0.0,0.0,0.0,0.0,0.0,0.0,0.0,0.0,0.0,0.0,0.0,0.0,0.0,0.0,0.0,0.0,0.0,0.0,0.0,0.0,0.0,0.0,0.0,162.0,4063.0,0.0,0.0
Sousa,ARS,4.0,DEF,0.0%,0.0,0.0,0.0,0.0,0.0,0.0,0.0,0.0,0.0,0.0,0.0,0.0,0.0,0.0,0.0,0.0,0.0,0.0,0.0,0.0,0.0,0.0,0.0,0.0,3820.0,2254.0,0.0,0.0
Pépé,ARS,5.3,MID,0.1%,0.0,0.0,0.0,0.0,0.0,0.0,0.0,0.0,0.0,0.0,0.0,0.0,0.0,0.0,0.0,0.0,0.0,0.0,0.0,0.0,0.0,0.0,0.0,0.0,5198.0,35988.0,-2.0,2.0
Torreira,ARS,4.5,MID,0.1%,0.0,0.0,0.0,0.0,0.0,0.0,0.0,0.0,0.0,0.0,0.0,0.0,0.0,0.0,0.0,0.0,0.0,0.0,0.0,0.0,0.0,0.0,0.0,0.0,2811.0,37733.0,0.0,0.0
Smith,ARS,4.5,MID,0.1%,0.0,0.0,0.0,0.0,0.0,0.0,0.0,0.0,0.0,0.0,0.0,0.0,0.0,0.0,0.0,0.0,0.0,0.0,0.0,0.0,0.0,0.0,0.0,0.0,10320.0,7510.0,0.0,0.0
Hause,AVL,4.4,DEF,0.0%,0.0,0.0,0.0,0.0,0.0,0.0,0.0,0.0,0.0,0.0,0.0,0.0,0.0,0.0,0.0,0.0,0.0,0.0,0.0,0.0,0.0,0.0,0.0,0.0,89.0,2769.0,-1.0,1.0
Guilbert,AVL,3.9,DEF,0.8%,0.0,0.0,0.0,0.0,0.0,0.0,0.0,0.0,0.0,0.0,0.0,0.0,0.0,0.0,0.0,0.0,0.0,0.0,0.0,0.0,0.0,0.0,0.0,0.0,53974.0,68080.0,-1.0,1.0
Kesler Hayden,AVL,4.0,DEF,0.1%,0.0,0.0,0.0,0.0,0.0,0.0,0.0,0.0,0.0,0.0,0.0,0.0,0.0,0.0,0.0,0.0,0.0,0.0,0.0,0.0,0.0,0.0,0.0,0.0,1637.0,9779.0,0.0,0.0
Bogarde,AVL,4.0,DEF,0.0%,0.0,0.0,0.0,0.0,0.0,0.0,0.0,0.0,0.0,0.0,0.0,0.0,0.0,0.0,0.0,0.0,0.0,0.0,0.0,0.0,0.0,0.0,0.0,0.0,3262.0,1408.0,0.0,0.0
Traoré,AVL,4.9,MID,0.1%,0.0,0.0,0.0,0.0,0.0,0.0,0.0,0.0,0.0,0.0,0.0,0.0,0.0,0.0,0.0,0.0,0.0,0.0,0.0,0.0,0.0,0.0,0.0,0.0,3136.0,19271.0,-1.0,1.0
Sanson,AVL,4.3,MID,0.3%,0.0,0.0,0.0,0.0,0.0,0.0,0.0,0.0,0.0,0.0,0.0,0.0,0.0,0.0,0.0,0.0,0.0,0.0,0.0,0.0,0.0,0.0,0.0,0.0,26459.0,35242.0,-2.0,2.0
Nakamba,AVL,4.3,MID,0.2%,0.0,0.0,0.0,0.0,0.0,0.0,0.0,0.0,0.0,0.0,0.0,0.0,0.0,0.0,0.0,0.0,0.0,0.0,0.0,0.0,0.0,0.0,0.0,0.0,17412.0,23877.0,-2.0,2.0
Iroegbunam,AVL,4.5,MID,0.0%,0.0,0.0,0.0,0.0,0.0,0.0,0.0,0.0,0.0,0.0,0.0,0.0,0.0,0.0,0.0,0.0,0.0,0.0,0.0,0.0,0.0,0.0,0.0,0.0,1334.0,3679.0,0.0,0.0
El Ghazi,AVL,4.8,MID,0.0%,0.0,0.0,0.0,0.0,0.0,0.0,0.0,0.0,0.0,0.0,0.0,0.0,0.0,0.0,0.0,0.0,0.0,0.0,0.0,0.0,0.0,0.0,0.0,0.0,2511.0,12913.0,-2.0,2.0
Philogene-Bidace,AVL,4.5,MID,0.0%,0.0,0.0,0.0,0.0,0.0,0.0,0.0,0.0,0.0,0.0,0.0,0.0,0.0,0.0,0.0,0.0,0.0,0.0,0.0,0.0,0.0,0.0,0.0,0.0,0.0,355.0,0.0,0.0
Davis,AVL,5.4,FWD,0.0%,0.0,0.0,0.0,0.0,0.0,0.0,0.0,0.0,0.0,0.0,0.0,0.0,0.0,0.0,0.0,0.0,0.0,0.0,0.0,0.0,0.0,0.0,0.0,0.0,586.0,13649.0,-1.0,1.0
Dennis,BOU,4.0,GKP,0.5%,0.0,0.0,0.0,0.0,0.0,0.0,0.0,0.0,0.0,0.0,0.0,0.0,0.0,0.0,0.0,0.0,0.0,0.0,0.0,0.0,0.0,0.0,0.0,0.0,18219.0,34146.0,0.0,0.0
Plain,BOU,4.0,GKP,0.0%,0.0,0.0,0.0,0.0,0.0,0.0,0.0,0.0,0.0,0.0,0.0,0.0,0.0,0.0,0.0,0.0,0.0,0.0,0.0,0.0,0.0,0.0,0.0,0.0,25.0,1.0,0.0,0.0
Hill,BOU,4.4,DEF,0.0%,0.0,0.0,0.0,0.0,0.0,0.0,0.0,0.0,0.0,0.0,0.0,0.0,0.0,0.0,0.0,0.0,0.0,0.0,0.0,0.0,0.0,0.0,0.0,0.0,1319.0,3242.0,-1.0,1.0
Brooks,BOU,5.3,MID,0.0%,0.0,0.0,0.0,0.0,0.0,0.0,0.0,0.0,0.0,0.0,0.0,0.0,0.0,0.0,0.0,0.0,0.0,0.0,0.0,0.0,0.0,0.0,0.0,0.0,593.0,3725.0,-2.0,2.0
Saydee,BOU,4.5,FWD,0.0%,0.0,0.0,0.0,0.0,0.0,0.0,0.0,0.0,0.0,0.0,0.0,0.0,0.0,0.0,0.0,0.0,0.0,0.0,0.0,0.0,0.0,0.0,0.0,0.0,4958.0,5308.0,0.0,0.0
Balcombe,BRE,4.0,GKP,0.1%,0.0,0.0,0.0,0.0,0.0,0.0,0.0,0.0,0.0,0.0,0.0,0.0,0.0,0.0,0.0,0.0,0.0,0.0,0.0,0.0,0.0,0.0,0.0,0.0,0.0,7871.0,0.0,0.0
Strakosha,BRE,4.3,GKP,0.1%,0.0,0.0,0.0,0.0,0.0,0.0,0.0,0.0,0.0,0.0,0.0,0.0,0.0,0.0,0.0,0.0,0.0,0.0,0.0,0.0,0.0,0.0,0.0,0.0,4362.0,15071.0,-2.0,2.0
Cox,BRE,4.0,GKP,0.0%,0.0,0.0,0.0,0.0,0.0,0.0,0.0,0.0,0.0,0.0,0.0,0.0,0.0,0.0,0.0,0.0,0.0,0.0,0.0,0.0,0.0,0.0,0.0,0.0,3332.0,1516.0,0.0,0.0
Goode,BRE,3.9,DEF,0.6%,0.0,0.0,0.0,0.0,0.0,0.0,0.0,0.0,0.0,0.0,0.0,0.0,0.0,0.0,0.0,0.0,0.0,0.0,0.0,0.0,0.0,0.0,0.0,0.0,46357.0,53121.0,-1.0,1.0
Thompson,BRE,4.0,DEF,0.0%,0.0,0.0,0.0,0.0,0.0,0.0,0.0,0.0,0.0,0.0,0.0,0.0,0.0,0.0,0.0,0.0,0.0,0.0,0.0,0.0,0.0,0.0,0.0,0.0,0.0,2641.0,0.0,0.0
Stevens,BRE,4.0,DEF,0.2%,0.0,0.0,0.0,0.0,0.0,0.0,0.0,0.0,0.0,0.0,0.0,0.0,0.0,0.0,0.0,0.0,0.0,0.0,0.0,0.0,0.0,0.0,0.0,0.0,11638.0,25567.0,0.0,0.0
Crama,BRE,4.0,DEF,0.0%,0.0,0.0,0.0,0.0,0.0,0.0,0.0,0.0,0.0,0.0,0.0,0.0,0.0,0.0,0.0,0.0,0.0,0.0,0.0,0.0,0.0,0.0,0.0,0.0,239.0,46.0,0.0,0.0
Bidstrup,BRE,4.5,MID,0.0%,0.0,0.0,0.0,0.0,0.0,0.0,0.0,0.0,0.0,0.0,0.0,0.0,0.0,0.0,0.0,0.0,0.0,0.0,0.0,0.0,0.0,0.0,0.0,0.0,0.0,132.0,0.0,0.0
Trevitt,BRE,4.5,MID,0.0%,0.0,0.0,0.0,0.0,0.0,0.0,0.0,0.0,0.0,0.0,0.0,0.0,0.0,0.0,0.0,0.0,0.0,0.0,0.0,0.0,0.0,0.0,0.0,0.0,856.0,567.0,0.0,0.0
Yarmolyuk,BRE,4.5,MID,0.0%,0.0,0.0,0.0,0.0,0.0,0.0,0.0,0.0,0.0,0.0,0.0,0.0,0.0,0.0,0.0,0.0,0.0,0.0,0.0,0.0,0.0,0.0,0.0,0.0,8.0,2.0,0.0,0.0
Forss,BRE,4.5,FWD,0.1%,0.0,0.0,0.0,0.0,0.0,0.0,0.0,0.0,0.0,0.0,0.0,0.0,0.0,0.0,0.0,0.0,0.0,0.0,0.0,0.0,0.0,0.0,0.0,0.0,0.0,12214.0,0.0,0.0
Steele,BHA,3.9,GKP,0.7%,0.0,0.0,0.0,0.0,0.0,0.0,0.0,0.0,0.0,0.0,0.0,0.0,0.0,0.0,0.0,0.0,0.0,0.0,0.0,0.0,0.0,0.0,0.0,0.0,22222.0,45172.0,-1.0,1.0
Scherpen,BHA,4.0,GKP,0.1%,0.0,0.0,0.0,0.0,0.0,0.0,0.0,0.0,0.0,0.0,0.0,0.0,0.0,0.0,0.0,0.0,0.0,0.0,0.0,0.0,0.0,0.0,0.0,0.0,1447.0,6030.0,0.0,0.0
Roberts,BHA,4.0,DEF,0.0%,0.0,0.0,0.0,0.0,0.0,0.0,0.0,0.0,0.0,0.0,0.0,0.0,0.0,0.0,0.0,0.0,0.0,0.0,0.0,0.0,0.0,0.0,0.0,0.0,0.0,492.0,0.0,0.0
Clarke,BHA,4.0,DEF,0.1%,0.0,0.0,0.0,0.0,0.0,0.0,0.0,0.0,0.0,0.0,0.0,0.0,0.0,0.0,0.0,0.0,0.0,0.0,0.0,0.0,0.0,0.0,0.0,0.0,10007.0,23453.0,0.0,0.0
Turns,BHA,4.0,DEF,0.0%,0.0,0.0,0.0,0.0,0.0,0.0,0.0,0.0,0.0,0.0,0.0,0.0,0.0,0.0,0.0,0.0,0.0,0.0,0.0,0.0,0.0,0.0,0.0,0.0,2074.0,1013.0,0.0,0.0
Furlong,BHA,4.0,DEF,0.0%,0.0,0.0,0.0,0.0,0.0,0.0,0.0,0.0,0.0,0.0,0.0,0.0,0.0,0.0,0.0,0.0,0.0,0.0,0.0,0.0,0.0,0.0,0.0,0.0,54.0,8.0,0.0,0.0
Alzate,BHA,4.4,MID,0.1%,0.0,0.0,0.0,0.0,0.0,0.0,0.0,0.0,0.0,0.0,0.0,0.0,0.0,0.0,0.0,0.0,0.0,0.0,0.0,0.0,0.0,0.0,0.0,0.0,10288.0,22583.0,-1.0,1.0
Moder,BHA,4.4,MID,0.0%,0.0,0.0,0.0,0.0,0.0,0.0,0.0,0.0,0.0,0.0,0.0,0.0,0.0,0.0,0.0,0.0,0.0,0.0,0.0,0.0,0.0,0.0,0.0,0.0,1187.0,3040.0,-1.0,1.0
Richards,BHA,4.5,MID,0.0%,0.0,0.0,0.0,0.0,0.0,0.0,0.0,0.0,0.0,0.0,0.0,0.0,0.0,0.0,0.0,0.0,0.0,0.0,0.0,0.0,0.0,0.0,0.0,0.0,0.0,464.0,0.0,0.0
Kozłowski,BHA,4.5,MID,0.0%,0.0,0.0,0.0,0.0,0.0,0.0,0.0,0.0,0.0,0.0,0.0,0.0,0.0,0.0,0.0,0.0,0.0,0.0,0.0,0.0,0.0,0.0,0.0,0.0,1670.0,7221.0,0.0,0.0
Moran,BHA,4.5,MID,0.0%,0.0,0.0,0.0,0.0,0.0,0.0,0.0,0.0,0.0,0.0,0.0,0.0,0.0,0.0,0.0,0.0,0.0,0.0,0.0,0.0,0.0,0.0,0.0,0.0,38.0,5.0,0.0,0.0
Ferguson,BHA,4.5,FWD,0.2%,0.0,0.0,0.0,0.0,0.0,0.0,0.0,0.0,0.0,0.0,0.0,0.0,0.0,0.0,0.0,0.0,0.0,0.0,0.0,0.0,0.0,0.0,0.0,0.0,33938.0,20014.0,0.0,0.0
Bettinelli,CHE,4.0,GKP,0.0%,0.0,0.0,0.0,0.0,0.0,0.0,0.0,0.0,0.0,0.0,0.0,0.0,0.0,0.0,0.0,0.0,0.0,0.0,0.0,0.0,0.0,0.0,0.0,0.0,1390.0,663.0,0.0,0.0
Alonso,CHE,5.3,DEF,0.7%,0.0,0.0,0.0,0.0,0.0,0.0,0.0,0.0,0.0,0.0,0.0,0.0,0.0,0.0,0.0,0.0,0.0,0.0,0.0,0.0,0.0,0.0,0.0,0.0,8779.0,247138.0,-2.0,2.0
Kenedy,CHE,3.9,DEF,0.3%,0.0,0.0,0.0,0.0,0.0,0.0,0.0,0.0,0.0,0.0,0.0,0.0,0.0,0.0,0.0,0.0,0.0,0.0,0.0,0.0,0.0,0.0,0.0,0.0,27068.0,46676.0,-1.0,1.0
Sarr,CHE,5.0,DEF,0.0%,0.0,0.0,0.0,0.0,0.0,0.0,0.0,0.0,0.0,0.0,0.0,0.0,0.0,0.0,0.0,0.0,0.0,0.0,0.0,0.0,0.0,0.0,0.0,0.0,289.0,11616.0,0.0,0.0
Ampadu,CHE,4.4,DEF,0.0%,0.0,0.0,0.0,0.0,0.0,0.0,0.0,0.0,0.0,0.0,0.0,0.0,0.0,0.0,0.0,0.0,0.0,0.0,0.0,0.0,0.0,0.0,0.0,0.0,1467.0,7681.0,-1.0,1.0
Barkley,CHE,4.9,MID,0.0%,0.0,0.0,0.0,0.0,0.0,0.0,0.0,0.0,0.0,0.0,0.0,0.0,0.0,0.0,0.0,0.0,0.0,0.0,0.0,0.0,0.0,0.0,0.0,0.0,1910.0,6715.0,-1.0,1.0
Hudson-Odoi,CHE,5.3,MID,0.0%,0.0,0.0,0.0,0.0,0.0,0.0,0.0,0.0,0.0,0.0,0.0,0.0,0.0,0.0,0.0,0.0,0.0,0.0,0.0,0.0,0.0,0.0,0.0,0.0,1884.0,10126.0,-2.0,2.0
Vale,CHE,4.5,MID,0.0%,0.0,0.0,0.0,0.0,0.0,0.0,0.0,0.0,0.0,0.0,0.0,0.0,0.0,0.0,0.0,0.0,0.0,0.0,0.0,0.0,0.0,0.0,0.0,0.0,241.0,257.0,0.0,0.0
Zakaria,CHE,5.0,MID,0.0%,0.0,0.0,0.0,0.0,0.0,0.0,0.0,0.0,0.0,0.0,0.0,0.0,0.0,0.0,0.0,0.0,0.0,0.0,0.0,0.0,0.0,0.0,0.0,0.0,3843.0,2808.0,0.0,0.0
Hutchinson,CHE,4.5,MID,0.0%,0.0,0.0,0.0,0.0,0.0,0.0,0.0,0.0,0.0,0.0,0.0,0.0,0.0,0.0,0.0,0.0,0.0,0.0,0.0,0.0,0.0,0.0,0.0,0.0,15.0,1.0,0.0,0.0
Werner,CHE,7.9,FWD,0.2%,0.0,0.0,0.0,0.0,0.0,0.0,0.0,0.0,0.0,0.0,0.0,0.0,0.0,0.0,0.0,0.0,0.0,0.0,0.0,0.0,0.0,0.0,0.0,0.0,2202.0,52726.0,-1.0,1.0
Butland,CRY,4.4,GKP,0.1%,0.0,0.0,0.0,0.0,0.0,0.0,0.0,0.0,0.0,0.0,0.0,0.0,0.0,0.0,0.0,0.0,0.0,0.0,0.0,0.0,0.0,0.0,0.0,0.0,930.0,6616.0,-1.0,1.0
Johnstone,CRY,4.4,GKP,0.1%,0.0,0.0,0.0,0.0,0.0,0.0,0.0,0.0,0.0,0.0,0.0,0.0,0.0,0.0,0.0,0.0,0.0,0.0,0.0,0.0,0.0,0.0,0.0,0.0,3151.0,8293.0,-1.0,1.0
Matthews,CRY,4.0,GKP,0.0%,0.0,0.0,0.0,0.0,0.0,0.0,0.0,0.0,0.0,0.0,0.0,0.0,0.0,0.0,0.0,0.0,0.0,0.0,0.0,0.0,0.0,0.0,0.0,0.0,0.0,2130.0,0.0,0.0
Whitworth,CRY,4.0,GKP,0.1%,0.0,0.0,0.0,0.0,0.0,0.0,0.0,0.0,0.0,0.0,0.0,0.0,0.0,0.0,0.0,0.0,0.0,0.0,0.0,0.0,0.0,0.0,0.0,0.0,13270.0,7992.0,0.0,0.0
Goodman,CRY,4.0,GKP,0.0%,0.0,0.0,0.0,0.0,0.0,0.0,0.0,0.0,0.0,0.0,0.0,0.0,0.0,0.0,0.0,0.0,0.0,0.0,0.0,0.0,0.0,0.0,0.0,0.0,377.0,185.0,0.0,0.0
Ferguson,CRY,3.9,DEF,0.2%,0.0,0.0,0.0,0.0,0.0,0.0,0.0,0.0,0.0,0.0,0.0,0.0,0.0,0.0,0.0,0.0,0.0,0.0,0.0,0.0,0.0,0.0,0.0,0.0,28185.0,35648.0,-1.0,1.0
Balmer,CRY,4.0,DEF,0.0%,0.0,0.0,0.0,0.0,0.0,0.0,0.0,0.0,0.0,0.0,0.0,0.0,0.0,0.0,0.0,0.0,0.0,0.0,0.0,0.0,0.0,0.0,0.0,0.0,1702.0,587.0,0.0,0.0
McArthur,CRY,4.8,MID,0.0%,0.0,0.0,0.0,0.0,0.0,0.0,0.0,0.0,0.0,0.0,0.0,0.0,0.0,0.0,0.0,0.0,0.0,0.0,0.0,0.0,0.0,0.0,0.0,0.0,534.0,1492.0,-2.0,2.0
Rak-Sakyi,CRY,4.5,MID,0.0%,0.0,0.0,0.0,0.0,0.0,0.0,0.0,0.0,0.0,0.0,0.0,0.0,0.0,0.0,0.0,0.0,0.0,0.0,0.0,0.0,0.0,0.0,0.0,0.0,241.0,3588.0,0.0,0.0
Rodney,CRY,4.5,MID,0.0%,0.0,0.0,0.0,0.0,0.0,0.0,0.0,0.0,0.0,0.0,0.0,0.0,0.0,0.0,0.0,0.0,0.0,0.0,0.0,0.0,0.0,0.0,0.0,0.0,1960.0,1388.0,0.0,0.0
Phillips,CRY,4.5,MID,0.0%,0.0,0.0,0.0,0.0,0.0,0.0,0.0,0.0,0.0,0.0,0.0,0.0,0.0,0.0,0.0,0.0,0.0,0.0,0.0,0.0,0.0,0.0,0.0,0.0,3854.0,2505.0,0.0,0.0
Wells-Morrison,CRY,4.5,MID,0.0%,0.0,0.0,0.0,0.0,0.0,0.0,0.0,0.0,0.0,0.0,0.0,0.0,0.0,0.0,0.0,0.0,0.0,0.0,0.0,0.0,0.0,0.0,0.0,0.0,12.0,1.0,0.0,0.0
Benteke,CRY,5.5,FWD,0.2%,0.0,0.0,0.0,0.0,0.0,0.0,0.0,0.0,0.0,0.0,0.0,0.0,0.0,0.0,0.0,0.0,0.0,0.0,0.0,0.0,0.0,0.0,0.0,0.0,3358.0,79768.0,0.0,0.0
Plange,CRY,4.5,FWD,0.3%,0.0,0.0,0.0,0.0,0.0,0.0,0.0,0.0,0.0,0.0,0.0,0.0,0.0,0.0,0.0,0.0,0.0,0.0,0.0,0.0,0.0,0.0,0.0,0.0,18888.0,129479.0,0.0,0.0
Gordon,CRY,4.5,FWD,0.1%,0.0,0.0,0.0,0.0,0.0,0.0,0.0,0.0,0.0,0.0,0.0,0.0,0.0,0.0,0.0,0.0,0.0,0.0,0.0,0.0,0.0,0.0,0.0,0.0,15910.0,8617.0,0.0,0.0
Jakupović,EVE,4.0,GKP,0.0%,0.0,0.0,0.0,0.0,0.0,0.0,0.0,0.0,0.0,0.0,0.0,0.0,0.0,0.0,0.0,0.0,0.0,0.0,0.0,0.0,0.0,0.0,0.0,0.0,1451.0,890.0,0.0,0.0
Branthwaite,EVE,4.0,DEF,0.0%,0.0,0.0,0.0,0.0,0.0,0.0,0.0,0.0,0.0,0.0,0.0,0.0,0.0,0.0,0.0,0.0,0.0,0.0,0.0,0.0,0.0,0.0,0.0,0.0,0.0,1608.0,0.0,0.0
Nkounkou,EVE,4.0,DEF,0.2%,0.0,0.0,0.0,0.0,0.0,0.0,0.0,0.0,0.0,0.0,0.0,0.0,0.0,0.0,0.0,0.0,0.0,0.0,0.0,0.0,0.0,0.0,0.0,0.0,8908.0,41553.0,0.0,0.0
Welch,EVE,4.0,DEF,0.1%,0.0,0.0,0.0,0.0,0.0,0.0,0.0,0.0,0.0,0.0,0.0,0.0,0.0,0.0,0.0,0.0,0.0,0.0,0.0,0.0,0.0,0.0,0.0,0.0,3831.0,2825.0,0.0,0.0
John,EVE,4.0,DEF,0.0%,0.0,0.0,0.0,0.0,0.0,0.0,0.0,0.0,0.0,0.0,0.0,0.0,0.0,0.0,0.0,0.0,0.0,0.0,0.0,0.0,0.0,0.0,0.0,0.0,1819.0,1034.0,0.0,0.0
Townsend,EVE,5.4,MID,0.0%,0.0,0.0,0.0,0.0,0.0,0.0,0.0,0.0,0.0,0.0,0.0,0.0,0.0,0.0,0.0,0.0,0.0,0.0,0.0,0.0,0.0,0.0,0.0,0.0,596.0,811.0,-1.0,1.0
Allan,EVE,4.8,MID,0.1%,0.0,0.0,0.0,0.0,0.0,0.0,0.0,0.0,0.0,0.0,0.0,0.0,0.0,0.0,0.0,0.0,0.0,0.0,0.0,0.0,0.0,0.0,0.0,0.0,4852.0,15517.0,-2.0,2.0
André Gomes,EVE,4.5,MID,0.1%,0.0,0.0,0.0,0.0,0.0,0.0,0.0,0.0,0.0,0.0,0.0,0.0,0.0,0.0,0.0,0.0,0.0,0.0,0.0,0.0,0.0,0.0,0.0,0.0,1409.0,16358.0,0.0,0.0
Gbamin,EVE,4.5,MID,0.0%,0.0,0.0,0.0,0.0,0.0,0.0,0.0,0.0,0.0,0.0,0.0,0.0,0.0,0.0,0.0,0.0,0.0,0.0,0.0,0.0,0.0,0.0,0.0,0.0,1426.0,4905.0,0.0,0.0
Mills,EVE,4.4,MID,0.0%,0.0,0.0,0.0,0.0,0.0,0.0,0.0,0.0,0.0,0.0,0.0,0.0,0.0,0.0,0.0,0.0,0.0,0.0,0.0,0.0,0.0,0.0,0.0,0.0,3039.0,3024.0,-1.0,1.0
Warrington,EVE,4.4,MID,0.1%,0.0,0.0,0.0,0.0,0.0,0.0,0.0,0.0,0.0,0.0,0.0,0.0,0.0,0.0,0.0,0.0,0.0,0.0,0.0,0.0,0.0,0.0,0.0,0.0,18771.0,18017.0,-1.0,1.0
Gazzaniga,FUL,4.0,GKP,2.1%,0.0,0.0,0.0,0.0,0.0,0.0,0.0,0.0,0.0,0.0,0.0,0.0,0.0,0.0,0.0,0.0,0.0,0.0,0.0,0.0,0.0,0.0,0.0,0.0,17125.0,329643.0,0.0,0.0
Bryan,FUL,4.4,DEF,0.0%,0.0,0.0,0.0,0.0,0.0,0.0,0.0,0.0,0.0,0.0,0.0,0.0,0.0,0.0,0.0,0.0,0.0,0.0,0.0,0.0,0.0,0.0,0.0,0.0,485.0,2669.0,-1.0,1.0
Kongolo,FUL,3.9,DEF,0.3%,0.0,0.0,0.0,0.0,0.0,0.0,0.0,0.0,0.0,0.0,0.0,0.0,0.0,0.0,0.0,0.0,0.0,0.0,0.0,0.0,1.0,0.0,0.0,0.0,16604.0,49401.0,-1.0,1.0
Parkes,FUL,4.0,DEF,0.0%,0.0,0.0,0.0,0.0,0.0,0.0,0.0,0.0,0.0,0.0,0.0,0.0,0.0,0.0,0.0,0.0,0.0,0.0,0.0,0.0,0.0,0.0,0.0,0.0,1547.0,835.0,0.0,0.0
Knockaert,FUL,4.7,MID,0.0%,0.0,0.0,0.0,0.0,0.0,0.0,0.0,0.0,0.0,0.0,0.0,0.0,0.0,0.0,0.0,0.0,0.0,0.0,0.0,0.0,0.0,0.0,0.0,0.0,1181.0,4661.0,-3.0,3.0
Cavaleiro,FUL,4.8,MID,0.0%,0.0,0.0,0.0,0.0,0.0,0.0,0.0,0.0,0.0,0.0,0.0,0.0,0.0,0.0,0.0,0.0,0.0,0.0,0.0,0.0,0.0,0.0,0.0,0.0,2084.0,8530.0,-2.0,2.0
Godo,FUL,4.5,MID,0.0%,0.0,0.0,0.0,0.0,0.0,0.0,0.0,0.0,0.0,0.0,0.0,0.0,0.0,0.0,0.0,0.0,0.0,0.0,0.0,0.0,0.0,0.0,0.0,0.0,249.0,136.0,0.0,0.0
Muniz,FUL,5.4,FWD,0.0%,0.0,0.0,0.0,0.0,0.0,0.0,0.0,0.0,0.0,0.0,0.0,0.0,0.0,0.0,0.0,0.0,0.0,0.0,0.0,0.0,0.0,0.0,0.0,0.0,3387.0,14270.0,-1.0,1.0
Ablade,FUL,4.5,FWD,0.1%,0.0,0.0,0.0,0.0,0.0,0.0,0.0,0.0,0.0,0.0,0.0,0.0,0.0,0.0,0.0,0.0,0.0,0.0,0.0,0.0,0.0,0.0,0.0,0.0,21130.0,15847.0,0.0,0.0
Schmeichel,LEI,5.0,GKP,0.1%,0.0,0.0,0.0,0.0,0.0,0.0,0.0,0.0,0.0,0.0,0.0,0.0,0.0,0.0,0.0,0.0,0.0,0.0,0.0,0.0,0.0,0.0,0.0,0.0,0.0,40917.0,0.0,0.0
Iversen,LEI,3.9,GKP,4.5%,0.0,0.0,0.0,0.0,0.0,0.0,0.0,0.0,0.0,0.0,0.0,0.0,0.0,0.0,0.0,0.0,0.0,0.0,0.0,0.0,0.0,0.0,0.0,0.0,467973.0,310383.0,-1.0,1.0
Smithies,LEI,4.0,GKP,0.0%,0.0,0.0,0.0,0.0,0.0,0.0,0.0,0.0,0.0,0.0,0.0,0.0,0.0,0.0,0.0,0.0,0.0,0.0,0.0,0.0,0.0,0.0,0.0,0.0,5573.0,3965.0,0.0,0.0
Bertrand,LEI,3.9,DEF,0.0%,0.0,0.0,0.0,0.0,0.0,0.0,0.0,0.0,0.0,0.0,0.0,0.0,0.0,0.0,0.0,0.0,0.0,0.0,0.0,0.0,0.0,0.0,0.0,0.0,2881.0,3920.0,-1.0,1.0
Vestergaard,LEI,3.9,DEF,6.7%,0.0,0.0,0.0,0.0,0.0,0.0,0.0,0.0,0.0,0.0,0.0,0.0,0.0,0.0,0.0,0.0,0.0,0.0,0.0,0.0,1.0,0.0,0.0,0.0,405542.0,628892.0,-1.0,1.0
Ricardo,LEI,4.3,DEF,0.0%,0.0,0.0,0.0,0.0,0.0,0.0,0.0,0.0,0.0,0.0,0.0,0.0,0.0,0.0,0.0,0.0,0.0,0.0,0.0,0.0,0.0,0.0,0.0,0.0,798.0,6608.0,-2.0,2.0
Brunt,LEI,3.9,DEF,0.3%,0.0,0.0,0.0,0.0,0.0,0.0,0.0,0.0,0.0,0.0,0.0,0.0,0.0,0.0,0.0,0.0,0.0,0.0,0.0,0.0,0.0,0.0,0.0,0.0,19920.0,24285.0,-1.0,1.0
Wormleighton,LEI,4.0,DEF,0.0%,0.0,0.0,0.0,0.0,0.0,0.0,0.0,0.0,0.0,0.0,0.0,0.0,0.0,0.0,0.0,0.0,0.0,0.0,0.0,0.0,0.0,0.0,0.0,0.0,301.0,90.0,0.0,0.0
Choudhury,LEI,4.5,MID,0.0%,0.0,0.0,0.0,0.0,0.0,0.0,0.0,0.0,0.0,0.0,0.0,0.0,0.0,0.0,0.0,0.0,0.0,0.0,0.0,0.0,0.0,0.0,0.0,0.0,1196.0,15169.0,0.0,0.0
Braybrooke,LEI,4.5,MID,0.0%,0.0,0.0,0.0,0.0,0.0,0.0,0.0,0.0,0.0,0.0,0.0,0.0,0.0,0.0,0.0,0.0,0.0,0.0,0.0,0.0,0.0,0.0,0.0,0.0,437.0,193.0,0.0,0.0
Klaesson,LEE,3.9,GKP,0.6%,0.0,0.0,0.0,0.0,0.0,0.0,0.0,0.0,0.0,0.0,0.0,0.0,0.0,0.0,0.0,0.0,0.0,0.0,0.0,0.0,0.0,0.0,0.0,0.0,31953.0,23487.0,-1.0,1.0
Robles,LEE,4.0,GKP,0.0%,0.0,0.0,0.0,0.0,0.0,0.0,0.0,0.0,0.0,0.0,0.0,0.0,0.0,0.0,0.0,0.0,0.0,0.0,0.0,0.0,0.0,0.0,0.0,0.0,3542.0,2852.0,0.0,0.0
Dallas,LEE,4.9,DEF,0.0%,0.0,0.0,0.0,0.0,0.0,0.0,0.0,0.0,0.0,0.0,0.0,0.0,0.0,0.0,0.0,0.0,0.0,0.0,0.0,0.0,0.0,0.0,0.0,0.0,1088.0,1830.0,-1.0,1.0
Hjelde,LEE,3.9,DEF,0.2%,0.0,0.0,0.0,0.0,0.0,0.0,0.0,0.0,0.0,0.0,0.0,0.0,0.0,0.0,0.0,0.0,0.0,0.0,0.0,0.0,0.0,0.0,0.0,0.0,19791.0,23731.0,-1.0,1.0
Roberts,LEE,5.0,MID,0.0%,0.0,0.0,0.0,0.0,0.0,0.0,0.0,0.0,0.0,0.0,0.0,0.0,0.0,0.0,0.0,0.0,0.0,0.0,0.0,0.0,0.0,0.0,0.0,0.0,0.0,37.0,0.0,0.0
Raphinha,LEE,7.0,MID,0.1%,0.0,0.0,0.0,0.0,0.0,0.0,0.0,0.0,0.0,0.0,0.0,0.0,0.0,0.0,0.0,0.0,0.0,0.0,0.0,0.0,0.0,0.0,0.0,0.0,0.0,11929.0,0.0,0.0
Shackleton,LEE,4.5,MID,0.0%,0.0,0.0,0.0,0.0,0.0,0.0,0.0,0.0,0.0,0.0,0.0,0.0,0.0,0.0,0.0,0.0,0.0,0.0,0.0,0.0,0.0,0.0,0.0,0.0,0.0,415.0,0.0,0.0
Bate,LEE,4.5,MID,0.0%,0.0,0.0,0.0,0.0,0.0,0.0,0.0,0.0,0.0,0.0,0.0,0.0,0.0,0.0,0.0,0.0,0.0,0.0,0.0,0.0,0.0,0.0,0.0,0.0,0.0,1336.0,0.0,0.0
Gyabi,LEE,4.3,MID,0.1%,0.0,0.0,0.0,0.0,0.0,0.0,0.0,0.0,0.0,0.0,0.0,0.0,0.0,0.0,0.0,0.0,0.0,0.0,0.0,0.0,0.0,0.0,0.0,0.0,19650.0,15748.0,-2.0,2.0
Gray,LEE,4.5,MID,0.0%,0.0,0.0,0.0,0.0,0.0,0.0,0.0,0.0,0.0,0.0,0.0,0.0,0.0,0.0,0.0,0.0,0.0,0.0,0.0,0.0,0.0,0.0,0.0,0.0,7586.0,8657.0,0.0,0.0
Kelleher,LIV,4.0,GKP,0.2%,0.0,0.0,0.0,0.0,0.0,0.0,0.0,0.0,0.0,0.0,0.0,0.0,0.0,0.0,0.0,0.0,0.0,0.0,0.0,0.0,0.0,0.0,0.0,0.0,3602.0,10414.0,0.0,0.0
Adrián,LIV,3.9,GKP,0.7%,0.0,0.0,0.0,0.0,0.0,0.0,0.0,0.0,0.0,0.0,0.0,0.0,0.0,0.0,0.0,0.0,0.0,0.0,0.0,0.0,0.0,0.0,0.0,0.0,37036.0,45266.0,-1.0,1.0
H.Davies,LIV,4.0,GKP,0.0%,0.0,0.0,0.0,0.0,0.0,0.0,0.0,0.0,0.0,0.0,0.0,0.0,0.0,0.0,0.0,0.0,0.0,0.0,0.0,0.0,0.0,0.0,0.0,0.0,946.0,947.0,0.0,0.0
Ramsay,LIV,3.9,DEF,0.2%,0.0,0.0,0.0,0.0,0.0,0.0,0.0,0.0,0.0,0.0,0.0,0.0,0.0,0.0,0.0,0.0,0.0,0.0,0.0,0.0,0.0,0.0,0.0,0.0,16561.0,22781.0,-1.0,1.0
R.Williams,LIV,4.0,DEF,0.0%,0.0,0.0,0.0,0.0,0.0,0.0,0.0,0.0,0.0,0.0,0.0,0.0,0.0,0.0,0.0,0.0,0.0,0.0,0.0,0.0,0.0,0.0,0.0,0.0,0.0,669.0,0.0,0.0
Davies,LIV,4.0,DEF,0.0%,0.0,0.0,0.0,0.0,0.0,0.0,0.0,0.0,0.0,0.0,0.0,0.0,0.0,0.0,0.0,0.0,0.0,0.0,0.0,0.0,0.0,0.0,0.0,0.0,0.0,520.0,0.0,0.0
Van den Berg,LIV,4.0,DEF,0.2%,0.0,0.0,0.0,0.0,0.0,0.0,0.0,0.0,0.0,0.0,0.0,0.0,0.0,0.0,0.0,0.0,0.0,0.0,0.0,0.0,0.0,0.0,0.0,0.0,10688.0,27129.0,0.0,0.0
Chambers,LIV,4.0,DEF,0.1%,0.0,0.0,0.0,0.0,0.0,0.0,0.0,0.0,0.0,0.0,0.0,0.0,0.0,0.0,0.0,0.0,0.0,0.0,0.0,0.0,0.0,0.0,0.0,0.0,5469.0,5842.0,0.0,0.0
Keita,LIV,4.7,MID,0.0%,0.0,0.0,0.0,0.0,0.0,0.0,0.0,0.0,0.0,0.0,0.0,0.0,0.0,0.0,0.0,0.0,0.0,0.0,0.0,0.0,0.0,0.0,0.0,0.0,7676.0,16302.0,-3.0,3.0
Arthur,LIV,4.8,MID,0.0%,0.0,0.0,0.0,0.0,0.0,0.0,0.0,0.0,0.0,0.0,0.0,0.0,0.0,0.0,0.0,0.0,0.0,0.0,0.0,0.0,0.0,0.0,0.0,0.0,8197.0,7496.0,-2.0,2.0
Steffen,MCI,4.0,GKP,0.0%,0.0,0.0,0.0,0.0,0.0,0.0,0.0,0.0,0.0,0.0,0.0,0.0,0.0,0.0,0.0,0.0,0.0,0.0,0.0,0.0,0.0,0.0,0.0,0.0,0.0,2156.0,0.0,0.0
Ortega,MCI,3.8,GKP,0.7%,0.0,0.0,0.0,0.0,0.0,0.0,0.0,0.0,0.0,0.0,0.0,0.0,0.0,0.0,0.0,0.0,0.0,0.0,0.0,0.0,0.0,0.0,0.0,0.0,80532.0,71354.0,-2.0,2.0
Carson,MCI,3.9,GKP,0.2%,0.0,0.0,0.0,0.0,0.0,0.0,0.0,0.0,0.0,0.0,0.0,0.0,0.0,0.0,0.0,0.0,0.0,0.0,0.0,0.0,1.0,0.0,0.0,0.0,17990.0,20403.0,-1.0,1.0
Mbete,MCI,3.9,DEF,0.2%,0.0,0.0,0.0,0.0,0.0,0.0,0.0,0.0,0.0,0.0,0.0,0.0,0.0,0.0,0.0,0.0,0.0,0.0,0.0,0.0,0.0,0.0,0.0,0.0,47144.0,53517.0,-1.0,1.0
Wilson-Esbrand,MCI,3.8,DEF,0.8%,0.0,0.0,0.0,0.0,0.0,0.0,0.0,0.0,0.0,0.0,0.0,0.0,0.0,0.0,0.0,0.0,0.0,0.0,0.0,0.0,0.0,0.0,0.0,0.0,114759.0,106918.0,-2.0,2.0
McAtee,MCI,4.5,MID,0.0%,0.0,0.0,0.0,0.0,0.0,0.0,0.0,0.0,0.0,0.0,0.0,0.0,0.0,0.0,0.0,0.0,0.0,0.0,0.0,0.0,0.0,0.0,0.0,0.0,0.0,845.0,0.0,0.0
Gomes,MCI,4.5,MID,0.0%,0.0,0.0,0.0,0.0,0.0,0.0,0.0,0.0,0.0,0.0,0.0,0.0,0.0,0.0,0.0,0.0,0.0,0.0,0.0,0.0,0.0,0.0,0.0,0.0,980.0,1166.0,0.0,0.0
Knight,MCI,4.5,MID,0.0%,0.0,0.0,0.0,0.0,0.0,0.0,0.0,0.0,0.0,0.0,0.0,0.0,0.0,0.0,0.0,0.0,0.0,0.0,0.0,0.0,0.0,0.0,0.0,0.0,509.0,425.0,0.0,0.0
Delap,MCI,4.4,FWD,0.2%,0.0,0.0,0.0,0.0,0.0,0.0,0.0,0.0,0.0,0.0,0.0,0.0,0.0,0.0,0.0,0.0,0.0,0.0,0.0,0.0,0.0,0.0,0.0,0.0,13802.0,63214.0,-1.0,1.0
Heaton,MUN,3.9,GKP,0.4%,0.0,0.0,0.0,0.0,0.0,0.0,0.0,0.0,0.0,0.0,0.0,0.0,0.0,0.0,0.0,0.0,0.0,0.0,0.0,0.0,0.0,0.0,0.0,0.0,14077.0,21866.0,-1.0,1.0
Dubravka,MUN,4.2,GKP,0.5%,0.0,0.0,0.0,0.0,0.0,0.0,0.0,0.0,0.0,0.0,0.0,0.0,0.0,0.0,0.0,0.0,0.0,0.0,0.0,0.0,0.0,0.0,0.0,0.0,12000.0,75693.0,-3.0,3.0
Kovár,MUN,4.0,GKP,0.0%,0.0,0.0,0.0,0.0,0.0,0.0,0.0,0.0,0.0,0.0,0.0,0.0,0.0,0.0,0.0,0.0,0.0,0.0,0.0,0.0,0.0,0.0,0.0,0.0,256.0,311.0,0.0,0.0
Bishop,MUN,4.0,GKP,0.0%,0.0,0.0,0.0,0.0,0.0,0.0,0.0,0.0,0.0,0.0,0.0,0.0,0.0,0.0,0.0,0.0,0.0,0.0,0.0,0.0,0.0,0.0,0.0,0.0,10.0,0.0,0.0,0.0
Jones,MUN,3.9,DEF,0.7%,0.0,0.0,0.0,0.0,0.0,0.0,0.0,0.0,0.0,0.0,0.0,0.0,0.0,0.0,0.0,0.0,0.0,0.0,0.0,0.0,1.0,0.0,0.0,0.0,70233.0,57390.0,-1.0,1.0
Telles,MUN,5.0,DEF,0.0%,0.0,0.0,0.0,0.0,0.0,0.0,0.0,0.0,0.0,0.0,0.0,0.0,0.0,0.0,0.0,0.0,0.0,0.0,0.0,0.0,0.0,0.0,0.0,0.0,0.0,6434.0,0.0,0.0
Bailly,MUN,4.0,DEF,0.5%,0.0,0.0,0.0,0.0,0.0,0.0,0.0,0.0,0.0,0.0,0.0,0.0,0.0,0.0,0.0,0.0,0.0,0.0,0.0,0.0,0.0,0.0,0.0,0.0,20468.0,136545.0,0.0,0.0
B.Williams,MUN,3.9,DEF,1.5%,0.0,0.0,0.0,0.0,0.0,0.0,0.0,0.0,0.0,0.0,0.0,0.0,0.0,0.0,0.0,0.0,0.0,0.0,0.0,0.0,0.0,0.0,0.0,0.0,102260.0,204986.0,-1.0,1.0
Pellistri,MUN,4.4,MID,0.0%,0.0,0.0,0.0,0.0,0.0,0.0,0.0,0.0,0.0,0.0,0.0,0.0,0.0,0.0,0.0,0.0,0.0,0.0,0.0,0.0,0.0,0.0,0.0,0.0,1529.0,5085.0,-1.0,1.0
Amad,MUN,4.4,MID,0.1%,0.0,0.0,0.0,0.0,0.0,0.0,0.0,0.0,0.0,0.0,0.0,0.0,0.0,0.0,0.0,0.0,0.0,0.0,0.0,0.0,0.0,0.0,0.0,0.0,5143.0,15831.0,-1.0,1.0
Iqbal,MUN,4.3,MID,0.3%,0.0,0.0,0.0,0.0,0.0,0.0,0.0,0.0,0.0,0.0,0.0,0.0,0.0,0.0,0.0,0.0,0.0,0.0,0.0,0.0,1.0,0.0,0.0,0.0,50371.0,43023.0,-2.0,2.0
Mainoo,MUN,4.5,MID,0.0%,0.0,0.0,0.0,0.0,0.0,0.0,0.0,0.0,0.0,0.0,0.0,0.0,0.0,0.0,0.0,0.0,0.0,0.0,0.0,0.0,0.0,0.0,0.0,0.0,119.0,52.0,0.0,0.0
Darlow,NEW,3.9,GKP,1.3%,0.0,0.0,0.0,0.0,0.0,0.0,0.0,0.0,0.0,0.0,0.0,0.0,0.0,0.0,0.0,0.0,0.0,0.0,0.0,0.0,0.0,0.0,0.0,0.0,15991.0,136011.0,-1.0,1.0
Karius,NEW,4.0,GKP,0.1%,0.0,0.0,0.0,0.0,0.0,0.0,0.0,0.0,0.0,0.0,0.0,0.0,0.0,0.0,0.0,0.0,0.0,0.0,0.0,0.0,0.0,0.0,0.0,0.0,7091.0,3154.0,0.0,0.0
Fernández,NEW,4.4,DEF,0.0%,0.0,0.0,0.0,0.0,0.0,0.0,0.0,0.0,0.0,0.0,0.0,0.0,0.0,0.0,0.0,0.0,0.0,0.0,0.0,0.0,0.0,0.0,0.0,0.0,638.0,5533.0,-1.0,1.0
Clark,NEW,4.5,DEF,0.0%,0.0,0.0,0.0,0.0,0.0,0.0,0.0,0.0,0.0,0.0,0.0,0.0,0.0,0.0,0.0,0.0,0.0,0.0,0.0,0.0,0.0,0.0,0.0,0.0,0.0,235.0,0.0,0.0
Dummett,NEW,3.9,DEF,0.5%,0.0,0.0,0.0,0.0,0.0,0.0,0.0,0.0,0.0,0.0,0.0,0.0,0.0,0.0,0.0,0.0,0.0,0.0,0.0,0.0,1.0,0.0,0.0,0.0,35042.0,51740.0,-1.0,1.0
Manquillo,NEW,4.2,DEF,0.1%,0.0,0.0,0.0,0.0,0.0,0.0,0.0,0.0,0.0,0.0,0.0,0.0,0.0,0.0,0.0,0.0,0.0,0.0,0.0,0.0,0.0,0.0,0.0,0.0,1816.0,5958.0,-3.0,3.0
Hendrick,NEW,4.5,MID,0.0%,0.0,0.0,0.0,0.0,0.0,0.0,0.0,0.0,0.0,0.0,0.0,0.0,0.0,0.0,0.0,0.0,0.0,0.0,0.0,0.0,0.0,0.0,0.0,0.0,0.0,295.0,0.0,0.0
Gayle,NEW,4.5,FWD,0.1%,0.0,0.0,0.0,0.0,0.0,0.0,0.0,0.0,0.0,0.0,0.0,0.0,0.0,0.0,0.0,0.0,0.0,0.0,0.0,0.0,0.0,0.0,0.0,0.0,0.0,12270.0,0.0,0.0
Samba,NFO,4.5,GKP,0.0%,0.0,0.0,0.0,0.0,0.0,0.0,0.0,0.0,0.0,0.0,0.0,0.0,0.0,0.0,0.0,0.0,0.0,0.0,0.0,0.0,0.0,0.0,0.0,0.0,0.0,177.0,0.0,0.0
Hennessey,NFO,3.9,GKP,1.8%,0.0,0.0,0.0,0.0,0.0,0.0,0.0,0.0,0.0,0.0,0.0,0.0,0.0,0.0,0.0,0.0,0.0,0.0,0.0,0.0,0.0,0.0,0.0,0.0,64123.0,99120.0,-1.0,1.0
Dräger,NFO,4.0,DEF,0.1%,0.0,0.0,0.0,0.0,0.0,0.0,0.0,0.0,0.0,0.0,0.0,0.0,0.0,0.0,0.0,0.0,0.0,0.0,0.0,0.0,0.0,0.0,0.0,0.0,0.0,15629.0,0.0,0.0
Panzo,NFO,4.0,DEF,0.0%,0.0,0.0,0.0,0.0,0.0,0.0,0.0,0.0,0.0,0.0,0.0,0.0,0.0,0.0,0.0,0.0,0.0,0.0,0.0,0.0,0.0,0.0,0.0,0.0,0.0,1026.0,0.0,0.0
Laryea,NFO,4.5,DEF,0.0%,0.0,0.0,0.0,0.0,0.0,0.0,0.0,0.0,0.0,0.0,0.0,0.0,0.0,0.0,0.0,0.0,0.0,0.0,0.0,0.0,0.0,0.0,0.0,0.0,26.0,3158.0,0.0,0.0
Mbe Soh,NFO,4.2,DEF,0.0%,0.0,0.0,0.0,0.0,0.0,0.0,0.0,0.0,0.0,0.0,0.0,0.0,0.0,0.0,0.0,0.0,0.0,0.0,0.0,0.0,0.0,0.0,0.0,0.0,839.0,3342.0,-3.0,3.0
Richards,NFO,4.4,DEF,0.0%,0.0,0.0,0.0,0.0,0.0,0.0,0.0,0.0,0.0,0.0,0.0,0.0,0.0,0.0,0.0,0.0,0.0,0.0,0.0,0.0,0.0,0.0,0.0,0.0,570.0,1021.0,-1.0,1.0
Badé,NFO,4.5,DEF,0.0%,0.0,0.0,0.0,0.0,0.0,0.0,0.0,0.0,0.0,0.0,0.0,0.0,0.0,0.0,0.0,0.0,0.0,0.0,0.0,0.0,0.0,0.0,0.0,0.0,1361.0,1156.0,0.0,0.0
Arter,NFO,4.3,MID,0.2%,0.0,0.0,0.0,0.0,0.0,0.0,0.0,0.0,0.0,0.0,0.0,0.0,0.0,0.0,0.0,0.0,0.0,0.0,0.0,0.0,0.0,0.0,0.0,0.0,27549.0,34582.0,-2.0,2.0
Lolley,NFO,4.9,MID,0.0%,0.0,0.0,0.0,0.0,0.0,0.0,0.0,0.0,0.0,0.0,0.0,0.0,0.0,0.0,0.0,0.0,0.0,0.0,0.0,0.0,0.0,0.0,0.0,0.0,313.0,5151.0,-1.0,1.0
Xande Silva,NFO,5.0,MID,0.0%,0.0,0.0,0.0,0.0,0.0,0.0,0.0,0.0,0.0,0.0,0.0,0.0,0.0,0.0,0.0,0.0,0.0,0.0,0.0,0.0,0.0,0.0,0.0,0.0,0.0,1516.0,0.0,0.0
Ojeda,NFO,4.5,MID,0.0%,0.0,0.0,0.0,0.0,0.0,0.0,0.0,0.0,0.0,0.0,0.0,0.0,0.0,0.0,0.0,0.0,0.0,0.0,0.0,0.0,0.0,0.0,0.0,0.0,601.0,8902.0,0.0,0.0
Hammond,NFO,4.4,MID,0.0%,0.0,0.0,0.0,0.0,0.0,0.0,0.0,0.0,0.0,0.0,0.0,0.0,0.0,0.0,0.0,0.0,0.0,0.0,0.0,0.0,0.0,0.0,0.0,0.0,2842.0,4560.0,-1.0,1.0
Taylor,NFO,4.3,FWD,4.9%,0.0,0.0,0.0,0.0,0.0,0.0,0.0,0.0,0.0,0.0,0.0,0.0,0.0,0.0,0.0,0.0,0.0,0.0,0.0,0.0,1.0,0.0,0.0,0.0,408383.0,1009301.0,-2.0,2.0
McCarthy,SOU,4.3,GKP,0.2%,0.0,0.0,0.0,0.0,0.0,0.0,0.0,0.0,0.0,0.0,0.0,0.0,0.0,0.0,0.0,0.0,0.0,0.0,0.0,0.0,0.0,0.0,0.0,0.0,4419.0,16638.0,-2.0,2.0
Lis,SOU,4.0,GKP,0.2%,0.0,0.0,0.0,0.0,0.0,0.0,0.0,0.0,0.0,0.0,0.0,0.0,0.0,0.0,0.0,0.0,0.0,0.0,0.0,0.0,0.0,0.0,0.0,0.0,2802.0,16619.0,0.0,0.0
Caballero,SOU,3.9,GKP,0.8%,0.0,0.0,0.0,0.0,0.0,0.0,0.0,0.0,0.0,0.0,0.0,0.0,0.0,0.0,0.0,0.0,0.0,0.0,0.0,0.0,0.0,0.0,0.0,0.0,14873.0,42488.0,-1.0,1.0
Livramento,SOU,4.4,DEF,0.0%,0.0,0.0,0.0,0.0,0.0,0.0,0.0,0.0,0.0,0.0,0.0,0.0,0.0,0.0,0.0,0.0,0.0,0.0,0.0,0.0,0.0,0.0,0.0,0.0,712.0,1843.0,-1.0,1.0
Tella,SOU,5.0,MID,0.0%,0.0,0.0,0.0,0.0,0.0,0.0,0.0,0.0,0.0,0.0,0.0,0.0,0.0,0.0,0.0,0.0,0.0,0.0,0.0,0.0,0.0,0.0,0.0,0.0,13.0,292.0,0.0,0.0
Smallbone,SOU,4.5,MID,0.0%,0.0,0.0,0.0,0.0,0.0,0.0,0.0,0.0,0.0,0.0,0.0,0.0,0.0,0.0,0.0,0.0,0.0,0.0,0.0,0.0,0.0,0.0,0.0,0.0,0.0,1231.0,0.0,0.0
Payne,SOU,4.5,MID,0.0%,0.0,0.0,0.0,0.0,0.0,0.0,0.0,0.0,0.0,0.0,0.0,0.0,0.0,0.0,0.0,0.0,0.0,0.0,0.0,0.0,0.0,0.0,0.0,0.0,32.0,12.0,0.0,0.0
Finnigan,SOU,4.5,MID,0.0%,0.0,0.0,0.0,0.0,0.0,0.0,0.0,0.0,0.0,0.0,0.0,0.0,0.0,0.0,0.0,0.0,0.0,0.0,0.0,0.0,0.0,0.0,0.0,0.0,35.0,7.0,0.0,0.0
Forster,TOT,3.9,GKP,4.1%,0.0,0.0,0.0,0.0,0.0,0.0,0.0,0.0,0.0,0.0,0.0,0.0,0.0,0.0,0.0,0.0,0.0,0.0,0.0,0.0,0.0,0.0,0.0,0.0,94314.0,233900.0,-1.0,1.0
Austin,TOT,3.9,GKP,0.3%,0.0,0.0,0.0,0.0,0.0,0.0,0.0,0.0,0.0,0.0,0.0,0.0,0.0,0.0,0.0,0.0,0.0,0.0,0.0,0.0,0.0,0.0,0.0,0.0,7553.0,15189.0,-1.0,1.0
Reguilón,TOT,4.2,DEF,0.4%,0.0,0.0,0.0,0.0,0.0,0.0,0.0,0.0,0.0,0.0,0.0,0.0,0.0,0.0,0.0,0.0,0.0,0.0,0.0,0.0,0.0,0.0,0.0,0.0,17585.0,202108.0,-3.0,3.0
Tanganga,TOT,3.9,DEF,3.0%,0.0,0.0,0.0,0.0,0.0,0.0,0.0,0.0,0.0,0.0,0.0,0.0,0.0,0.0,0.0,0.0,0.0,0.0,0.0,0.0,0.0,0.0,0.0,0.0,197784.0,277621.0,-1.0,1.0
Rodon,TOT,4.0,DEF,0.0%,0.0,0.0,0.0,0.0,0.0,0.0,0.0,0.0,0.0,0.0,0.0,0.0,0.0,0.0,0.0,0.0,0.0,0.0,0.0,0.0,0.0,0.0,0.0,0.0,0.0,6995.0,0.0,0.0
Winks,TOT,4.4,MID,0.8%,0.0,0.0,0.0,0.0,0.0,0.0,0.0,0.0,0.0,0.0,0.0,0.0,0.0,0.0,0.0,0.0,0.0,0.0,0.0,0.0,0.0,0.0,0.0,0.0,64152.0,198092.0,-1.0,1.0
Bergwijn,TOT,5.5,MID,0.0%,0.0,0.0,0.0,0.0,0.0,0.0,0.0,0.0,0.0,0.0,0.0,0.0,0.0,0.0,0.0,0.0,0.0,0.0,0.0,0.0,0.0,0.0,0.0,0.0,0.0,203.0,0.0,0.0
White,TOT,4.4,MID,0.5%,0.0,0.0,0.0,0.0,0.0,0.0,0.0,0.0,0.0,0.0,0.0,0.0,0.0,0.0,0.0,0.0,0.0,0.0,0.0,0.0,0.0,0.0,0.0,0.0,52688.0,55281.0,-1.0,1.0
Sarr,TOT,4.3,MID,0.7%,0.0,0.0,0.0,0.0,0.0,0.0,0.0,0.0,0.0,0.0,0.0,0.0,0.0,0.0,0.0,0.0,0.0,0.0,0.0,0.0,0.0,0.0,0.0,0.0,78587.0,75404.0,-2.0,2.0
Devine,TOT,4.4,MID,0.1%,0.0,0.0,0.0,0.0,0.0,0.0,0.0,0.0,0.0,0.0,0.0,0.0,0.0,0.0,0.0,0.0,0.0,0.0,0.0,0.0,0.0,0.0,0.0,0.0,5770.0,9762.0,-1.0,1.0
Scarlett,TOT,4.5,FWD,0.0%,0.0,0.0,0.0,0.0,0.0,0.0,0.0,0.0,0.0,0.0,0.0,0.0,0.0,0.0,0.0,0.0,0.0,0.0,0.0,0.0,0.0,0.0,0.0,0.0,0.0,6741.0,0.0,0.0
Parrott,TOT,4.5,FWD,0.1%,0.0,0.0,0.0,0.0,0.0,0.0,0.0,0.0,0.0,0.0,0.0,0.0,0.0,0.0,0.0,0.0,0.0,0.0,0.0,0.0,0.0,0.0,0.0,0.0,0.0,9574.0,0.0,0.0
Randolph,WHU,4.0,GKP,0.1%,0.0,0.0,0.0,0.0,0.0,0.0,0.0,0.0,0.0,0.0,0.0,0.0,0.0,0.0,0.0,0.0,0.0,0.0,0.0,0.0,0.0,0.0,0.0,0.0,10563.0,8176.0,0.0,0.0
Masuaku,WHU,4.5,DEF,0.0%,0.0,0.0,0.0,0.0,0.0,0.0,0.0,0.0,0.0,0.0,0.0,0.0,0.0,0.0,0.0,0.0,0.0,0.0,0.0,0.0,0.0,0.0,0.0,0.0,0.0,2153.0,0.0,0.0
Aguerd,WHU,4.8,DEF,0.0%,0.0,0.0,0.0,0.0,0.0,0.0,0.0,0.0,0.0,0.0,0.0,0.0,0.0,0.0,0.0,0.0,0.0,0.0,0.0,0.0,0.0,0.0,0.0,0.0,2384.0,7677.0,-2.0,2.0
Ashby,WHU,3.9,DEF,0.4%,0.0,0.0,0.0,0.0,0.0,0.0,0.0,0.0,0.0,0.0,0.0,0.0,0.0,0.0,0.0,0.0,0.0,0.0,0.0,0.0,0.0,0.0,0.0,0.0,25671.0,26807.0,-1.0,1.0
Vlasic,WHU,5.0,MID,0.0%,0.0,0.0,0.0,0.0,0.0,0.0,0.0,0.0,0.0,0.0,0.0,0.0,0.0,0.0,0.0,0.0,0.0,0.0,0.0,0.0,0.0,0.0,0.0,0.0,221.0,3421.0,0.0,0.0
Oko-Flex,WHU,4.4,MID,0.0%,0.0,0.0,0.0,0.0,0.0,0.0,0.0,0.0,0.0,0.0,0.0,0.0,0.0,0.0,0.0,0.0,0.0,0.0,0.0,0.0,0.0,0.0,0.0,0.0,6413.0,7662.0,-1.0,1.0
Šarkić,WOL,3.9,GKP,1.7%,0.0,0.0,0.0,0.0,0.0,0.0,0.0,0.0,0.0,0.0,0.0,0.0,0.0,0.0,0.0,0.0,0.0,0.0,0.0,0.0,0.0,0.0,0.0,0.0,34496.0,72893.0,-1.0,1.0
Smith,WOL,4.0,GKP,0.7%,0.0,0.0,0.0,0.0,0.0,0.0,0.0,0.0,0.0,0.0,0.0,0.0,0.0,0.0,0.0,0.0,0.0,0.0,0.0,0.0,0.0,0.0,0.0,0.0,27086.0,35675.0,0.0,0.0
Mosquera,WOL,3.9,DEF,1.3%,0.0,0.0,0.0,0.0,0.0,0.0,0.0,0.0,0.0,0.0,0.0,0.0,0.0,0.0,0.0,0.0,0.0,0.0,0.0,0.0,0.0,0.0,0.0,0.0,98395.0,77887.0,-1.0,1.0
Cundle,WOL,4.4,MID,0.2%,0.0,0.0,0.0,0.0,0.0,0.0,0.0,0.0,0.0,0.0,0.0,0.0,0.0,0.0,0.0,0.0,0.0,0.0,0.0,0.0,0.0,0.0,0.0,0.0,19628.0,44630.0,-1.0,1.0
Chiquinho,WOL,5.0,MID,0.0%,0.0,0.0,0.0,0.0,0.0,0.0,0.0,0.0,0.0,0.0,0.0,0.0,0.0,0.0,0.0,0.0,0.0,0.0,0.0,0.0,0.0,0.0,0.0,0.0,684.0,721.0,0.0,0.0
Ronan,WOL,4.4,MID,0.2%,0.0,0.0,0.0,0.0,0.0,0.0,0.0,0.0,0.0,0.0,0.0,0.0,0.0,0.0,0.0,0.0,0.0,0.0,0.0,0.0,0.0,0.0,0.0,0.0,22517.0,18183.0,-1.0,1.0
Fabio Silva,WOL,5.5,FWD,0.0%,0.0,0.0,0.0,0.0,0.0,0.0,0.0,0.0,0.0,0.0,0.0,0.0,0.0,0.0,0.0,0.0,0.0,0.0,0.0,0.0,0.0,0.0,0.0,0.0,0.0,3257.0,0.0,0.0
