Player,Team,Role,Cost,Sel.,Form,Pts.,Minutes played,Goals scored,Assists,Clean sheets,Goals conceded,Own goals,Penalties saved,Penalties missed,Yellow cards,Red cards,Saves,Bonus,Bonus Points System,Influence,Creativity,Threat,ICT Index,Form,Times in Dream Team,Value (form),Value (season),Points per match,Transfers in,Transfers out,Price rise,Price fall
Leno,ARS,GKP,5.0,9.3%,2.5,19.0,540.0,0.0,0.0,1.0,7.0,0.0,0.0,0.0,0.0,0.0,15.0,2.0,111.0,122.6,0.0,0.0,12.3,2.5,0.0,0.5,3.8,3.2,329950.0,283868.0,0.0,0.0
Bellerín,ARS,DEF,5.0,5.9%,3.5,21.0,540.0,0.0,2.0,1.0,7.0,0.0,0.0,0.0,3.0,0.0,0.0,3.0,104.0,95.2,66.9,33.0,19.6,3.5,0.0,0.7,4.2,3.5,271461.0,201217.0,0.0,0.0
Aubameyang,ARS,MID,11.7,15.2%,2.0,20.0,540.0,1.0,1.0,1.0,7.0,0.0,0.0,0.0,1.0,0.0,0.0,0.0,73.0,93.4,103.1,117.0,31.4,2.0,0.0,0.2,1.7,3.3,352380.0,2423792.0,-3.0,3.0
Ryan,BHA,GKP,4.5,15.3%,1.0,11.0,540.0,0.0,0.0,1.0,12.0,0.0,0.0,0.0,1.0,0.0,7.0,0.0,73.0,50.0,0.3,0.0,5.0,1.0,0.0,0.2,2.4,1.8,334386.0,456032.0,0.0,0.0
Webster,BHA,DEF,4.5,2.0%,1.0,11.0,540.0,0.0,0.0,1.0,12.0,0.0,0.0,0.0,1.0,0.0,0.0,0.0,78.0,76.6,33.8,74.0,18.4,1.0,0.0,0.2,2.4,1.8,36243.0,89365.0,0.0,0.0
Maupay,BHA,FWD,6.6,6.4%,3.3,36.0,540.0,4.0,1.0,1.0,12.0,0.0,0.0,0.0,0.0,0.0,0.0,5.0,127.0,181.0,76.1,308.0,56.4,3.3,1.0,0.5,5.5,6.0,561161.0,264408.0,1.0,-1.0
Guaita,CRY,GKP,5.0,4.5%,0.7,17.0,540.0,0.0,0.0,1.0,9.0,0.0,0.0,0.0,2.0,0.0,17.0,3.0,89.0,121.0,0.0,0.0,12.1,0.7,1.0,0.1,3.4,2.8,290256.0,185430.0,0.0,0.0
Mitchell,CRY,DEF,4.2,26.5%,1.0,15.0,540.0,0.0,1.0,1.0,9.0,0.0,0.0,0.0,1.0,0.0,0.0,0.0,71.0,90.2,12.8,19.0,12.2,1.0,0.0,0.2,3.6,2.5,1245203.0,366432.0,2.0,-2.0
Kouyaté,CRY,MID,5.0,0.7%,2.0,20.0,540.0,1.0,0.0,1.0,9.0,0.0,0.0,0.0,0.0,0.0,0.0,2.0,82.0,134.2,11.0,65.0,21.1,2.0,0.0,0.4,4.0,3.3,57058.0,33188.0,0.0,0.0
Townsend,CRY,MID,6.1,3.2%,2.0,28.0,540.0,1.0,2.0,1.0,9.0,0.0,0.0,0.0,0.0,0.0,0.0,4.0,97.0,150.2,159.7,44.0,35.4,2.0,0.0,0.3,4.6,4.7,334702.0,194321.0,1.0,-1.0
Zaha,CRY,MID,7.3,23.9%,8.0,48.0,540.0,5.0,1.0,1.0,9.0,0.0,0.0,0.0,1.0,0.0,0.0,8.0,126.0,211.8,108.2,282.0,60.3,8.0,2.0,1.1,6.6,8.0,1721911.0,794502.0,3.0,-3.0
Pickford,EVE,GKP,5.0,8.3%,2.0,17.0,540.0,0.0,0.0,1.0,9.0,0.0,0.0,0.0,0.0,0.0,18.0,1.0,102.0,136.0,10.0,0.0,14.7,2.0,0.0,0.4,3.4,2.8,402021.0,330123.0,0.0,0.0
Keane,EVE,DEF,5.1,6.1%,3.3,25.0,540.0,2.0,0.0,1.0,9.0,0.0,0.0,0.0,0.0,0.0,0.0,1.0,128.0,179.2,22.5,76.0,27.8,3.3,1.0,0.6,4.9,4.2,392129.0,132482.0,1.0,-1.0
Mina,EVE,DEF,5.5,2.3%,3.3,19.0,540.0,1.0,0.0,1.0,9.0,0.0,0.0,0.0,0.0,0.0,0.0,1.0,110.0,153.6,3.5,59.0,21.6,3.3,0.0,0.6,3.5,3.2,111928.0,65968.0,0.0,0.0
Schmeichel,LEI,GKP,5.5,11.9%,5.0,25.0,540.0,0.0,0.0,2.0,8.0,0.0,0.0,0.0,0.0,0.0,17.0,3.0,110.0,150.8,0.0,0.0,15.1,5.0,1.0,0.9,4.5,4.2,200386.0,340572.0,0.0,0.0
Justin,LEI,DEF,4.8,21.6%,3.0,26.0,540.0,1.0,1.0,2.0,8.0,0.0,0.0,0.0,1.0,0.0,0.0,1.0,110.0,119.4,50.2,37.0,20.7,3.0,0.0,0.6,5.4,4.3,1156667.0,486765.0,3.0,-3.0
Castagne,LEI,DEF,5.8,21.2%,2.7,35.0,540.0,1.0,3.0,2.0,8.0,0.0,0.0,0.0,1.0,0.0,0.0,4.0,136.0,145.0,78.1,86.0,31.0,2.7,2.0,0.5,6.0,5.8,1529500.0,367277.0,3.0,-3.0
Tielemans,LEI,MID,6.4,1.7%,1.7,16.0,540.0,1.0,0.0,2.0,8.0,0.0,0.0,0.0,3.0,0.0,0.0,0.0,91.0,122.6,71.3,49.0,24.3,1.7,0.0,0.3,2.5,2.7,64934.0,104706.0,-1.0,1.0
Meslier,LEE,GKP,4.5,3.9%,3.7,24.0,540.0,0.0,0.0,2.0,9.0,0.0,0.0,0.0,0.0,0.0,16.0,3.0,125.0,114.6,10.0,0.0,12.5,3.7,1.0,0.8,5.3,4.0,252134.0,85546.0,0.0,0.0
Ayling,LEE,DEF,4.5,4.3%,3.0,17.0,540.0,0.0,0.0,2.0,9.0,0.0,0.0,0.0,1.0,0.0,0.0,1.0,105.0,157.4,89.0,55.0,30.2,3.0,0.0,0.7,3.8,2.8,191089.0,157872.0,0.0,0.0
Dallas,LEE,DEF,4.5,5.7%,3.0,19.0,540.0,0.0,1.0,2.0,9.0,0.0,0.0,0.0,1.0,0.0,0.0,0.0,110.0,122.2,53.6,89.0,26.6,3.0,0.0,0.7,4.2,3.2,295228.0,197619.0,0.0,0.0
Koch,LEE,DEF,4.5,0.8%,4.0,19.0,540.0,0.0,0.0,2.0,9.0,0.0,0.0,0.0,0.0,0.0,0.0,2.0,104.0,102.6,2.7,45.0,15.1,4.0,1.0,0.9,4.2,3.2,32085.0,23248.0,0.0,0.0
Robertson,LIV,DEF,7.1,19.3%,4.2,27.0,540.0,1.0,2.0,1.0,14.0,0.0,0.0,0.0,0.0,0.0,0.0,4.0,137.0,152.6,162.4,114.0,43.0,4.2,1.0,0.6,3.8,4.5,823934.0,421477.0,1.0,-1.0
Salah,LIV,MID,12.4,47.7%,6.8,50.0,540.0,6.0,1.0,1.0,14.0,0.0,0.0,0.0,0.0,0.0,0.0,4.0,177.0,274.4,228.1,458.0,96.0,6.8,1.0,0.5,4.0,8.3,1509632.0,506903.0,4.0,-4.0
Darlow,NEW,GKP,5.0,1.6%,4.3,30.0,540.0,0.0,0.0,1.0,10.0,0.0,1.0,0.0,0.0,0.0,31.0,4.0,148.0,234.0,0.0,0.0,23.5,4.3,0.0,0.9,6.0,5.0,125969.0,65019.0,0.0,0.0
Fernández,NEW,DEF,4.9,1.0%,1.3,13.0,540.0,0.0,0.0,1.0,10.0,0.0,0.0,0.0,0.0,0.0,0.0,0.0,98.0,133.4,12.2,4.0,14.9,1.3,0.0,0.3,2.7,2.2,22846.0,58057.0,-1.0,1.0
Ramsdale,SHU,GKP,4.9,3.5%,2.3,14.0,540.0,0.0,0.0,0.0,9.0,0.0,0.0,0.0,0.0,0.0,21.0,0.0,93.0,139.6,10.0,2.0,15.2,2.3,0.0,0.5,2.9,2.3,52064.0,290256.0,-1.0,1.0
Stevens,SHU,DEF,5.3,2.3%,1.0,8.0,540.0,0.0,0.0,0.0,9.0,0.0,0.0,0.0,1.0,0.0,0.0,0.0,74.0,112.4,29.1,53.0,19.6,1.0,0.0,0.2,1.5,1.3,16476.0,204527.0,-2.0,2.0
Baldock,SHU,DEF,5.4,2.3%,2.3,11.0,540.0,0.0,1.0,0.0,9.0,0.0,0.0,0.0,1.0,0.0,0.0,0.0,72.0,79.6,72.5,77.0,23.0,2.3,0.0,0.4,2.0,1.8,33351.0,191163.0,-1.0,1.0
McCarthy,SOU,GKP,4.5,19.0%,5.3,24.0,540.0,0.0,0.0,3.0,9.0,0.0,0.0,0.0,0.0,0.0,12.0,2.0,113.0,105.2,0.0,0.0,10.6,5.3,1.0,1.2,5.3,4.0,444979.0,603787.0,0.0,0.0
Bertrand,SOU,DEF,5.0,1.4%,4.3,22.0,540.0,0.0,0.0,3.0,9.0,0.0,0.0,0.0,1.0,0.0,0.0,2.0,100.0,72.0,105.9,37.0,21.4,4.3,0.0,0.9,4.4,3.7,40061.0,49356.0,0.0,0.0
Walker-Peters,SOU,DEF,4.5,10.7%,3.7,21.0,540.0,0.0,1.0,3.0,9.0,0.0,0.0,0.0,3.0,0.0,0.0,0.0,116.0,112.0,51.7,36.0,20.0,3.7,0.0,0.8,4.7,3.5,362238.0,392165.0,0.0,0.0
Ward-Prowse,SOU,MID,5.8,1.9%,5.3,23.0,540.0,1.0,0.0,3.0,9.0,0.0,0.0,0.0,0.0,0.0,0.0,3.0,112.0,106.6,138.1,56.0,30.1,5.3,1.0,0.9,4.0,3.8,37230.0,197953.0,-2.0,2.0
Ings,SOU,FWD,8.5,18.4%,6.3,41.0,540.0,4.0,2.0,3.0,9.0,0.0,0.0,0.0,0.0,0.0,0.0,7.0,154.0,203.4,73.7,216.0,49.3,6.3,1.0,0.7,4.8,6.8,621613.0,949099.0,0.0,0.0
Lloris,TOT,GKP,5.5,5.7%,4.0,19.0,540.0,0.0,0.0,1.0,8.0,0.0,0.0,0.0,0.0,0.0,14.0,2.0,93.0,96.4,0.0,0.0,9.7,4.0,0.0,0.7,3.5,3.2,184953.0,175797.0,0.0,0.0
Højbjerg,TOT,MID,4.9,0.8%,3.3,15.0,540.0,0.0,1.0,1.0,8.0,0.0,0.0,0.0,1.0,0.0,0.0,0.0,86.0,110.2,80.1,11.0,20.2,3.3,0.0,0.7,3.1,2.5,38168.0,57503.0,-1.0,1.0
Johnstone,WBA,GKP,4.5,0.9%,5.7,22.0,540.0,0.0,0.0,1.0,14.0,0.0,0.0,0.0,0.0,0.0,26.0,4.0,121.0,180.0,0.0,0.0,18.0,5.7,0.0,1.3,4.9,3.7,38877.0,32461.0,0.0,0.0
Fabianski,WHU,GKP,5.0,1.5%,5.0,24.0,540.0,0.0,0.0,2.0,8.0,0.0,0.0,0.0,0.0,0.0,13.0,3.0,104.0,87.4,0.0,0.0,8.8,5.0,0.0,1.0,4.8,4.0,31250.0,50800.0,0.0,0.0
Ogbonna,WHU,DEF,4.9,0.4%,2.7,16.0,540.0,0.0,0.0,2.0,8.0,0.0,0.0,0.0,1.0,0.0,0.0,0.0,87.0,111.0,13.5,33.0,15.7,2.7,0.0,0.6,3.3,2.7,10276.0,15307.0,-1.0,1.0
Cresswell,WHU,DEF,5.0,6.3%,7.3,31.0,540.0,0.0,3.0,2.0,8.0,0.0,0.0,0.0,0.0,0.0,0.0,5.0,158.0,168.0,200.0,1.0,36.9,7.3,1.0,1.5,6.2,5.2,412991.0,89486.0,0.0,0.0
Rice,WHU,MID,4.9,2.8%,2.3,14.0,540.0,0.0,0.0,2.0,8.0,0.0,0.0,0.0,0.0,0.0,0.0,0.0,95.0,98.2,72.4,30.0,20.1,2.3,0.0,0.5,2.9,2.3,53285.0,188232.0,-1.0,1.0
Soucek,WHU,MID,4.9,2.8%,2.0,16.0,540.0,0.0,1.0,2.0,8.0,0.0,0.0,0.0,1.0,0.0,0.0,0.0,40.0,59.2,49.2,170.0,27.8,2.0,0.0,0.4,3.3,2.7,89461.0,268960.0,-1.0,1.0
Patrício,WOL,GKP,5.5,7.6%,4.7,24.0,540.0,0.0,0.0,3.0,8.0,0.0,0.0,0.0,0.0,0.0,16.0,0.0,121.0,124.6,0.0,0.0,12.3,4.7,0.0,0.9,4.4,4.0,255600.0,176218.0,0.0,0.0
Boly,WOL,DEF,5.5,2.5%,5.3,23.0,540.0,0.0,0.0,3.0,8.0,0.0,0.0,0.0,0.0,0.0,0.0,2.0,112.0,99.4,5.6,22.0,12.7,5.3,0.0,1.0,4.2,3.8,79240.0,79910.0,0.0,0.0
Coady,WOL,DEF,5.0,8.8%,4.7,22.0,540.0,0.0,0.0,3.0,8.0,0.0,0.0,0.0,1.0,0.0,0.0,2.0,105.0,92.2,11.8,0.0,10.5,4.7,0.0,0.9,4.4,3.7,257782.0,262853.0,0.0,0.0
Jiménez,WOL,FWD,8.5,19.4%,6.3,33.0,540.0,4.0,0.0,3.0,8.0,1.0,0.0,0.0,0.0,0.0,0.0,7.0,119.0,157.8,51.0,211.0,42.1,6.3,0.0,0.7,3.9,5.5,1025431.0,989992.0,0.0,0.0
Alexander-Arnold,LIV,DEF,7.4,34.4%,2.2,17.0,538.0,0.0,1.0,1.0,14.0,0.0,0.0,0.0,1.0,0.0,0.0,4.0,120.0,107.0,191.8,61.0,35.9,2.2,0.0,0.3,2.3,2.8,349114.0,1502701.0,-1.0,1.0
Wilson,NEW,FWD,6.5,13.1%,7.7,41.0,534.0,4.0,2.0,1.0,10.0,0.0,0.0,0.0,0.0,0.0,0.0,7.0,140.0,162.4,73.2,214.0,44.7,7.7,1.0,1.2,6.3,6.8,981902.0,775409.0,0.0,0.0
Kane,TOT,FWD,10.9,40.9%,12.3,65.0,533.0,5.0,8.0,1.0,7.0,0.0,0.0,0.0,0.0,0.0,0.0,9.0,245.0,364.0,160.6,372.0,89.7,12.3,3.0,1.1,6.0,10.8,2215842.0,501584.0,4.0,-4.0
Kanté,CHE,MID,4.9,3.3%,2.3,13.0,532.0,0.0,0.0,2.0,9.0,0.0,0.0,0.0,1.0,0.0,0.0,0.0,86.0,76.6,24.3,11.0,11.3,2.3,0.0,0.5,2.7,2.2,102875.0,211587.0,-1.0,1.0
White,BHA,DEF,4.5,1.4%,1.3,11.0,528.0,0.0,0.0,1.0,12.0,0.0,0.0,0.0,1.0,0.0,0.0,0.0,86.0,101.0,30.1,10.0,14.3,1.3,0.0,0.3,2.4,1.8,42090.0,62779.0,0.0,0.0
Mendy,LEI,MID,4.5,3.1%,2.3,16.0,525.0,0.0,1.0,3.0,7.0,0.0,0.0,0.0,2.0,0.0,0.0,0.0,75.0,77.2,45.5,8.0,13.0,2.3,0.0,0.5,3.6,2.7,275607.0,129841.0,0.0,0.0
Barnes,LEI,MID,7.0,4.7%,2.3,25.0,524.0,1.0,1.0,2.0,8.0,0.0,0.0,0.0,0.0,0.0,0.0,3.0,66.0,92.8,56.3,223.0,37.2,2.3,0.0,0.3,3.6,4.2,427867.0,383726.0,0.0,0.0
Digne,EVE,DEF,6.2,15.2%,2.0,25.0,521.0,0.0,3.0,1.0,9.0,0.0,0.0,0.0,0.0,1.0,0.0,7.0,126.0,146.4,166.0,30.0,34.3,2.0,1.0,0.3,4.0,4.2,1033261.0,657745.0,2.0,-2.0
Hendrick,NEW,MID,5.0,3.5%,2.0,24.0,520.0,1.0,1.0,1.0,8.0,0.0,0.0,0.0,0.0,0.0,0.0,3.0,80.0,101.6,20.6,38.0,15.8,2.0,1.0,0.4,4.8,4.0,432603.0,300086.0,0.0,0.0
Werner,CHE,FWD,9.3,20.7%,6.7,29.0,519.0,2.0,2.0,2.0,8.0,0.0,0.0,0.0,0.0,0.0,0.0,3.0,104.0,117.4,60.3,251.0,42.9,6.7,1.0,0.7,3.1,4.8,660331.0,2355552.0,-2.0,2.0
Calvert-Lewin,EVE,FWD,7.7,56.6%,4.3,44.0,518.0,7.0,0.0,1.0,9.0,0.0,0.0,0.0,1.0,0.0,0.0,5.0,179.0,259.2,30.3,327.0,61.6,4.3,1.0,0.6,5.7,7.3,3578606.0,374665.0,7.0,-7.0
Pereira,WBA,MID,6.0,2.7%,2.3,24.0,517.0,1.0,2.0,1.0,13.0,0.0,0.0,0.0,0.0,0.0,0.0,0.0,96.0,119.2,149.6,89.0,35.8,2.3,0.0,0.4,4.0,4.0,198534.0,209649.0,0.0,0.0
Saïss,WOL,DEF,5.3,20.1%,7.3,38.0,517.0,1.0,0.0,4.0,7.0,0.0,0.0,0.0,0.0,0.0,0.0,7.0,135.0,123.4,24.8,60.0,21.0,7.3,1.0,1.4,7.2,6.3,1394900.0,333151.0,3.0,-3.0
Klich,LEE,MID,5.6,7.0%,3.0,30.0,516.0,2.0,2.0,2.0,8.0,0.0,0.0,0.0,2.0,0.0,0.0,2.0,124.0,174.8,145.3,93.0,41.4,3.0,0.0,0.5,5.4,5.0,677078.0,348897.0,1.0,-1.0
Trossard,BHA,MID,6.0,2.2%,3.3,25.0,515.0,1.0,2.0,2.0,11.0,0.0,0.0,0.0,1.0,0.0,0.0,1.0,74.0,82.6,139.3,113.0,33.3,3.3,0.0,0.6,4.2,4.2,229818.0,120566.0,0.0,0.0
Livermore,WBA,MID,4.8,0.1%,1.0,9.0,512.0,0.0,0.0,1.0,14.0,1.0,0.0,0.0,2.0,0.0,0.0,0.0,43.0,52.0,26.7,21.0,9.9,1.0,0.0,0.2,1.9,1.5,3374.0,8604.0,-2.0,2.0
Rodríguez,EVE,MID,8.0,38.4%,8.0,41.0,509.0,3.0,3.0,1.0,8.0,0.0,0.0,0.0,1.0,0.0,0.0,5.0,176.0,224.8,245.0,145.0,61.6,8.0,1.0,1.0,5.1,6.8,2777671.0,918682.0,5.0,-5.0
March,BHA,MID,5.0,1.2%,3.7,24.0,506.0,1.0,1.0,2.0,11.0,0.0,0.0,0.0,0.0,0.0,0.0,2.0,103.0,121.4,140.9,108.0,37.1,3.7,0.0,0.7,4.8,4.0,120693.0,47927.0,0.0,0.0
Bowen,WHU,MID,6.3,2.2%,4.0,31.0,502.0,3.0,0.0,2.0,7.0,0.0,0.0,0.0,0.0,0.0,0.0,2.0,98.0,127.2,57.9,164.0,35.0,4.0,1.0,0.6,4.9,5.2,152485.0,122205.0,-2.0,2.0
Oriol Romeu,SOU,MID,4.5,4.5%,5.0,20.0,500.0,1.0,0.0,3.0,6.0,0.0,0.0,0.0,2.0,0.0,0.0,3.0,75.0,128.2,51.0,42.0,22.1,5.0,0.0,1.1,4.4,3.3,212412.0,191496.0,0.0,0.0
Fornals,WHU,MID,6.4,0.4%,5.3,29.0,499.0,1.0,3.0,2.0,7.0,0.0,0.0,0.0,1.0,0.0,0.0,2.0,90.0,91.2,75.9,101.0,26.8,5.3,0.0,0.8,4.5,4.8,26800.0,14343.0,-1.0,1.0
Lundstram,SHU,MID,5.2,4.0%,1.7,8.0,498.0,0.0,0.0,1.0,8.0,0.0,0.0,1.0,3.0,0.0,0.0,0.0,45.0,69.6,150.4,60.0,28.0,1.7,0.0,0.3,1.5,1.3,33058.0,546142.0,-3.0,3.0
Bednarek,SOU,DEF,4.5,2.1%,4.3,22.0,495.0,0.0,0.0,3.0,9.0,0.0,0.0,0.0,0.0,0.0,0.0,2.0,116.0,88.4,14.4,23.0,12.6,4.3,0.0,1.0,4.9,3.7,39642.0,94220.0,0.0,0.0
Adams,SOU,FWD,5.8,1.9%,7.0,29.0,495.0,2.0,2.0,3.0,8.0,0.0,0.0,0.0,1.0,0.0,0.0,4.0,87.0,133.2,70.7,213.0,41.8,7.0,1.0,1.2,5.0,4.8,98379.0,265137.0,-2.0,2.0
Neto,WOL,MID,5.5,1.5%,4.3,23.0,493.0,1.0,1.0,3.0,7.0,0.0,0.0,0.0,0.0,0.0,0.0,0.0,72.0,94.6,159.1,127.0,38.2,4.3,0.0,0.8,4.2,3.8,134085.0,63337.0,0.0,0.0
Firmino,LIV,FWD,9.3,2.6%,4.5,24.0,491.0,1.0,2.0,1.0,12.0,0.0,0.0,0.0,1.0,0.0,0.0,3.0,108.0,106.0,123.6,239.0,46.9,4.5,0.0,0.5,2.6,4.0,73513.0,207911.0,-2.0,2.0
Bamford,LEE,FWD,5.9,28.6%,6.7,49.0,490.0,6.0,2.0,2.0,8.0,0.0,0.0,0.0,1.0,0.0,0.0,8.0,177.0,226.8,51.9,311.0,59.0,6.7,1.0,1.1,8.3,8.2,2173444.0,686087.0,4.0,-4.0
Costa,LEE,MID,5.7,9.5%,3.3,32.0,487.0,2.0,2.0,2.0,9.0,0.0,0.0,0.0,0.0,0.0,0.0,2.0,92.0,137.8,95.4,145.0,37.9,3.3,1.0,0.6,5.6,5.3,957748.0,418706.0,2.0,-2.0
Fabinho,LIV,MID,5.5,1.5%,1.8,14.0,482.0,0.0,1.0,1.0,12.0,0.0,0.0,0.0,1.0,0.0,0.0,0.0,85.0,89.8,33.5,9.0,13.4,1.8,0.0,0.3,2.5,2.3,65536.0,82120.0,0.0,0.0
Antonio,WHU,FWD,6.3,3.9%,5.7,27.0,481.0,3.0,0.0,2.0,8.0,0.0,0.0,0.0,1.0,0.0,0.0,5.0,77.0,134.0,73.8,314.0,52.1,5.7,0.0,0.9,4.3,4.5,120996.0,545243.0,-2.0,2.0
Mitrović,FUL,FWD,5.8,9.4%,1.5,19.0,477.0,2.0,0.0,0.0,11.0,0.0,0.0,1.0,1.0,0.0,0.0,3.0,47.0,89.8,72.2,277.0,42.6,1.5,0.0,0.3,3.3,3.2,441842.0,1330712.0,-2.0,2.0
Diangana,WBA,MID,5.5,0.6%,2.3,18.0,475.0,1.0,0.0,1.0,13.0,0.0,0.0,0.0,0.0,0.0,0.0,0.0,47.0,86.4,68.5,84.0,23.9,2.3,0.0,0.4,3.3,3.0,39744.0,42701.0,0.0,0.0
Basham,SHU,DEF,4.9,1.1%,2.0,11.0,472.0,0.0,0.0,0.0,9.0,0.0,0.0,0.0,0.0,0.0,0.0,2.0,78.0,107.6,37.0,46.0,19.0,2.0,0.0,0.4,2.2,1.8,17329.0,79363.0,-1.0,1.0
Lewis,NEW,DEF,4.4,2.2%,1.0,10.0,471.0,0.0,0.0,1.0,9.0,0.0,0.0,0.0,3.0,0.0,0.0,1.0,60.0,62.2,70.8,6.0,13.8,1.0,0.0,0.2,2.3,1.7,202703.0,180096.0,-1.0,1.0
Doucouré,EVE,MID,5.4,1.3%,2.7,14.0,468.0,0.0,1.0,1.0,9.0,0.0,0.0,0.0,1.0,0.0,0.0,0.0,90.0,84.4,100.5,57.0,24.1,2.7,0.0,0.5,2.6,2.3,66103.0,142155.0,-1.0,1.0
Son,TOT,MID,9.5,55.8%,14.0,69.0,466.0,8.0,2.0,2.0,4.0,0.0,0.0,0.0,0.0,0.0,0.0,10.0,227.0,347.2,214.3,298.0,86.1,14.0,4.0,1.5,7.3,11.5,4006758.0,2106311.0,5.0,-5.0
Havertz,CHE,MID,8.4,8.4%,5.0,23.0,465.0,1.0,2.0,2.0,7.0,0.0,0.0,0.0,1.0,0.0,0.0,0.0,78.0,96.4,107.8,67.0,27.2,5.0,0.0,0.6,2.7,3.8,464791.0,758778.0,-1.0,1.0
Berge,SHU,MID,5.0,0.2%,3.3,15.0,464.0,1.0,0.0,0.0,7.0,0.0,0.0,0.0,2.0,0.0,0.0,1.0,75.0,99.0,84.5,74.0,25.8,3.3,0.0,0.7,3.0,2.5,7197.0,8393.0,0.0,0.0
Lamptey,BHA,DEF,4.7,11.3%,1.0,14.0,462.0,0.0,3.0,0.0,10.0,0.0,0.0,0.0,2.0,0.0,0.0,0.0,75.0,83.6,95.1,73.0,25.2,1.0,0.0,0.2,3.0,2.3,867532.0,266972.0,2.0,-2.0
Anguissa,FUL,MID,4.5,2.2%,1.8,13.0,452.0,0.0,1.0,0.0,11.0,0.0,0.0,0.0,1.0,0.0,0.0,0.0,92.0,115.8,104.7,45.0,26.6,1.8,0.0,0.4,2.9,2.2,223063.0,132812.0,0.0,0.0
Wijnaldum,LIV,MID,5.3,1.3%,1.8,12.0,451.0,0.0,0.0,1.0,12.0,0.0,0.0,0.0,0.0,0.0,0.0,0.0,58.0,57.0,64.9,82.0,20.4,1.8,0.0,0.3,2.3,2.0,36117.0,90433.0,-2.0,2.0
Gabriel,ARS,DEF,5.1,11.8%,1.5,23.0,450.0,1.0,0.0,1.0,4.0,0.0,0.0,0.0,0.0,0.0,0.0,3.0,95.0,133.8,6.0,81.0,22.1,1.5,1.0,0.3,4.5,4.6,818114.0,429525.0,1.0,-1.0
Martínez,AVL,GKP,4.8,26.4%,5.2,34.0,450.0,0.0,0.0,3.0,5.0,0.0,1.0,0.0,0.0,0.0,20.0,4.0,138.0,173.4,0.0,0.0,17.3,5.2,0.0,1.1,7.1,6.8,1582708.0,232973.0,3.0,-3.0
Mings,AVL,DEF,5.2,10.2%,5.0,30.0,450.0,1.0,1.0,3.0,5.0,0.0,0.0,0.0,2.0,0.0,0.0,3.0,119.0,147.2,24.3,44.0,21.7,5.0,2.0,1.0,5.8,6.0,666894.0,127619.0,2.0,-2.0
Targett,AVL,DEF,4.5,1.8%,3.2,18.0,450.0,0.0,0.0,3.0,5.0,0.0,0.0,0.0,2.0,0.0,0.0,0.0,83.0,45.4,29.3,32.0,10.8,3.2,0.0,0.7,4.0,3.6,102849.0,46851.0,0.0,0.0
Konsa,AVL,DEF,4.7,8.0%,3.5,29.0,450.0,1.0,0.0,3.0,5.0,0.0,0.0,0.0,0.0,0.0,0.0,3.0,110.0,123.0,0.5,59.0,18.2,3.5,1.0,0.7,6.2,5.8,630336.0,143029.0,2.0,-2.0
Grealish,AVL,MID,7.3,28.0%,9.0,39.0,450.0,3.0,3.0,3.0,5.0,0.0,0.0,0.0,1.0,0.0,0.0,3.0,139.0,206.8,187.0,237.0,63.0,9.0,1.0,1.2,5.3,7.8,1635928.0,417239.0,3.0,-3.0
McGinn,AVL,MID,5.5,2.7%,6.8,29.0,450.0,1.0,4.0,3.0,5.0,0.0,0.0,0.0,3.0,0.0,0.0,2.0,107.0,140.6,143.6,72.0,35.6,6.8,0.0,1.2,5.3,5.8,199386.0,55072.0,0.0,0.0
Watkins,AVL,FWD,6.0,4.8%,6.2,27.0,450.0,3.0,1.0,3.0,5.0,0.0,0.0,0.0,0.0,0.0,0.0,2.0,87.0,144.8,93.9,200.0,43.8,6.2,1.0,1.0,4.5,5.4,444788.0,185751.0,0.0,0.0
Dunk,BHA,DEF,4.9,3.8%,-0.3,5.0,450.0,0.0,0.0,1.0,11.0,1.0,0.0,0.0,1.0,1.0,0.0,1.0,62.0,59.2,17.3,38.0,11.5,-0.3,0.0,-0.1,1.0,1.0,59505.0,363625.0,-1.0,1.0
Pope,BUR,GKP,5.5,11.5%,4.7,17.0,450.0,0.0,0.0,1.0,9.0,0.0,0.0,0.0,0.0,0.0,13.0,3.0,79.0,100.2,0.0,0.0,10.0,4.7,1.0,0.9,3.1,3.4,130407.0,427456.0,0.0,0.0
Long,BUR,DEF,4.5,0.2%,3.0,11.0,450.0,0.0,0.0,1.0,9.0,0.0,0.0,0.0,1.0,0.0,0.0,1.0,64.0,78.2,11.2,14.0,10.4,3.0,0.0,0.7,2.4,2.2,6977.0,7964.0,0.0,0.0
Taylor,BUR,DEF,4.5,3.6%,2.7,13.0,450.0,0.0,1.0,1.0,9.0,0.0,0.0,0.0,1.0,0.0,0.0,0.0,81.0,73.8,50.9,9.0,13.4,2.7,0.0,0.6,2.9,2.6,126798.0,191162.0,0.0,0.0
Westwood,BUR,MID,5.4,0.5%,4.0,16.0,450.0,1.0,0.0,1.0,9.0,0.0,0.0,0.0,1.0,0.0,0.0,1.0,86.0,90.0,122.3,34.0,24.7,4.0,0.0,0.7,3.0,3.2,7993.0,33178.0,-1.0,1.0
Brownhill,BUR,MID,5.0,0.0%,2.0,10.0,450.0,0.0,0.0,1.0,9.0,0.0,0.0,0.0,1.0,0.0,0.0,0.0,55.0,49.6,75.3,55.0,18.0,2.0,0.0,0.4,2.0,2.0,1872.0,2244.0,0.0,0.0
McNeil,BUR,MID,5.9,0.5%,2.0,13.0,450.0,0.0,1.0,1.0,9.0,0.0,0.0,0.0,1.0,0.0,0.0,0.0,66.0,77.8,123.1,15.0,21.7,2.0,0.0,0.3,2.2,2.6,14126.0,38953.0,-1.0,1.0
Wood,BUR,FWD,6.3,1.3%,2.0,14.0,450.0,1.0,0.0,1.0,9.0,0.0,0.0,0.0,0.0,0.0,0.0,0.0,23.0,46.2,21.6,174.0,23.5,2.0,0.0,0.3,2.2,2.8,77172.0,146399.0,-2.0,2.0
Zouma,CHE,DEF,5.1,5.4%,7.7,32.0,450.0,2.0,0.0,2.0,6.0,0.0,0.0,0.0,0.0,0.0,0.0,4.0,125.0,172.8,14.6,76.0,26.4,7.7,2.0,1.5,6.3,6.4,365274.0,126581.0,1.0,-1.0
Ward,CRY,DEF,4.5,1.6%,0.7,9.0,450.0,0.0,0.0,1.0,8.0,0.0,0.0,0.0,2.0,0.0,0.0,0.0,46.0,66.8,15.7,4.0,8.7,0.7,0.0,0.2,2.0,1.8,56237.0,77648.0,0.0,0.0
Allan,EVE,MID,5.4,1.1%,1.0,10.0,450.0,0.0,0.0,1.0,7.0,0.0,0.0,0.0,1.0,0.0,0.0,0.0,54.0,73.4,22.9,8.0,10.4,1.0,0.0,0.2,1.9,2.0,70283.0,120705.0,-1.0,1.0
Areola,FUL,GKP,4.5,1.3%,2.5,11.0,450.0,0.0,0.0,0.0,11.0,0.0,0.0,0.0,0.0,0.0,22.0,0.0,87.0,163.0,0.0,0.0,16.2,2.5,0.0,0.6,2.4,2.2,47499.0,61843.0,0.0,0.0
Ream,FUL,DEF,4.4,0.2%,1.5,7.0,450.0,0.0,0.0,0.0,10.0,0.0,0.0,0.0,0.0,0.0,0.0,0.0,78.0,82.6,4.7,0.0,8.8,1.5,0.0,0.3,1.6,1.4,5332.0,8906.0,-1.0,1.0
Cairney,FUL,MID,5.3,0.1%,3.5,15.0,450.0,1.0,0.0,0.0,10.0,0.0,0.0,0.0,2.0,0.0,0.0,2.0,100.0,119.0,173.0,44.0,33.6,3.5,0.0,0.7,2.8,3.0,2614.0,13906.0,-2.0,2.0
Phillips,LEE,MID,5.0,1.9%,1.0,12.0,450.0,0.0,1.0,1.0,9.0,0.0,0.0,0.0,2.0,0.0,0.0,0.0,85.0,118.4,147.8,8.0,27.4,1.0,0.0,0.2,2.4,2.4,154024.0,219380.0,0.0,0.0
Ederson,MCI,GKP,6.0,6.0%,4.3,15.0,450.0,0.0,0.0,1.0,8.0,0.0,0.0,0.0,0.0,0.0,12.0,0.0,76.0,98.8,0.0,0.0,9.9,4.3,0.0,0.7,2.5,3.0,167996.0,146199.0,0.0,0.0
Rodrigo,MCI,MID,5.4,0.5%,2.0,9.0,450.0,0.0,0.0,1.0,8.0,0.0,0.0,0.0,2.0,0.0,0.0,0.0,69.0,72.0,82.9,19.0,17.4,2.0,0.0,0.4,1.7,1.8,16413.0,27193.0,-1.0,1.0
de Gea,MUN,GKP,5.4,3.8%,2.7,11.0,450.0,0.0,0.0,1.0,12.0,0.0,0.0,0.0,0.0,0.0,12.0,0.0,73.0,98.2,0.0,0.0,9.9,2.7,0.0,0.5,2.0,2.2,72567.0,131073.0,-1.0,1.0
Maguire,MUN,DEF,5.4,2.9%,4.7,18.0,450.0,1.0,1.0,1.0,12.0,0.0,0.0,0.0,1.0,0.0,0.0,1.0,96.0,99.2,18.1,80.0,19.8,4.7,1.0,0.9,3.3,3.6,80214.0,164559.0,-1.0,1.0
Shaw,MUN,DEF,4.9,1.0%,1.0,5.0,450.0,0.0,0.0,1.0,12.0,1.0,0.0,0.0,2.0,0.0,0.0,0.0,62.0,61.8,57.2,29.0,15.0,1.0,0.0,0.2,1.0,1.0,64963.0,92459.0,-1.0,1.0
Rashford,MUN,MID,9.5,7.2%,6.3,28.0,450.0,2.0,2.0,1.0,12.0,0.0,0.0,0.0,1.0,0.0,0.0,2.0,82.0,134.6,115.3,198.0,44.8,6.3,1.0,0.7,2.9,5.6,521922.0,380994.0,0.0,0.0
Dier,TOT,DEF,4.9,1.1%,2.7,13.0,450.0,0.0,0.0,1.0,5.0,0.0,0.0,0.0,0.0,0.0,0.0,0.0,76.0,86.8,3.8,4.0,9.5,2.7,0.0,0.6,2.7,2.6,43171.0,89658.0,-1.0,1.0
Ajayi,WBA,DEF,4.8,0.2%,1.0,4.0,450.0,0.0,0.0,0.0,14.0,0.0,0.0,0.0,1.0,0.0,0.0,0.0,45.0,55.4,1.4,2.0,5.9,1.0,0.0,0.2,0.8,0.8,3667.0,15555.0,-2.0,2.0
Bissouma,BHA,MID,4.5,3.8%,4.0,14.0,448.0,1.0,0.0,1.0,9.0,0.0,0.0,0.0,1.0,1.0,0.0,2.0,63.0,66.6,33.9,54.0,15.2,4.0,0.0,0.9,3.1,2.8,188316.0,215732.0,0.0,0.0
Masuaku,WHU,DEF,4.5,1.3%,2.7,21.0,448.0,0.0,1.0,2.0,6.0,0.0,0.0,0.0,1.0,0.0,0.0,3.0,98.0,85.0,97.9,37.0,22.0,2.7,1.0,0.6,4.7,4.2,99593.0,39782.0,0.0,0.0
Lascelles,NEW,DEF,4.4,2.2%,0.7,10.0,447.0,0.0,0.0,1.0,9.0,0.0,0.0,0.0,1.0,0.0,0.0,0.0,67.0,87.0,1.9,4.0,9.3,0.7,0.0,0.2,2.3,2.0,67986.0,162919.0,-1.0,1.0
Harrison,LEE,MID,5.5,1.9%,1.7,21.0,441.0,1.0,1.0,2.0,8.0,0.0,0.0,0.0,0.0,0.0,0.0,1.0,77.0,119.0,172.3,104.0,39.6,1.7,0.0,0.3,3.8,4.2,251773.0,207984.0,0.0,0.0
Sterling,MCI,MID,11.6,7.4%,7.3,29.0,441.0,2.0,1.0,1.0,8.0,0.0,0.0,0.0,0.0,0.0,0.0,5.0,63.0,115.0,98.6,200.0,41.4,7.3,0.0,0.6,2.5,5.8,619897.0,370570.0,1.0,-1.0
Tierney,ARS,DEF,5.4,5.4%,1.8,13.0,440.0,0.0,0.0,1.0,6.0,0.0,0.0,0.0,0.0,0.0,0.0,0.0,77.0,75.0,57.8,19.0,15.2,1.8,0.0,0.3,2.4,2.6,92291.0,493119.0,-1.0,1.0
Cash,AVL,DEF,5.0,0.7%,3.5,19.0,439.0,0.0,0.0,3.0,5.0,0.0,0.0,0.0,2.0,0.0,0.0,1.0,103.0,108.8,61.3,20.0,19.0,3.5,0.0,0.7,3.8,3.8,39815.0,19629.0,0.0,0.0
Mané,LIV,MID,12.0,9.4%,5.2,39.0,439.0,4.0,2.0,1.0,7.0,0.0,0.0,0.0,2.0,0.0,0.0,4.0,124.0,206.0,137.3,300.0,64.5,5.2,1.0,0.4,3.2,7.8,627066.0,894374.0,0.0,0.0
Walker,MCI,DEF,6.0,6.2%,3.7,13.0,437.0,0.0,0.0,1.0,8.0,0.0,0.0,0.0,0.0,0.0,0.0,1.0,76.0,72.6,62.5,48.0,18.3,3.7,0.0,0.6,2.2,2.6,199447.0,173085.0,0.0,0.0
Douglas Luiz,AVL,MID,5.0,0.3%,2.0,11.0,435.0,0.0,0.0,3.0,5.0,0.0,0.0,0.0,2.0,0.0,0.0,0.0,40.0,57.4,34.7,35.0,12.8,2.0,0.0,0.4,2.2,2.2,10417.0,18553.0,0.0,0.0
Jorginho,CHE,MID,5.3,13.3%,7.7,35.0,432.0,3.0,2.0,2.0,6.0,0.0,0.0,1.0,0.0,0.0,0.0,4.0,129.0,172.8,64.4,77.0,31.5,7.7,2.0,1.5,6.6,7.0,1034688.0,361090.0,3.0,-3.0
Shelvey,NEW,MID,5.4,0.2%,1.3,9.0,431.0,0.0,0.0,1.0,8.0,0.0,0.0,0.0,2.0,0.0,0.0,0.0,53.0,62.8,91.9,72.0,22.7,1.3,0.0,0.2,1.7,1.8,6295.0,16421.0,-1.0,1.0
McArthur,CRY,MID,5.4,0.1%,1.0,9.0,428.0,0.0,0.0,1.0,6.0,0.0,0.0,0.0,2.0,0.0,0.0,0.0,48.0,76.8,45.6,13.0,13.6,1.0,0.0,0.2,1.7,1.8,3359.0,9956.0,-1.0,1.0
Furlong,WBA,DEF,4.5,0.1%,3.0,14.0,428.0,0.0,1.0,1.0,10.0,0.0,0.0,0.0,1.0,0.0,0.0,1.0,69.0,75.6,60.8,50.0,18.7,3.0,0.0,0.7,3.1,2.8,5857.0,5563.0,0.0,0.0
Cavaleiro,FUL,MID,5.4,0.1%,1.2,9.0,426.0,0.0,0.0,0.0,12.0,0.0,0.0,0.0,1.0,0.0,0.0,0.0,39.0,37.8,122.0,45.0,20.4,1.2,0.0,0.2,1.7,1.8,2702.0,7210.0,-1.0,1.0
Gomez,LIV,DEF,5.4,2.8%,1.2,6.0,409.0,0.0,0.0,0.0,12.0,0.0,0.0,0.0,0.0,0.0,0.0,0.0,73.0,87.8,15.4,0.0,10.3,1.2,0.0,0.2,1.1,1.2,83013.0,222091.0,-1.0,1.0
Hayden,NEW,MID,4.8,0.1%,1.0,8.0,408.0,0.0,0.0,1.0,6.0,0.0,0.0,0.0,2.0,0.0,0.0,0.0,41.0,54.6,27.8,23.0,10.6,1.0,0.0,0.2,1.7,1.6,2008.0,5335.0,-2.0,2.0
Xhaka,ARS,MID,5.4,0.6%,1.2,10.0,407.0,0.0,0.0,1.0,6.0,0.0,0.0,0.0,1.0,0.0,0.0,0.0,47.0,51.8,33.8,29.0,11.4,1.2,0.0,0.2,1.9,1.7,20314.0,44184.0,-1.0,1.0
Fernandes,MUN,MID,10.5,22.0%,6.7,34.0,405.0,3.0,2.0,1.0,10.0,0.0,0.0,1.0,1.0,0.0,0.0,6.0,137.0,225.6,275.4,139.0,64.0,6.7,2.0,0.6,3.2,6.8,1186849.0,849165.0,0.0,0.0
Vestergaard,SOU,DEF,4.5,2.2%,6.7,27.0,405.0,1.0,0.0,3.0,3.0,0.0,0.0,0.0,0.0,0.0,0.0,1.0,123.0,140.8,15.0,42.0,19.8,6.7,0.0,1.5,6.0,5.4,130972.0,29003.0,0.0,0.0
Trézéguet,AVL,MID,5.4,1.0%,3.2,16.0,404.0,0.0,1.0,3.0,3.0,0.0,0.0,0.0,0.0,0.0,0.0,0.0,68.0,74.8,91.3,78.0,24.3,3.2,0.0,0.6,3.0,3.2,36157.0,64573.0,-1.0,1.0
Ceballos,ARS,MID,5.0,1.6%,1.8,16.0,392.0,0.0,1.0,1.0,4.0,0.0,0.0,0.0,1.0,0.0,0.0,3.0,99.0,111.4,140.1,24.0,27.6,1.8,0.0,0.4,3.2,2.7,112602.0,145041.0,0.0,0.0
Vardy,LEI,FWD,10.0,17.3%,3.0,41.0,384.0,6.0,0.0,1.0,7.0,0.0,0.0,0.0,0.0,0.0,0.0,8.0,164.0,216.8,24.2,177.0,41.9,3.0,2.0,0.3,4.1,8.2,1064171.0,1319779.0,0.0,0.0
Richarlison,EVE,FWD,7.8,4.5%,0.0,22.0,382.0,1.0,3.0,1.0,5.0,0.0,0.0,0.0,1.0,1.0,0.0,4.0,84.0,107.6,52.2,193.0,35.1,0.0,0.0,0.0,2.8,4.4,383124.0,788546.0,-2.0,2.0
Davies,TOT,DEF,4.8,1.2%,3.3,15.0,377.0,0.0,1.0,1.0,4.0,0.0,0.0,0.0,0.0,0.0,0.0,0.0,66.0,47.4,54.7,46.0,14.8,3.3,0.0,0.7,3.1,3.0,46476.0,140228.0,-2.0,2.0
Foden,MCI,MID,6.6,8.3%,4.7,25.0,376.0,2.0,1.0,1.0,5.0,0.0,0.0,0.0,0.0,0.0,0.0,2.0,81.0,101.8,62.8,157.0,32.1,4.7,0.0,0.7,3.8,5.0,664315.0,387743.0,1.0,-1.0
Neves,WOL,MID,5.3,1.6%,2.0,11.0,374.0,0.0,0.0,2.0,7.0,0.0,0.0,0.0,1.0,0.0,0.0,0.0,59.0,64.6,57.4,79.0,20.2,2.0,0.0,0.4,2.1,1.8,30122.0,100733.0,-2.0,2.0
Dendoncker,WOL,MID,4.9,1.2%,3.7,15.0,372.0,0.0,1.0,3.0,2.0,0.0,0.0,0.0,0.0,0.0,0.0,0.0,61.0,63.4,81.7,41.0,18.6,3.7,0.0,0.8,3.1,3.0,31480.0,103133.0,-1.0,1.0
Egan,SHU,DEF,4.9,4.0%,1.3,2.0,371.0,0.0,0.0,0.0,8.0,0.0,0.0,0.0,1.0,1.0,0.0,0.0,37.0,54.2,2.9,14.0,7.2,1.3,0.0,0.3,0.4,0.4,27282.0,780646.0,-1.0,1.0
van Dijk,LIV,DEF,6.4,11.7%,0.2,15.0,370.0,1.0,0.0,1.0,11.0,0.0,0.0,0.0,1.0,0.0,0.0,1.0,73.0,82.4,4.8,66.0,15.3,0.2,0.0,0.0,2.3,3.0,378375.0,1622405.0,-1.0,1.0
Podence,WOL,MID,5.5,3.8%,3.0,20.0,366.0,0.0,2.0,4.0,3.0,0.0,0.0,0.0,0.0,0.0,0.0,0.0,61.0,71.4,81.0,65.0,21.7,3.0,0.0,0.5,3.6,4.0,554103.0,323173.0,0.0,0.0
James,CHE,DEF,5.0,11.1%,3.0,25.0,363.0,1.0,1.0,1.0,7.0,0.0,0.0,0.0,1.0,0.0,0.0,6.0,120.0,158.4,129.0,37.0,32.6,3.0,2.0,0.6,5.0,5.0,964435.0,711642.0,0.0,0.0
Willian,ARS,MID,7.8,6.0%,1.5,22.0,362.0,0.0,3.0,1.0,5.0,0.0,0.0,0.0,0.0,0.0,0.0,2.0,73.0,56.8,110.4,42.0,21.0,1.5,1.0,0.2,2.8,4.4,723595.0,1053367.0,-2.0,2.0
Söyüncü,LEI,DEF,5.4,5.0%,0.3,8.0,360.0,0.0,0.0,1.0,7.0,0.0,0.0,0.0,1.0,0.0,0.0,0.0,64.0,83.4,24.6,44.0,15.2,0.3,0.0,0.1,1.5,2.0,101330.0,675905.0,-1.0,1.0
Alisson,LIV,GKP,5.9,7.4%,1.0,19.0,360.0,0.0,0.0,1.0,5.0,0.0,1.0,0.0,0.0,0.0,6.0,2.0,79.0,89.8,0.0,0.0,9.0,1.0,1.0,0.2,3.2,4.8,229530.0,710678.0,-1.0,1.0
Lindelöf,MUN,DEF,4.9,1.3%,2.7,10.0,360.0,0.0,0.0,1.0,6.0,0.0,0.0,0.0,0.0,0.0,0.0,0.0,70.0,75.8,15.2,6.0,9.7,2.7,0.0,0.6,2.0,2.5,29086.0,76136.0,-1.0,1.0
Wan-Bissaka,MUN,DEF,5.4,8.6%,4.3,14.0,360.0,1.0,0.0,1.0,9.0,0.0,0.0,0.0,0.0,0.0,0.0,0.0,81.0,112.4,32.3,44.0,18.8,4.3,0.0,0.8,2.6,3.5,229233.0,472694.0,-1.0,1.0
Sánchez,TOT,DEF,5.4,0.9%,0.3,4.0,360.0,0.0,0.0,0.0,7.0,1.0,0.0,0.0,0.0,0.0,0.0,0.0,37.0,55.0,2.1,86.0,14.3,0.3,0.0,0.1,0.7,1.0,18420.0,37842.0,-1.0,1.0
Bartley,WBA,DEF,4.5,0.2%,0.3,9.0,360.0,1.0,0.0,0.0,13.0,0.0,0.0,0.0,0.0,0.0,0.0,0.0,57.0,100.2,0.5,35.0,13.5,0.3,0.0,0.1,2.0,2.2,10629.0,10203.0,0.0,0.0
Townsend,WBA,DEF,4.5,0.1%,4.0,13.0,360.0,0.0,0.0,1.0,6.0,0.0,0.0,0.0,0.0,0.0,0.0,3.0,63.0,64.6,50.3,27.0,14.2,4.0,0.0,0.9,2.9,3.2,3767.0,3534.0,0.0,0.0
O'Shea,WBA,DEF,4.4,0.2%,0.3,3.0,360.0,0.0,0.0,0.0,13.0,0.0,0.0,0.0,0.0,0.0,0.0,0.0,40.0,77.2,11.9,18.0,10.7,0.3,0.0,0.1,0.7,0.8,3373.0,11763.0,-1.0,1.0
Balbuena,WHU,DEF,4.4,0.9%,4.7,20.0,360.0,1.0,0.0,2.0,4.0,0.0,0.0,0.0,1.0,0.0,0.0,0.0,82.0,100.6,3.5,25.0,12.9,4.7,0.0,1.1,4.5,5.0,65713.0,21075.0,-1.0,1.0
Mount,CHE,MID,6.9,5.3%,1.0,19.0,359.0,1.0,1.0,0.0,8.0,0.0,0.0,0.0,0.0,0.0,0.0,2.0,76.0,87.4,113.8,137.0,33.8,1.0,1.0,0.1,2.8,3.8,263405.0,479746.0,-1.0,1.0
Coleman,EVE,DEF,5.0,1.3%,0.7,15.0,357.0,0.0,1.0,1.0,5.0,0.0,0.0,0.0,0.0,0.0,0.0,1.0,81.0,92.8,30.3,24.0,14.8,0.7,0.0,0.1,3.0,3.0,176067.0,163296.0,0.0,0.0
Alzate,BHA,MID,4.5,1.1%,0.7,9.0,350.0,0.0,0.0,1.0,11.0,0.0,0.0,0.0,1.0,0.0,0.0,0.0,59.0,48.0,89.8,23.0,16.1,0.7,0.0,0.2,2.0,1.8,111583.0,70301.0,0.0,0.0
Praet,LEI,MID,5.5,0.4%,1.3,20.0,350.0,1.0,1.0,2.0,3.0,0.0,0.0,0.0,0.0,0.0,0.0,1.0,66.0,84.2,65.3,70.0,21.7,1.3,0.0,0.2,3.6,4.0,68018.0,54814.0,0.0,0.0
Evans,LEI,DEF,5.5,0.2%,2.0,8.0,349.0,0.0,0.0,1.0,5.0,0.0,0.0,0.0,3.0,0.0,0.0,0.0,48.0,61.6,2.2,0.0,6.4,2.0,0.0,0.4,1.5,2.0,9899.0,6802.0,0.0,0.0
Lacazette,ARS,FWD,8.4,3.8%,2.2,23.0,346.0,3.0,0.0,1.0,4.0,0.0,0.0,0.0,1.0,0.0,0.0,3.0,79.0,114.4,51.2,180.0,34.6,2.2,0.0,0.3,2.7,4.6,241513.0,307564.0,-1.0,1.0
Mahrez,MCI,MID,8.4,3.7%,2.3,19.0,346.0,1.0,1.0,1.0,7.0,0.0,0.0,0.0,0.0,0.0,0.0,2.0,64.0,77.2,120.0,177.0,37.4,2.3,1.0,0.3,2.3,4.8,432398.0,336356.0,-1.0,1.0
Saint-Maximin,NEW,MID,5.3,7.1%,5.7,21.0,346.0,1.0,1.0,2.0,7.0,0.0,0.0,0.0,0.0,0.0,0.0,2.0,74.0,100.0,79.2,50.0,23.0,5.7,0.0,1.1,4.0,4.2,217048.0,1157913.0,-2.0,2.0
Doherty,TOT,DEF,5.8,9.0%,2.0,10.0,345.0,0.0,0.0,1.0,4.0,0.0,0.0,0.0,1.0,0.0,0.0,0.0,48.0,64.6,48.5,47.0,16.1,2.0,0.0,0.3,1.7,2.5,125806.0,1069686.0,-2.0,2.0
McBurnie,SHU,FWD,5.7,0.3%,2.7,11.0,342.0,0.0,1.0,0.0,8.0,0.0,0.0,0.0,1.0,0.0,0.0,0.0,31.0,48.8,68.1,123.0,24.0,2.7,0.0,0.5,1.9,1.8,8259.0,39192.0,-3.0,3.0
Moutinho,WOL,MID,5.4,1.7%,1.3,11.0,342.0,0.0,0.0,2.0,6.0,0.0,0.0,0.0,1.0,0.0,0.0,0.0,48.0,53.6,96.8,9.0,16.1,1.3,0.0,0.2,2.0,1.8,31588.0,134945.0,-1.0,1.0
Ayew,CRY,FWD,5.7,2.0%,0.7,11.0,341.0,0.0,1.0,1.0,7.0,0.0,0.0,0.0,0.0,0.0,0.0,0.0,14.0,27.0,6.1,70.0,10.3,0.7,0.0,0.1,1.9,2.8,73289.0,377444.0,-3.0,3.0
Lucas Moura,TOT,MID,6.9,1.6%,1.0,16.0,339.0,1.0,0.0,1.0,5.0,0.0,0.0,0.0,0.0,0.0,0.0,1.0,31.0,43.6,40.7,121.0,20.5,1.0,0.0,0.1,2.3,2.7,68097.0,131840.0,-1.0,1.0
Bryan,FUL,DEF,4.8,0.5%,0.5,6.0,336.0,0.0,1.0,0.0,11.0,0.0,0.0,0.0,1.0,0.0,0.0,0.0,61.0,60.2,50.6,25.0,13.6,0.5,0.0,0.1,1.2,1.5,11808.0,45899.0,-2.0,2.0
Armstrong,SOU,MID,5.5,0.2%,3.0,14.0,332.0,0.0,1.0,3.0,3.0,0.0,0.0,0.0,0.0,0.0,0.0,0.0,45.0,51.0,75.7,45.0,17.2,3.0,0.0,0.5,2.5,3.5,6911.0,20177.0,0.0,0.0
Semedo,WOL,DEF,5.5,2.3%,4.7,15.0,329.0,0.0,0.0,2.0,4.0,0.0,0.0,0.0,0.0,0.0,0.0,0.0,72.0,54.0,41.4,28.0,12.4,4.7,0.0,0.9,2.7,3.8,185105.0,53810.0,0.0,0.0
Saka,ARS,MID,5.3,2.9%,3.2,15.0,328.0,1.0,0.0,1.0,3.0,0.0,0.0,0.0,0.0,0.0,0.0,1.0,62.0,76.6,58.1,173.0,30.8,3.2,0.0,0.6,2.8,3.8,70222.0,382305.0,-2.0,2.0
Azpilicueta,CHE,DEF,5.9,4.2%,4.0,17.0,320.0,0.0,1.0,2.0,3.0,0.0,0.0,0.0,1.0,0.0,0.0,0.0,72.0,71.8,39.2,33.0,14.4,4.0,0.0,0.7,2.9,3.4,54969.0,283612.0,-1.0,1.0
Rodrigo,LEE,FWD,5.8,3.1%,5.0,18.0,320.0,1.0,1.0,1.0,3.0,0.0,0.0,0.0,0.0,0.0,0.0,3.0,62.0,62.4,82.0,175.0,32.0,5.0,0.0,0.9,3.1,3.0,114882.0,446586.0,-2.0,2.0
David Luiz,ARS,DEF,5.5,1.1%,1.5,7.0,319.0,0.0,0.0,0.0,5.0,0.0,0.0,0.0,0.0,0.0,0.0,0.0,51.0,66.6,9.8,21.0,9.7,1.5,0.0,0.3,1.3,1.4,29408.0,52743.0,0.0,0.0
Callum Robinson,WBA,FWD,5.5,0.8%,2.0,22.0,317.0,2.0,1.0,0.0,8.0,0.0,0.0,0.0,0.0,0.0,0.0,3.0,72.0,77.4,40.3,58.0,17.3,2.0,1.0,0.4,4.0,3.7,103759.0,75892.0,0.0,0.0
McCarthy,CRY,MID,4.5,1.7%,0.7,8.0,316.0,0.0,0.0,1.0,5.0,0.0,0.0,0.0,1.0,0.0,0.0,0.0,44.0,47.4,24.6,8.0,8.0,0.7,0.0,0.2,1.8,2.0,104728.0,159985.0,0.0,0.0
Schlupp,CRY,MID,5.5,0.1%,2.0,15.0,316.0,0.0,1.0,4.0,0.0,0.0,0.0,0.0,1.0,0.0,0.0,1.0,45.0,62.6,49.3,41.0,15.3,2.0,0.0,0.4,2.7,3.8,8377.0,10848.0,0.0,0.0
Christensen,CHE,DEF,4.9,0.3%,0.3,0.0,315.0,0.0,0.0,0.0,9.0,0.0,0.0,0.0,1.0,1.0,0.0,0.0,41.0,70.0,4.1,20.0,9.5,0.3,0.0,0.1,0.0,0.0,7391.0,16538.0,-1.0,1.0
Sissoko,TOT,MID,4.8,0.4%,2.3,8.0,315.0,0.0,0.0,1.0,5.0,0.0,0.0,0.0,0.0,0.0,0.0,0.0,51.0,54.2,31.5,0.0,8.6,2.3,0.0,0.5,1.7,2.0,13785.0,29634.0,-2.0,2.0
Barkley,AVL,MID,6.0,4.3%,5.0,22.0,310.0,2.0,0.0,1.0,5.0,0.0,0.0,0.0,0.0,0.0,0.0,3.0,73.0,104.0,78.4,111.0,29.4,5.0,1.0,0.8,3.7,4.4,324497.0,57330.0,0.0,0.0
McTominay,MUN,MID,4.9,0.3%,2.0,8.0,307.0,0.0,0.0,1.0,6.0,0.0,0.0,0.0,0.0,0.0,0.0,0.0,50.0,61.8,74.6,52.0,18.8,2.0,0.0,0.4,1.6,2.0,10009.0,16750.0,-1.0,1.0
Sawyers,WBA,MID,4.9,0.0%,1.0,9.0,306.0,0.0,0.0,0.0,10.0,0.0,0.0,0.0,0.0,0.0,0.0,0.0,35.0,33.8,26.6,2.0,6.3,1.0,0.0,0.2,1.8,1.8,871.0,2427.0,-1.0,1.0
Manquillo,NEW,DEF,4.5,0.4%,0.3,9.0,305.0,0.0,0.0,1.0,5.0,0.0,0.0,0.0,1.0,0.0,0.0,0.0,51.0,37.0,29.4,14.0,8.0,0.3,0.0,0.1,2.0,2.2,13095.0,17964.0,0.0,0.0
André Gomes,EVE,MID,5.5,0.3%,0.3,8.0,303.0,0.0,0.0,1.0,5.0,0.0,0.0,0.0,1.0,0.0,0.0,0.0,31.0,26.6,34.8,22.0,8.3,0.3,0.0,0.1,1.5,2.0,18464.0,28912.0,0.0,0.0
Joelinton,NEW,FWD,5.8,0.2%,1.3,7.0,296.0,0.0,0.0,0.0,5.0,0.0,0.0,0.0,2.0,0.0,0.0,0.0,36.0,40.2,45.4,33.0,11.9,1.3,0.0,0.2,1.2,1.2,5433.0,21673.0,-2.0,2.0
Traoré,WOL,MID,6.3,9.7%,1.0,10.0,296.0,0.0,0.0,1.0,6.0,0.0,0.0,0.0,0.0,0.0,0.0,0.0,44.0,57.8,70.5,23.0,15.2,1.0,0.0,0.2,1.6,1.7,234242.0,908810.0,-2.0,2.0
De Bruyne,MCI,MID,11.5,15.2%,1.0,18.0,292.0,1.0,1.0,0.0,7.0,0.0,0.0,0.0,0.0,0.0,0.0,3.0,73.0,122.4,204.7,138.0,46.6,1.0,0.0,0.1,1.6,4.5,1647494.0,2485820.0,0.0,0.0
Redmond,SOU,MID,6.4,0.2%,2.0,8.0,291.0,0.0,0.0,1.0,4.0,0.0,0.0,0.0,0.0,0.0,0.0,0.0,20.0,22.4,32.4,51.0,10.5,2.0,0.0,0.3,1.2,2.0,14003.0,57982.0,-1.0,1.0
Lallana,BHA,MID,6.3,0.5%,2.0,10.0,290.0,0.0,0.0,1.0,5.0,0.0,0.0,0.0,0.0,0.0,0.0,0.0,39.0,27.6,71.2,33.0,13.1,2.0,0.0,0.3,1.6,1.7,7911.0,62298.0,-2.0,2.0
Henderson,LIV,MID,5.4,1.2%,1.0,7.0,290.0,0.0,0.0,0.0,5.0,0.0,0.0,0.0,0.0,0.0,0.0,0.0,58.0,57.2,71.4,48.0,17.7,1.0,0.0,0.2,1.3,1.8,22544.0,135453.0,-1.0,1.0
Ndombele,TOT,MID,5.9,0.3%,4.3,15.0,290.0,1.0,0.0,2.0,3.0,0.0,0.0,0.0,1.0,0.0,0.0,0.0,65.0,73.0,44.6,67.0,18.5,4.3,0.0,0.7,2.5,2.5,16799.0,16105.0,-1.0,1.0
Aké,MCI,DEF,5.5,6.5%,2.0,13.0,289.0,1.0,0.0,1.0,6.0,0.0,0.0,0.0,2.0,0.0,0.0,0.0,57.0,64.4,24.7,19.0,10.8,2.0,0.0,0.4,2.4,3.2,238937.0,311704.0,0.0,0.0
McGoldrick,SHU,FWD,5.3,0.7%,3.7,15.0,289.0,1.0,0.0,2.0,2.0,0.0,0.0,0.0,0.0,0.0,0.0,2.0,47.0,37.2,35.2,60.0,13.1,3.7,0.0,0.7,2.8,2.5,36612.0,64341.0,-2.0,2.0
Connolly,BHA,FWD,5.5,0.6%,2.0,17.0,284.0,1.0,1.0,1.0,7.0,0.0,0.0,0.0,0.0,0.0,0.0,2.0,46.0,56.2,34.3,69.0,15.9,2.0,0.0,0.4,3.1,3.4,58773.0,58340.0,0.0,0.0
Pérez,LEI,MID,6.2,1.1%,1.0,8.0,280.0,0.0,0.0,1.0,4.0,0.0,0.0,0.0,1.0,0.0,0.0,0.0,23.0,33.0,36.8,103.0,17.4,1.0,0.0,0.2,1.3,2.0,24633.0,176122.0,-3.0,3.0
Sakho,CRY,DEF,4.5,0.3%,0.3,4.0,275.0,0.0,0.0,0.0,8.0,0.0,0.0,0.0,0.0,0.0,0.0,0.0,33.0,36.6,1.6,6.0,4.5,0.3,0.0,0.1,0.9,1.0,20711.0,12237.0,0.0,0.0
Pogba,MUN,MID,7.8,1.4%,1.3,8.0,273.0,0.0,0.0,0.0,8.0,0.0,0.0,0.0,0.0,0.0,0.0,0.0,30.0,34.8,32.9,38.0,10.4,1.3,0.0,0.2,1.0,1.6,63170.0,115055.0,-2.0,2.0
Holding,ARS,DEF,4.5,1.5%,0.2,9.0,270.0,0.0,0.0,1.0,4.0,0.0,0.0,0.0,0.0,0.0,0.0,0.0,58.0,66.2,1.6,0.0,6.8,0.2,0.0,0.0,2.0,3.0,158928.0,169422.0,0.0,0.0
Elneny,ARS,MID,4.4,1.5%,1.0,7.0,270.0,0.0,0.0,1.0,4.0,0.0,0.0,0.0,0.0,0.0,0.0,0.0,51.0,42.6,19.7,22.0,8.4,1.0,0.0,0.2,1.6,2.3,158712.0,111198.0,-1.0,1.0
Tarkowski,BUR,DEF,5.4,2.7%,2.7,8.0,270.0,0.0,0.0,1.0,4.0,0.0,0.0,0.0,1.0,0.0,0.0,0.0,38.0,63.4,21.4,74.0,15.9,2.7,0.0,0.5,1.5,2.7,22619.0,229115.0,-1.0,1.0
Bardsley,BUR,DEF,4.5,0.3%,0.3,1.0,270.0,0.0,0.0,0.0,8.0,0.0,0.0,0.0,2.0,0.0,0.0,0.0,24.0,31.4,12.9,6.0,5.1,0.3,0.0,0.1,0.2,0.3,10282.0,26851.0,0.0,0.0
Arrizabalaga,CHE,GKP,4.8,0.9%,0.7,6.0,270.0,0.0,0.0,0.0,6.0,0.0,0.0,0.0,0.0,0.0,8.0,0.0,40.0,50.8,0.0,0.0,5.0,0.7,0.0,0.1,1.2,2.0,42907.0,139990.0,-2.0,2.0
Chilwell,CHE,DEF,5.8,16.9%,9.0,27.0,270.0,1.0,2.0,2.0,3.0,0.0,0.0,0.0,1.0,0.0,0.0,3.0,104.0,128.6,142.4,48.0,32.0,9.0,1.0,1.6,4.7,9.0,1228372.0,176517.0,3.0,-3.0
Robinson,FUL,DEF,4.4,0.1%,1.2,5.0,270.0,0.0,0.0,0.0,4.0,0.0,0.0,0.0,0.0,0.0,0.0,0.0,48.0,72.8,94.2,27.0,19.5,1.2,0.0,0.3,1.1,1.7,2608.0,5336.0,-1.0,1.0
Odoi,FUL,DEF,4.4,0.1%,0.0,1.0,270.0,0.0,0.0,0.0,10.0,0.0,0.0,0.0,1.0,0.0,0.0,0.0,34.0,35.4,20.8,8.0,6.4,0.0,0.0,0.0,0.2,0.3,5250.0,5055.0,-1.0,1.0
Aina,FUL,DEF,4.5,0.0%,1.7,5.0,270.0,0.0,0.0,0.0,4.0,0.0,0.0,0.0,0.0,0.0,0.0,0.0,49.0,53.2,43.9,6.0,10.2,1.7,0.0,0.4,1.1,1.7,2028.0,711.0,0.0,0.0
Cooper,LEE,DEF,4.4,0.7%,1.0,10.0,270.0,0.0,0.0,1.0,4.0,0.0,0.0,0.0,0.0,0.0,0.0,1.0,59.0,78.4,1.4,6.0,8.6,1.0,0.0,0.2,2.3,3.3,37685.0,49741.0,-1.0,1.0
Dias,MCI,DEF,5.5,1.4%,3.0,9.0,270.0,0.0,0.0,1.0,2.0,0.0,0.0,0.0,1.0,0.0,0.0,0.0,55.0,56.8,5.1,10.0,7.2,3.0,0.0,0.5,1.6,3.0,105645.0,16434.0,0.0,0.0
Alderweireld,TOT,DEF,5.4,1.7%,3.0,11.0,270.0,0.0,0.0,1.0,4.0,0.0,0.0,0.0,0.0,0.0,0.0,2.0,55.0,76.8,24.9,2.0,10.4,3.0,0.0,0.6,2.0,3.7,33246.0,117276.0,-1.0,1.0
Coufal,WHU,DEF,4.5,0.3%,5.3,16.0,270.0,0.0,2.0,1.0,4.0,0.0,0.0,0.0,2.0,0.0,0.0,3.0,60.0,66.4,43.3,22.0,13.2,5.3,0.0,1.2,3.6,5.3,21932.0,4545.0,0.0,0.0
Kilman,WOL,DEF,4.1,9.5%,7.7,23.0,270.0,0.0,1.0,2.0,1.0,0.0,0.0,0.0,0.0,0.0,0.0,6.0,80.0,76.0,35.1,0.0,11.1,7.7,1.0,1.9,5.6,7.7,609821.0,94691.0,1.0,-1.0
Osborn,SHU,MID,4.9,0.0%,1.3,7.0,269.0,0.0,0.0,0.0,4.0,0.0,0.0,0.0,0.0,0.0,0.0,0.0,35.0,37.6,66.9,41.0,14.5,1.3,0.0,0.3,1.4,1.8,592.0,1598.0,-1.0,1.0
Winks,TOT,MID,5.4,0.1%,0.3,5.0,256.0,0.0,0.0,0.0,7.0,0.0,0.0,0.0,1.0,0.0,0.0,0.0,36.0,35.0,20.4,0.0,5.5,0.3,0.0,0.1,0.9,1.2,2996.0,8333.0,-1.0,1.0
Burke,SHU,MID,4.5,1.0%,0.7,7.0,254.0,0.0,0.0,1.0,2.0,0.0,0.0,0.0,0.0,0.0,0.0,0.0,9.0,5.8,36.6,71.0,10.8,0.7,0.0,0.2,1.6,1.8,73227.0,75657.0,0.0,0.0
Thiago Silva,CHE,DEF,5.5,2.3%,4.3,14.0,252.0,0.0,0.0,2.0,3.0,0.0,0.0,0.0,0.0,0.0,0.0,1.0,70.0,73.2,16.0,2.0,9.2,4.3,0.0,0.8,2.5,4.7,87393.0,155654.0,0.0,0.0
Jack Robinson,SHU,DEF,4.4,0.2%,2.0,8.0,251.0,0.0,1.0,0.0,4.0,0.0,0.0,0.0,0.0,0.0,0.0,0.0,34.0,35.0,4.6,17.0,5.6,2.0,0.0,0.5,1.8,2.7,7260.0,8869.0,-1.0,1.0
Mendy,MCI,DEF,5.9,1.3%,0.3,2.0,250.0,0.0,0.0,0.0,7.0,0.0,0.0,0.0,2.0,0.0,0.0,0.0,23.0,16.6,26.2,10.0,5.1,0.3,0.0,0.1,0.3,0.7,22213.0,77833.0,-1.0,1.0
Keita,LIV,MID,5.3,0.3%,0.8,7.0,243.0,0.0,0.0,1.0,7.0,0.0,0.0,0.0,0.0,0.0,0.0,0.0,33.0,17.6,25.8,92.0,13.6,0.8,0.0,0.2,1.3,1.8,13958.0,67947.0,-2.0,2.0
Barnes,BUR,FWD,6.0,0.1%,1.7,5.0,240.0,0.0,0.0,1.0,4.0,0.0,0.0,0.0,1.0,0.0,0.0,0.0,6.0,12.4,52.8,104.0,16.9,1.7,0.0,0.3,0.8,1.7,4502.0,8473.0,0.0,0.0
Ampadu,SHU,DEF,4.5,0.6%,0.3,4.0,239.0,0.0,0.0,0.0,4.0,0.0,0.0,0.0,0.0,0.0,0.0,0.0,35.0,54.8,14.9,4.0,7.4,0.3,0.0,0.1,0.9,1.3,14297.0,35031.0,0.0,0.0
Hector,FUL,DEF,4.3,0.2%,0.0,0.0,237.0,0.0,0.0,0.0,10.0,0.0,0.0,0.0,1.0,0.0,0.0,0.0,33.0,38.8,11.3,18.0,6.7,0.0,0.0,0.0,0.0,0.0,3665.0,14458.0,-2.0,2.0
Djenepo,SOU,MID,5.5,0.1%,1.7,14.0,233.0,1.0,1.0,1.0,5.0,0.0,0.0,0.0,1.0,0.0,0.0,0.0,37.0,35.4,7.2,46.0,8.7,1.7,0.0,0.3,2.5,3.5,11934.0,14106.0,0.0,0.0
Fred,MUN,MID,5.3,0.1%,1.7,6.0,228.0,0.0,0.0,1.0,4.0,0.0,0.0,0.0,1.0,0.0,0.0,0.0,34.0,33.0,21.9,11.0,6.5,1.7,0.0,0.3,1.1,1.5,3417.0,7933.0,-2.0,2.0
Fredericks,WHU,DEF,4.4,0.3%,0.0,4.0,228.0,0.0,1.0,0.0,4.0,0.0,0.0,0.0,2.0,0.0,0.0,0.0,43.0,60.4,109.8,6.0,17.7,0.0,0.0,0.0,0.9,1.3,9055.0,34520.0,-1.0,1.0
Sigurdsson,EVE,MID,6.9,1.0%,2.3,10.0,226.0,0.0,1.0,0.0,4.0,0.0,0.0,0.0,0.0,0.0,0.0,0.0,49.0,47.2,51.9,25.0,12.4,2.3,0.0,0.3,1.4,1.7,10145.0,53282.0,-1.0,1.0
Alonso,CHE,DEF,5.8,2.0%,0.0,2.0,225.0,0.0,0.0,0.0,6.0,0.0,0.0,0.0,1.0,0.0,0.0,0.0,36.0,37.0,28.1,20.0,8.5,0.0,0.0,0.0,0.3,0.7,33626.0,145118.0,-2.0,2.0
Decordova-Reid,FUL,FWD,5.4,0.1%,1.0,10.0,220.0,1.0,0.0,0.0,4.0,0.0,0.0,0.0,1.0,0.0,0.0,0.0,46.0,41.6,15.1,47.0,10.3,1.0,0.0,0.2,1.9,2.0,10372.0,14099.0,-1.0,1.0
Almirón,NEW,MID,5.8,0.5%,0.7,9.0,218.0,0.0,1.0,0.0,5.0,0.0,0.0,0.0,1.0,0.0,0.0,0.0,47.0,71.2,80.3,56.0,20.7,0.7,0.0,0.1,1.6,1.8,15914.0,55901.0,-2.0,2.0
Kamara,FUL,MID,4.9,0.1%,-0.2,2.0,214.0,0.0,0.0,0.0,8.0,0.0,0.0,0.0,1.0,1.0,0.0,0.0,-4.0,10.8,43.3,32.0,8.0,-0.2,0.0,0.0,0.4,0.4,4046.0,8610.0,-1.0,1.0
Loftus-Cheek,FUL,MID,5.9,0.2%,1.7,7.0,213.0,0.0,0.0,1.0,3.0,0.0,0.0,0.0,0.0,0.0,0.0,0.0,32.0,18.2,24.1,37.0,7.9,1.7,0.0,0.3,1.2,2.3,7587.0,10071.0,-1.0,1.0
Abraham,CHE,FWD,7.2,2.2%,2.3,14.0,211.0,1.0,1.0,1.0,4.0,0.0,0.0,0.0,0.0,0.0,0.0,0.0,44.0,44.2,15.8,113.0,17.4,2.3,0.0,0.3,1.9,2.8,55118.0,218484.0,-3.0,3.0
Martial,MUN,FWD,8.8,3.8%,0.3,5.0,206.0,0.0,1.0,0.0,10.0,0.0,0.0,0.0,0.0,1.0,0.0,0.0,10.0,3.6,11.1,62.0,7.6,0.3,0.0,0.0,0.6,1.7,496695.0,1065240.0,-2.0,2.0
Burn,BHA,DEF,4.4,0.4%,1.3,5.0,203.0,0.0,0.0,0.0,2.0,0.0,0.0,0.0,0.0,0.0,0.0,0.0,29.0,24.8,6.3,14.0,4.6,1.3,0.0,0.3,1.1,1.7,5163.0,28823.0,-1.0,1.0
Lookman,FUL,MID,5.0,0.4%,4.3,13.0,203.0,1.0,0.0,0.0,3.0,0.0,0.0,0.0,0.0,0.0,0.0,3.0,40.0,75.8,74.7,87.0,23.8,4.3,0.0,0.9,2.6,4.3,32661.0,5390.0,0.0,0.0
Pépé,ARS,MID,7.7,0.9%,2.5,12.0,202.0,1.0,0.0,0.0,4.0,0.0,0.0,0.0,0.0,0.0,0.0,0.0,35.0,38.8,21.4,61.0,12.1,2.5,0.0,0.3,1.6,2.0,17598.0,111387.0,-3.0,3.0
Eze,CRY,MID,5.8,0.4%,1.0,7.0,202.0,0.0,0.0,0.0,8.0,0.0,0.0,0.0,0.0,0.0,0.0,0.0,25.0,27.4,39.3,79.0,14.6,1.0,0.0,0.2,1.2,1.4,16093.0,34005.0,-2.0,2.0
Greenwood,MUN,MID,7.2,3.2%,1.0,6.0,200.0,0.0,0.0,0.0,8.0,0.0,0.0,0.0,0.0,0.0,0.0,0.0,18.0,14.8,32.6,50.0,9.6,1.0,0.0,0.1,0.8,1.5,247339.0,544123.0,-3.0,3.0
Batshuayi,CRY,FWD,5.8,0.8%,3.3,12.0,196.0,0.0,2.0,1.0,1.0,0.0,0.0,0.0,0.0,0.0,0.0,0.0,32.0,37.2,13.2,69.0,11.8,3.3,0.0,0.6,2.1,3.0,32939.0,126079.0,-2.0,2.0
Riedewald,CRY,MID,4.4,0.7%,4.0,13.0,194.0,1.0,0.0,1.0,3.0,0.0,0.0,0.0,0.0,0.0,0.0,1.0,45.0,62.8,15.5,17.0,9.6,4.0,1.0,0.9,3.0,3.2,53483.0,24201.0,-1.0,1.0
Jota,LIV,MID,6.3,1.9%,4.5,18.0,194.0,2.0,0.0,0.0,9.0,0.0,0.0,0.0,0.0,0.0,0.0,2.0,57.0,80.4,36.0,124.0,24.0,4.5,0.0,0.7,2.9,4.5,124067.0,234847.0,-2.0,2.0
Krovinovic,WBA,MID,5.0,0.0%,2.0,6.0,194.0,0.0,0.0,1.0,2.0,0.0,0.0,0.0,0.0,0.0,0.0,0.0,26.0,27.0,19.0,17.0,6.2,2.0,0.0,0.4,1.2,2.0,505.0,197.0,0.0,0.0
Norwood,SHU,MID,4.8,0.2%,0.7,5.0,191.0,0.0,0.0,0.0,4.0,0.0,0.0,0.0,0.0,0.0,0.0,0.0,30.0,29.6,45.4,0.0,7.6,0.7,0.0,0.1,1.0,1.7,5069.0,29542.0,-2.0,2.0
Schär,NEW,DEF,4.9,0.0%,1.0,3.0,185.0,0.0,0.0,0.0,4.0,0.0,0.0,0.0,0.0,0.0,0.0,0.0,19.0,26.6,1.3,1.0,2.9,1.0,0.0,0.2,0.6,1.0,1506.0,1772.0,-1.0,1.0
Struijk,LEE,DEF,4.0,2.4%,0.7,2.0,184.0,0.0,0.0,0.0,5.0,0.0,0.0,0.0,1.0,0.0,0.0,0.0,31.0,53.2,2.1,2.0,5.8,0.7,0.0,0.2,0.5,0.7,137669.0,99039.0,0.0,0.0
Maitland-Niles,ARS,DEF,4.9,1.3%,0.5,8.0,183.0,0.0,0.0,1.0,3.0,0.0,0.0,0.0,0.0,0.0,0.0,0.0,33.0,20.2,4.3,7.0,3.2,0.5,0.0,0.1,1.6,2.7,44749.0,100263.0,-1.0,1.0
Bernardo Silva,MCI,MID,7.4,0.6%,2.0,6.0,182.0,0.0,0.0,1.0,1.0,0.0,0.0,0.0,0.0,0.0,0.0,0.0,26.0,22.8,24.7,14.0,6.2,2.0,0.0,0.3,0.8,2.0,27629.0,45514.0,-1.0,1.0
Dunne,BUR,DEF,4.1,7.8%,0.0,8.0,180.0,1.0,0.0,0.0,5.0,0.0,0.0,0.0,0.0,0.0,0.0,0.0,35.0,66.2,21.2,38.0,12.6,0.0,0.0,0.0,2.0,4.0,695153.0,229890.0,1.0,-1.0
Mendy,CHE,GKP,5.0,2.1%,4.3,13.0,180.0,0.0,0.0,2.0,0.0,0.0,0.0,0.0,0.0,0.0,4.0,0.0,47.0,23.8,0.0,0.0,2.4,4.3,0.0,0.9,2.6,6.5,195602.0,76329.0,0.0,0.0
Dann,CRY,DEF,4.5,0.7%,0.7,9.0,180.0,0.0,0.0,1.0,1.0,0.0,0.0,0.0,0.0,0.0,0.0,1.0,37.0,34.2,0.7,8.0,4.3,0.7,0.0,0.2,2.0,4.5,45540.0,57547.0,0.0,0.0
Adarabioyo,FUL,DEF,4.5,0.0%,1.5,3.0,180.0,0.0,0.0,0.0,3.0,0.0,0.0,0.0,0.0,0.0,0.0,0.0,26.0,30.2,1.1,8.0,4.0,1.5,0.0,0.3,0.7,1.5,990.0,267.0,0.0,0.0
Fofana,LEI,DEF,5.0,0.1%,2.3,7.0,180.0,0.0,0.0,1.0,1.0,0.0,0.0,0.0,1.0,0.0,0.0,0.0,41.0,40.6,1.4,0.0,4.2,2.3,0.0,0.5,1.4,3.5,3899.0,629.0,0.0,0.0
Ndidi,LEI,MID,4.8,0.7%,0.0,5.0,180.0,0.0,0.0,1.0,2.0,0.0,0.0,0.0,0.0,0.0,0.0,0.0,29.0,47.8,1.5,0.0,4.9,0.0,0.0,0.0,1.0,2.5,17800.0,124335.0,-2.0,2.0
Adrián,LIV,GKP,4.5,0.6%,0.5,2.0,180.0,0.0,0.0,0.0,9.0,0.0,0.0,0.0,0.0,0.0,7.0,0.0,28.0,42.2,0.0,0.0,4.2,0.5,0.0,0.1,0.4,1.0,41311.0,24376.0,0.0,0.0
Cancelo,MCI,DEF,5.4,0.8%,4.3,13.0,180.0,0.0,1.0,1.0,1.0,0.0,0.0,0.0,1.0,0.0,0.0,3.0,50.0,55.0,64.7,22.0,14.2,4.3,0.0,0.8,2.4,6.5,36423.0,50018.0,-1.0,1.0
Garcia,MCI,DEF,4.8,0.2%,0.7,2.0,180.0,0.0,0.0,0.0,6.0,0.0,0.0,0.0,0.0,0.0,0.0,0.0,33.0,37.0,22.6,1.0,6.0,0.7,0.0,0.1,0.4,1.0,6760.0,14537.0,-2.0,2.0
Krafth,NEW,DEF,4.4,0.1%,1.3,4.0,180.0,0.0,1.0,0.0,5.0,0.0,0.0,0.0,1.0,0.0,0.0,0.0,30.0,40.2,26.9,2.0,6.9,1.3,0.0,0.3,0.9,2.0,1298.0,3646.0,-1.0,1.0
O'Connell,SHU,DEF,4.8,0.2%,0.0,3.0,180.0,0.0,0.0,0.0,3.0,0.0,0.0,0.0,0.0,0.0,0.0,0.0,19.0,40.2,2.5,0.0,4.3,0.0,0.0,0.0,0.6,1.5,3174.0,38629.0,-2.0,2.0
Stephens,SOU,DEF,4.8,0.2%,0.0,1.0,180.0,0.0,0.0,0.0,6.0,0.0,0.0,0.0,1.0,0.0,0.0,0.0,23.0,28.8,1.9,17.0,4.8,0.0,0.0,0.0,0.2,0.5,2278.0,21080.0,-2.0,2.0
Aurier,TOT,DEF,5.2,2.6%,4.3,13.0,180.0,1.0,1.0,0.0,4.0,0.0,0.0,0.0,0.0,0.0,0.0,1.0,60.0,94.2,30.0,60.0,18.4,4.3,0.0,0.8,2.5,6.5,122606.0,202410.0,-3.0,3.0
Reguilón,TOT,DEF,5.6,3.8%,2.0,6.0,180.0,0.0,1.0,0.0,4.0,0.0,0.0,0.0,0.0,0.0,0.0,0.0,39.0,43.4,61.3,14.0,11.9,2.0,0.0,0.4,1.1,3.0,291682.0,49743.0,1.0,-1.0
Ivanovic,WBA,DEF,4.5,0.1%,2.7,8.0,180.0,0.0,0.0,1.0,1.0,0.0,0.0,0.0,0.0,0.0,0.0,0.0,37.0,35.2,0.5,57.0,9.3,2.7,0.0,0.6,1.8,4.0,9399.0,4067.0,0.0,0.0
Gallagher,WBA,MID,5.5,0.0%,1.7,5.0,180.0,0.0,0.0,1.0,1.0,0.0,0.0,0.0,0.0,0.0,0.0,0.0,19.0,31.0,25.4,11.0,6.7,1.7,0.0,0.3,0.9,2.5,894.0,530.0,0.0,0.0
Diop,WHU,DEF,4.5,0.7%,0.0,2.0,180.0,0.0,0.0,0.0,4.0,0.0,0.0,0.0,0.0,0.0,0.0,0.0,25.0,41.4,1.2,0.0,4.3,0.0,0.0,0.0,0.4,1.0,8186.0,69478.0,0.0,0.0
Fleck,SHU,MID,5.7,0.2%,0.3,5.0,179.0,0.0,0.0,0.0,4.0,0.0,0.0,0.0,0.0,0.0,0.0,0.0,25.0,18.0,48.8,14.0,8.0,0.3,0.0,0.1,0.9,1.7,5339.0,31429.0,-3.0,3.0
James,MUN,MID,6.3,0.3%,0.7,3.0,177.0,0.0,0.0,0.0,2.0,0.0,0.0,0.0,1.0,0.0,0.0,0.0,18.0,13.2,42.4,86.0,14.2,0.7,0.0,0.1,0.5,1.0,6451.0,19784.0,-2.0,2.0
Gudmundsson,BUR,MID,5.4,0.0%,2.0,6.0,173.0,0.0,0.0,1.0,2.0,0.0,0.0,0.0,0.0,0.0,0.0,0.0,18.0,14.4,19.9,21.0,5.6,2.0,0.0,0.4,1.1,2.0,10035.0,13628.0,-1.0,1.0
Pulisic,CHE,MID,8.3,3.9%,2.0,6.0,173.0,0.0,0.0,1.0,2.0,0.0,0.0,0.0,0.0,0.0,0.0,0.0,20.0,26.4,14.1,72.0,11.3,2.0,0.0,0.2,0.7,2.0,220345.0,660636.0,-2.0,2.0
Roberts,LEE,MID,4.9,0.1%,0.3,4.0,173.0,0.0,0.0,0.0,4.0,0.0,0.0,0.0,0.0,0.0,0.0,0.0,16.0,13.6,31.6,11.0,5.6,0.3,0.0,0.1,0.8,1.0,2695.0,4891.0,-1.0,1.0
Vinagre,WOL,DEF,4.2,1.9%,0.0,1.0,172.0,0.0,0.0,0.0,7.0,0.0,0.0,0.0,0.0,0.0,0.0,0.0,24.0,31.2,25.3,0.0,5.7,0.0,0.0,0.0,0.2,0.5,56380.0,561946.0,-3.0,3.0
Reed,FUL,MID,4.5,0.7%,1.0,8.0,170.0,0.0,1.0,0.0,7.0,0.0,0.0,0.0,0.0,0.0,0.0,0.0,44.0,41.8,30.1,8.0,8.0,1.0,0.0,0.2,1.8,2.7,45515.0,76650.0,0.0,0.0
Maddison,LEI,MID,7.0,2.4%,1.0,15.0,170.0,1.0,1.0,1.0,3.0,0.0,0.0,0.0,1.0,0.0,0.0,1.0,42.0,40.2,45.8,41.0,12.4,1.0,0.0,0.1,2.1,3.0,226765.0,192715.0,0.0,0.0
Fraser,NEW,MID,5.8,0.3%,2.7,9.0,169.0,0.0,1.0,1.0,4.0,0.0,0.0,0.0,0.0,0.0,0.0,0.0,22.0,9.0,4.5,7.0,2.0,2.7,0.0,0.5,1.6,2.2,11445.0,60829.0,-2.0,2.0
Stephens,BUR,MID,4.4,7.8%,0.7,4.0,157.0,0.0,0.0,0.0,3.0,0.0,0.0,0.0,0.0,0.0,0.0,0.0,22.0,19.8,6.6,21.0,4.8,0.7,0.0,0.2,0.9,2.0,207177.0,546186.0,-1.0,1.0
Alioski,LEE,DEF,4.4,0.4%,2.7,10.0,156.0,0.0,0.0,1.0,1.0,0.0,0.0,0.0,0.0,0.0,0.0,1.0,37.0,23.4,38.5,36.0,9.9,2.7,0.0,0.6,2.3,2.5,11241.0,30452.0,-1.0,1.0
Grant,WBA,FWD,6.0,0.0%,5.5,11.0,155.0,1.0,0.0,1.0,1.0,0.0,0.0,0.0,0.0,0.0,0.0,3.0,36.0,39.8,23.2,37.0,10.0,5.5,0.0,0.9,1.8,5.5,1711.0,240.0,0.0,0.0
Fernandinho,MCI,DEF,5.5,1.0%,0.7,5.0,154.0,0.0,0.0,0.0,2.0,0.0,0.0,0.0,0.0,0.0,0.0,0.0,24.0,33.4,13.2,30.0,7.7,0.7,0.0,0.1,0.9,1.2,38436.0,66927.0,0.0,0.0
Bergwijn,TOT,MID,7.1,0.4%,1.0,6.0,152.0,0.0,0.0,1.0,2.0,0.0,0.0,0.0,0.0,0.0,0.0,0.0,12.0,11.4,34.6,22.0,6.8,1.0,0.0,0.1,0.8,1.5,8995.0,79922.0,-4.0,4.0
Godfrey,EVE,DEF,5.0,0.1%,1.0,2.0,149.0,0.0,0.0,0.0,3.0,0.0,0.0,0.0,0.0,0.0,0.0,0.0,20.0,31.4,11.9,0.0,4.4,1.0,0.0,0.2,0.4,1.0,4283.0,1023.0,0.0,0.0
Mata,MUN,MID,5.9,0.1%,2.0,6.0,147.0,0.0,1.0,0.0,1.0,0.0,0.0,0.0,0.0,0.0,0.0,0.0,34.0,38.8,85.4,30.0,15.4,2.0,0.0,0.3,1.0,3.0,4559.0,6752.0,-1.0,1.0
Carroll,NEW,FWD,5.3,0.4%,0.3,8.0,147.0,0.0,1.0,1.0,2.0,0.0,0.0,0.0,0.0,0.0,0.0,0.0,18.0,10.2,16.4,72.0,9.8,0.3,0.0,0.1,1.5,2.0,41754.0,54196.0,-2.0,2.0
Iwobi,EVE,MID,5.9,0.2%,2.3,9.0,145.0,0.0,1.0,0.0,4.0,0.0,0.0,0.0,0.0,0.0,0.0,0.0,28.0,33.6,22.7,32.0,8.8,2.3,0.0,0.4,1.5,1.8,5054.0,9610.0,-1.0,1.0
Amartey,LEI,DEF,4.0,1.1%,0.0,0.0,144.0,0.0,0.0,0.0,4.0,0.0,0.0,0.0,1.0,0.0,0.0,0.0,19.0,22.4,1.8,0.0,2.4,0.0,0.0,0.0,0.0,0.0,39044.0,71747.0,0.0,0.0
Pieters,BUR,DEF,4.4,0.6%,2.0,4.0,140.0,0.0,0.0,1.0,3.0,1.0,0.0,0.0,0.0,0.0,0.0,0.0,19.0,7.6,2.0,17.0,2.6,2.0,0.0,0.5,0.9,2.0,18124.0,64265.0,-1.0,1.0
Milivojevic,CRY,MID,5.7,0.4%,1.3,6.0,138.0,0.0,0.0,0.0,4.0,0.0,0.0,0.0,0.0,0.0,0.0,0.0,29.0,27.2,45.9,1.0,7.3,1.3,0.0,0.2,1.1,1.2,5743.0,45207.0,-3.0,3.0
Hourihane,AVL,MID,6.0,0.2%,3.5,17.0,137.0,1.0,1.0,2.0,0.0,0.0,0.0,0.0,0.0,0.0,0.0,3.0,57.0,62.2,77.7,23.0,16.3,3.5,1.0,0.6,2.8,8.5,22118.0,16202.0,0.0,0.0
Hudson-Odoi,CHE,MID,5.8,0.3%,1.0,10.0,137.0,1.0,0.0,1.0,0.0,0.0,0.0,0.0,0.0,0.0,0.0,0.0,44.0,46.6,59.5,49.0,15.5,1.0,0.0,0.2,1.7,3.3,20274.0,34954.0,-2.0,2.0
Matic,MUN,MID,4.9,0.2%,0.7,6.0,136.0,0.0,1.0,0.0,6.0,0.0,0.0,0.0,1.0,0.0,0.0,0.0,28.0,28.4,17.5,9.0,5.5,0.7,0.0,0.1,1.2,2.0,9213.0,15263.0,-1.0,1.0
Veltman,BHA,DEF,4.3,0.2%,0.7,2.0,135.0,0.0,0.0,0.0,3.0,0.0,0.0,0.0,0.0,0.0,0.0,0.0,22.0,34.2,5.0,4.0,4.4,0.7,0.0,0.2,0.5,1.0,4527.0,16997.0,-2.0,2.0
Thiago,LIV,MID,6.0,1.8%,0.5,3.0,135.0,0.0,0.0,0.0,2.0,0.0,0.0,0.0,0.0,0.0,0.0,0.0,22.0,20.2,44.6,12.0,7.7,0.5,0.0,0.1,0.5,1.5,295483.0,240765.0,0.0,0.0
Gibbs,WBA,DEF,4.4,0.3%,0.0,-3.0,135.0,0.0,0.0,0.0,8.0,0.0,0.0,0.0,0.0,1.0,0.0,0.0,11.0,7.4,13.2,2.0,2.3,0.0,0.0,0.0,-0.7,-1.5,4321.0,38668.0,-1.0,1.0
Lo Celso,TOT,MID,6.9,0.5%,0.3,4.0,132.0,0.0,0.0,1.0,1.0,0.0,0.0,0.0,1.0,0.0,0.0,0.0,14.0,19.6,58.1,64.0,14.2,0.3,0.0,0.0,0.6,1.3,4623.0,31294.0,-1.0,1.0
Onomah,FUL,MID,4.8,0.1%,0.0,3.0,131.0,0.0,0.0,0.0,7.0,0.0,0.0,0.0,0.0,0.0,0.0,0.0,7.0,12.0,7.4,2.0,2.1,0.0,0.0,0.0,0.6,1.5,1904.0,10907.0,-2.0,2.0
Kovacic,CHE,MID,5.4,0.3%,0.3,4.0,130.0,0.0,0.0,0.0,5.0,0.0,0.0,0.0,0.0,0.0,0.0,0.0,22.0,8.4,10.9,1.0,2.0,0.3,0.0,0.1,0.7,1.3,19322.0,22480.0,-1.0,1.0
Sharp,SHU,FWD,5.7,0.2%,2.7,11.0,129.0,1.0,0.0,0.0,3.0,0.0,0.0,0.0,0.0,0.0,0.0,2.0,25.0,36.6,4.9,61.0,10.3,2.7,0.0,0.5,1.9,2.8,7412.0,19087.0,-3.0,3.0
Tete,FUL,DEF,4.4,0.1%,0.0,2.0,128.0,0.0,1.0,0.0,6.0,0.0,0.0,0.0,1.0,0.0,0.0,0.0,29.0,53.0,67.5,4.0,12.4,0.0,0.0,0.0,0.5,1.0,5737.0,11497.0,-1.0,1.0
Vydra,BUR,FWD,5.0,0.8%,0.7,5.0,124.0,0.0,0.0,0.0,2.0,0.0,0.0,0.0,0.0,0.0,0.0,0.0,15.0,8.6,27.1,65.0,10.1,0.7,0.0,0.1,1.0,1.2,59232.0,61732.0,0.0,0.0
Le Marchand,FUL,DEF,4.3,0.1%,0.2,1.0,122.0,0.0,0.0,0.0,1.0,0.0,0.0,0.0,2.0,0.0,0.0,0.0,12.0,12.6,1.6,1.0,1.6,0.2,0.0,0.0,0.2,0.5,1189.0,7978.0,-2.0,2.0
Marçal,WOL,DEF,4.9,0.2%,0.7,8.0,120.0,0.0,0.0,1.0,1.0,0.0,0.0,0.0,1.0,0.0,0.0,0.0,29.0,20.4,12.8,10.0,4.4,0.7,0.0,0.1,1.6,2.0,22118.0,30565.0,-1.0,1.0
Lamela,TOT,MID,5.9,0.2%,0.3,6.0,118.0,0.0,1.0,0.0,3.0,0.0,0.0,0.0,1.0,0.0,0.0,0.0,26.0,23.8,29.1,91.0,14.4,0.3,0.0,0.1,1.0,1.5,8733.0,13782.0,-1.0,1.0
Kebano,FUL,MID,4.8,0.1%,0.5,5.0,115.0,0.0,0.0,0.0,3.0,0.0,0.0,0.0,0.0,0.0,0.0,0.0,11.0,1.4,14.6,47.0,5.9,0.5,0.0,0.1,1.0,1.2,2458.0,9195.0,-2.0,2.0
Gündogan,MCI,MID,5.4,0.3%,1.0,3.0,115.0,0.0,0.0,0.0,1.0,0.0,0.0,0.0,0.0,0.0,0.0,0.0,13.0,12.4,34.4,10.0,5.7,1.0,0.0,0.2,0.6,1.5,12519.0,32314.0,-1.0,1.0
Edwards,WBA,MID,4.9,0.0%,0.7,4.0,113.0,0.0,0.0,0.0,3.0,0.0,0.0,0.0,0.0,0.0,0.0,0.0,14.0,12.8,12.0,39.0,6.3,0.7,0.0,0.1,0.8,1.0,433.0,1621.0,-1.0,1.0
Smallbone,SOU,MID,4.5,0.4%,0.0,3.0,111.0,0.0,0.0,0.0,4.0,0.0,0.0,0.0,0.0,0.0,0.0,0.0,8.0,7.2,4.1,0.0,1.1,0.0,0.0,0.0,0.7,1.5,23053.0,30539.0,0.0,0.0
Agüero,MCI,FWD,10.4,2.3%,1.0,3.0,109.0,0.0,0.0,1.0,1.0,0.0,0.0,0.0,0.0,0.0,0.0,0.0,16.0,4.0,36.8,18.0,5.8,1.0,0.0,0.1,0.3,1.5,192225.0,313839.0,-1.0,1.0
Lemina,FUL,MID,4.5,0.5%,0.8,4.0,107.0,0.0,0.0,0.0,3.0,0.0,0.0,0.0,0.0,0.0,0.0,0.0,17.0,16.0,6.3,8.0,3.1,0.8,0.0,0.2,0.9,1.3,8879.0,55914.0,0.0,0.0
Nketiah,ARS,FWD,5.7,0.7%,1.0,13.0,106.0,1.0,0.0,0.0,1.0,0.0,0.0,0.0,0.0,0.0,0.0,3.0,43.0,40.6,4.2,42.0,8.5,1.0,0.0,0.2,2.3,2.2,28500.0,107829.0,-3.0,3.0
Murphy,NEW,MID,4.9,0.0%,3.0,10.0,106.0,1.0,0.0,0.0,1.0,0.0,0.0,0.0,0.0,0.0,0.0,2.0,33.0,51.4,15.7,7.0,7.4,3.0,1.0,0.6,2.0,5.0,1463.0,2145.0,-1.0,1.0
Walcott,SOU,MID,5.8,0.2%,1.5,6.0,102.0,0.0,1.0,0.0,4.0,0.0,0.0,0.0,0.0,0.0,0.0,0.0,24.0,26.8,54.1,9.0,9.0,1.5,0.0,0.3,1.0,3.0,6073.0,14938.0,-2.0,2.0
Iheanacho,LEI,FWD,5.7,0.3%,1.0,4.0,101.0,0.0,0.0,1.0,1.0,0.0,0.0,0.0,0.0,0.0,0.0,0.0,12.0,8.6,38.1,29.0,7.6,1.0,0.0,0.2,0.7,1.3,9353.0,36102.0,-3.0,3.0
Fuchs,LEI,DEF,4.5,0.1%,2.0,7.0,100.0,0.0,0.0,1.0,1.0,0.0,0.0,0.0,1.0,0.0,0.0,1.0,26.0,27.0,3.0,0.0,3.0,2.0,0.0,0.4,1.6,3.5,5623.0,4449.0,0.0,0.0
Torres,MCI,MID,6.9,0.8%,1.7,7.0,99.0,0.0,1.0,0.0,3.0,0.0,0.0,0.0,0.0,0.0,0.0,0.0,15.0,17.6,24.0,41.0,8.2,1.7,0.0,0.2,1.0,2.3,21496.0,51126.0,-1.0,1.0
Bailly,MUN,DEF,4.9,0.2%,-0.7,-1.0,98.0,0.0,0.0,0.0,7.0,0.0,0.0,0.0,1.0,0.0,0.0,0.0,11.0,25.0,0.1,0.0,2.5,-0.7,0.0,-0.1,-0.2,-0.5,8032.0,16465.0,-1.0,1.0
Partey,ARS,MID,5.0,0.8%,1.0,2.0,97.0,0.0,0.0,0.0,1.0,0.0,0.0,0.0,1.0,0.0,0.0,0.0,15.0,11.6,14.1,0.0,2.5,1.0,0.0,0.2,0.4,1.0,62434.0,12872.0,0.0,0.0
Davies,EVE,MID,5.4,0.1%,0.7,4.0,92.0,0.0,0.0,0.0,2.0,0.0,0.0,0.0,0.0,0.0,0.0,0.0,24.0,22.2,2.8,0.0,2.5,0.7,0.0,0.1,0.7,1.3,2524.0,6603.0,-1.0,1.0
Matip,LIV,DEF,5.4,0.3%,0.2,2.0,91.0,0.0,0.0,0.0,2.0,0.0,0.0,0.0,0.0,0.0,0.0,0.0,12.0,12.6,0.8,17.0,3.0,0.2,0.0,0.0,0.4,1.0,11592.0,28581.0,-1.0,1.0
Kolasinac,ARS,DEF,4.8,0.2%,0.0,2.0,90.0,0.0,0.0,0.0,1.0,0.0,0.0,0.0,0.0,0.0,0.0,0.0,9.0,3.6,5.4,4.0,1.3,0.0,0.0,0.0,0.4,2.0,4226.0,13965.0,-2.0,2.0
Lowton,BUR,DEF,4.4,0.1%,0.7,2.0,90.0,0.0,0.0,0.0,1.0,0.0,0.0,0.0,0.0,0.0,0.0,0.0,12.0,15.2,1.3,0.0,1.7,0.7,0.0,0.2,0.5,2.0,1224.0,7094.0,-1.0,1.0
Caballero,CHE,GKP,4.8,0.3%,0.0,1.0,90.0,0.0,0.0,0.0,3.0,0.0,0.0,0.0,0.0,0.0,0.0,0.0,7.0,4.2,0.0,0.0,0.4,0.0,0.0,0.0,0.2,1.0,4352.0,14714.0,-2.0,2.0
Cahill,CRY,DEF,4.5,0.1%,0.7,2.0,90.0,0.0,0.0,0.0,1.0,0.0,0.0,0.0,0.0,0.0,0.0,0.0,14.0,26.0,0.0,0.0,2.6,0.7,0.0,0.2,0.4,2.0,3628.0,5079.0,0.0,0.0
Rodák,FUL,GKP,4.4,0.4%,0.0,1.0,90.0,0.0,0.0,0.0,3.0,0.0,0.0,0.0,0.0,0.0,2.0,0.0,11.0,18.2,0.0,0.0,1.8,0.0,0.0,0.0,0.2,1.0,8390.0,19051.0,-1.0,1.0
Stones,MCI,DEF,4.9,0.4%,0.0,2.0,90.0,0.0,0.0,0.0,1.0,0.0,0.0,0.0,0.0,0.0,0.0,0.0,14.0,20.2,0.3,0.0,2.1,0.0,0.0,0.0,0.4,2.0,19553.0,27811.0,-1.0,1.0
Laporte,MCI,DEF,6.0,2.5%,0.7,2.0,90.0,0.0,0.0,0.0,1.0,0.0,0.0,0.0,0.0,0.0,0.0,0.0,9.0,10.8,0.7,6.0,1.8,0.7,0.0,0.1,0.3,2.0,49515.0,217574.0,0.0,0.0
Jesus,MCI,FWD,9.3,0.7%,0.0,6.0,90.0,1.0,0.0,0.0,1.0,0.0,0.0,0.0,1.0,0.0,0.0,1.0,28.0,47.0,13.8,45.0,10.6,0.0,0.0,0.0,0.6,6.0,121853.0,206890.0,-2.0,2.0
Hegazi,WBA,DEF,4.3,0.4%,2.0,6.0,90.0,0.0,0.0,1.0,0.0,0.0,0.0,0.0,0.0,0.0,0.0,0.0,24.0,19.6,0.3,0.0,2.0,2.0,0.0,0.5,1.4,6.0,11713.0,64244.0,-2.0,2.0
Rodriguez,BUR,FWD,5.9,0.3%,0.7,3.0,88.0,0.0,0.0,0.0,3.0,0.0,0.0,0.0,1.0,0.0,0.0,0.0,8.0,3.8,12.8,13.0,3.0,0.7,0.0,0.1,0.5,1.0,7637.0,44101.0,-1.0,1.0
Poveda-Ocampo,LEE,MID,4.4,0.5%,0.7,3.0,88.0,0.0,0.0,0.0,0.0,0.0,0.0,0.0,0.0,0.0,0.0,0.0,8.0,12.8,16.1,43.0,7.2,0.7,0.0,0.2,0.7,1.0,32109.0,24454.0,-1.0,1.0
Hernández,LEE,MID,5.8,0.4%,0.7,4.0,87.0,0.0,0.0,0.0,3.0,0.0,0.0,0.0,0.0,0.0,0.0,0.0,9.0,8.6,17.4,34.0,6.1,0.7,0.0,0.1,0.7,1.3,14290.0,110553.0,-2.0,2.0
Robson-Kanu,WBA,FWD,5.3,0.1%,0.3,3.0,84.0,0.0,0.0,0.0,5.0,0.0,0.0,0.0,0.0,0.0,0.0,0.0,6.0,7.2,10.7,16.0,3.4,0.3,0.0,0.1,0.6,1.0,6615.0,26779.0,-2.0,2.0
Yarmolenko,WHU,MID,5.7,0.1%,0.7,3.0,81.0,0.0,0.0,0.0,2.0,0.0,0.0,0.0,1.0,0.0,0.0,0.0,7.0,5.4,17.2,29.0,5.0,0.7,0.0,0.1,0.5,0.8,2629.0,12632.0,-3.0,3.0
Fosu-Mensah,MUN,DEF,4.4,0.1%,0.0,0.0,80.0,0.0,0.0,0.0,2.0,0.0,0.0,0.0,1.0,0.0,0.0,0.0,17.0,17.8,30.5,16.0,6.4,0.0,0.0,0.0,0.0,0.0,3643.0,5954.0,-1.0,1.0
Brewster,SHU,FWD,4.5,6.9%,0.7,2.0,79.0,0.0,0.0,0.0,2.0,0.0,0.0,0.0,0.0,0.0,0.0,0.0,2.0,1.6,11.4,2.0,1.5,0.7,0.0,0.2,0.4,1.0,484259.0,382921.0,0.0,0.0
Shackleton,LEE,MID,4.8,0.0%,1.0,4.0,78.0,0.0,0.0,1.0,1.0,0.0,0.0,0.0,0.0,0.0,0.0,0.0,16.0,11.2,16.9,6.0,3.4,1.0,0.0,0.2,0.8,2.0,940.0,2529.0,-2.0,2.0
Groß,BHA,MID,5.8,0.1%,1.0,5.0,72.0,0.0,0.0,0.0,2.0,0.0,0.0,0.0,0.0,0.0,0.0,0.0,23.0,19.8,48.3,10.0,7.9,1.0,0.0,0.2,0.9,1.0,1451.0,7955.0,-2.0,2.0
Clyne,CRY,DEF,4.5,0.1%,3.0,6.0,71.0,0.0,0.0,1.0,0.0,0.0,0.0,0.0,0.0,0.0,0.0,0.0,20.0,4.2,0.4,0.0,0.5,3.0,0.0,0.7,1.3,6.0,4495.0,941.0,0.0,0.0
Noble,WHU,MID,4.8,0.7%,0.3,4.0,70.0,0.0,0.0,0.0,1.0,0.0,0.0,0.0,0.0,0.0,0.0,0.0,14.0,7.0,12.8,0.0,2.0,0.3,0.0,0.1,0.8,1.3,5470.0,102981.0,-2.0,2.0
Ritchie,NEW,MID,4.9,0.0%,0.0,2.0,68.0,0.0,0.0,0.0,1.0,0.0,0.0,0.0,0.0,0.0,0.0,0.0,10.0,11.6,23.3,18.0,5.3,0.0,0.0,0.0,0.4,2.0,1191.0,6266.0,-1.0,1.0
Milner,LIV,MID,5.3,0.1%,0.8,4.0,66.0,0.0,0.0,0.0,1.0,0.0,0.0,0.0,0.0,0.0,0.0,0.0,21.0,17.0,22.3,6.0,4.5,0.8,0.0,0.2,0.8,1.0,2125.0,9512.0,-2.0,2.0
Alli,TOT,MID,7.5,0.6%,0.3,2.0,66.0,0.0,0.0,0.0,0.0,0.0,0.0,0.0,0.0,0.0,0.0,0.0,8.0,9.4,13.7,25.0,4.8,0.3,0.0,0.0,0.3,1.0,16181.0,232483.0,-5.0,5.0
Delph,EVE,MID,4.9,0.0%,0.7,2.0,64.0,0.0,0.0,0.0,1.0,0.0,0.0,0.0,0.0,0.0,0.0,0.0,15.0,8.4,2.7,0.0,1.1,0.7,0.0,0.1,0.4,1.0,1505.0,2759.0,-1.0,1.0
Field,WBA,MID,4.8,0.0%,0.3,3.0,61.0,0.0,0.0,0.0,2.0,0.0,0.0,0.0,0.0,0.0,0.0,0.0,16.0,20.0,0.5,0.0,2.0,0.3,0.0,0.1,0.6,1.0,356.0,1384.0,-2.0,2.0
Brady,BUR,MID,5.0,0.0%,0.3,2.0,60.0,0.0,0.0,0.0,1.0,0.0,0.0,0.0,0.0,0.0,0.0,0.0,7.0,7.2,2.5,17.0,2.7,0.3,0.0,0.1,0.4,1.0,925.0,3379.0,0.0,0.0
van de Beek,MUN,MID,6.8,2.3%,0.7,9.0,60.0,1.0,0.0,0.0,4.0,0.0,0.0,0.0,0.0,0.0,0.0,0.0,31.0,41.6,16.5,31.0,8.9,0.7,0.0,0.1,1.3,2.2,149602.0,249937.0,-2.0,2.0
Minamino,LIV,MID,6.1,0.2%,0.8,4.0,57.0,0.0,0.0,0.0,3.0,0.0,0.0,0.0,0.0,0.0,0.0,0.0,12.0,7.2,1.6,30.0,3.8,0.8,0.0,0.1,0.7,1.0,2840.0,27858.0,-4.0,4.0
Jones,LIV,MID,4.4,0.5%,0.2,2.0,53.0,0.0,0.0,0.0,3.0,0.0,0.0,0.0,0.0,0.0,0.0,0.0,6.0,8.2,14.6,2.0,2.5,0.2,0.0,0.0,0.5,1.0,25461.0,30119.0,-1.0,1.0
Ünder,LEI,MID,5.9,0.1%,1.7,5.0,50.0,0.0,1.0,0.0,1.0,0.0,0.0,0.0,0.0,0.0,0.0,0.0,18.0,22.6,14.6,8.0,4.5,1.7,0.0,0.3,0.8,2.5,6208.0,3945.0,-1.0,1.0
Haller,WHU,FWD,6.1,0.2%,0.7,9.0,50.0,1.0,0.0,0.0,1.0,0.0,0.0,0.0,0.0,0.0,0.0,0.0,35.0,36.8,11.7,47.0,9.5,0.7,0.0,0.1,1.5,1.8,5384.0,31996.0,-4.0,4.0
Tella,SOU,MID,4.4,0.4%,0.3,3.0,48.0,0.0,0.0,0.0,2.0,0.0,0.0,0.0,0.0,0.0,0.0,0.0,9.0,3.0,1.8,3.0,0.7,0.3,0.0,0.1,0.7,1.0,27111.0,16520.0,-1.0,1.0
Tomori,CHE,DEF,4.8,0.3%,0.0,0.0,45.0,0.0,0.0,0.0,2.0,0.0,0.0,0.0,0.0,0.0,0.0,0.0,8.0,26.6,0.1,0.0,2.7,0.0,0.0,0.0,0.0,0.0,5614.0,17576.0,-2.0,2.0
Bernard,EVE,MID,5.8,0.1%,0.0,0.0,45.0,0.0,0.0,0.0,0.0,0.0,0.0,0.0,1.0,0.0,0.0,0.0,3.0,14.0,27.0,4.0,4.5,0.0,0.0,0.0,0.0,0.0,3192.0,9994.0,-2.0,2.0
Phillips,WBA,MID,5.2,0.1%,0.3,3.0,43.0,0.0,0.0,0.0,1.0,0.0,0.0,0.0,1.0,0.0,0.0,0.0,3.0,4.6,0.9,10.0,1.5,0.3,0.0,0.1,0.6,0.8,1442.0,7041.0,-3.0,3.0
Traoré,AVL,MID,5.9,0.0%,1.0,4.0,42.0,0.0,0.0,0.0,2.0,0.0,0.0,0.0,0.0,0.0,0.0,0.0,11.0,5.8,2.6,47.0,5.6,1.0,0.0,0.2,0.7,1.0,5576.0,3982.0,-1.0,1.0
Mustafi,ARS,DEF,5.0,0.0%,0.2,1.0,41.0,0.0,0.0,0.0,1.0,0.0,0.0,0.0,0.0,0.0,0.0,0.0,9.0,7.6,1.0,0.0,0.9,0.2,0.0,0.0,0.2,1.0,10131.0,10325.0,0.0,0.0
Johnson,WHU,DEF,4.0,2.2%,0.0,1.0,41.0,0.0,0.0,0.0,0.0,0.0,0.0,0.0,0.0,0.0,0.0,0.0,4.0,3.8,1.3,0.0,0.5,0.0,0.0,0.0,0.2,1.0,56878.0,91986.0,0.0,0.0
Fabio Silva,WOL,FWD,5.3,0.6%,0.0,2.0,40.0,0.0,0.0,0.0,3.0,0.0,0.0,0.0,0.0,0.0,0.0,0.0,3.0,3.2,13.1,40.0,5.6,0.0,0.0,0.0,0.4,1.0,24225.0,78244.0,-2.0,2.0
Delap,MCI,FWD,4.5,0.9%,0.0,1.0,39.0,0.0,0.0,0.0,4.0,0.0,0.0,0.0,0.0,0.0,0.0,0.0,0.0,0.0,0.3,4.0,0.2,0.0,0.0,0.0,0.2,1.0,113318.0,67767.0,0.0,0.0
Albrighton,LEI,MID,5.3,0.1%,0.3,3.0,35.0,0.0,0.0,0.0,0.0,0.0,0.0,0.0,0.0,0.0,0.0,0.0,13.0,3.0,11.8,2.0,1.6,0.3,0.0,0.1,0.6,1.0,2817.0,9916.0,-2.0,2.0
Mac Allister,BHA,MID,5.3,0.1%,3.3,10.0,32.0,1.0,0.0,0.0,1.0,0.0,0.0,0.0,0.0,0.0,0.0,3.0,26.0,42.4,1.4,7.0,5.1,3.3,0.0,0.6,1.9,5.0,1691.0,3035.0,-2.0,2.0
Gordon,EVE,MID,4.4,0.4%,0.3,1.0,32.0,0.0,0.0,0.0,0.0,0.0,0.0,0.0,0.0,0.0,0.0,0.0,4.0,4.2,1.2,2.0,0.7,0.3,0.0,0.1,0.2,1.0,13746.0,37597.0,-1.0,1.0
Cavani,MUN,FWD,8.0,0.6%,0.5,1.0,32.0,0.0,0.0,0.0,0.0,0.0,0.0,0.0,0.0,0.0,0.0,0.0,2.0,0.0,0.0,24.0,2.4,0.5,0.0,0.1,0.1,1.0,66514.0,25857.0,0.0,0.0
Hoever,WOL,DEF,4.5,0.0%,0.3,2.0,29.0,0.0,0.0,0.0,1.0,0.0,0.0,0.0,0.0,0.0,0.0,0.0,9.0,13.8,15.2,2.0,3.1,0.3,0.0,0.1,0.4,1.0,2323.0,1277.0,0.0,0.0
Davis,AVL,FWD,4.4,9.2%,0.0,1.0,28.0,0.0,0.0,0.0,0.0,0.0,0.0,0.0,0.0,0.0,0.0,0.0,3.0,4.4,12.9,6.0,2.3,0.0,0.0,0.0,0.2,1.0,408361.0,813788.0,-1.0,1.0
Jahanbakhsh,BHA,MID,5.4,0.0%,0.0,5.0,28.0,0.0,1.0,0.0,1.0,0.0,0.0,0.0,1.0,0.0,0.0,0.0,27.0,30.6,41.5,28.0,10.0,0.0,0.0,0.0,0.9,1.7,1081.0,3100.0,-1.0,1.0
Ziyech,CHE,MID,7.9,1.2%,0.7,2.0,27.0,0.0,0.0,0.0,1.0,0.0,0.0,0.0,0.0,0.0,0.0,0.0,6.0,3.0,15.9,0.0,1.9,0.7,0.0,0.1,0.3,1.0,62314.0,130957.0,-1.0,1.0
Long,SOU,FWD,5.3,0.7%,0.7,4.0,25.0,0.0,0.0,0.0,1.0,0.0,0.0,0.0,0.0,0.0,0.0,0.0,7.0,2.0,0.6,6.0,0.7,0.7,0.0,0.1,0.8,1.0,22957.0,78717.0,-2.0,2.0
Buur,WOL,DEF,4.0,2.5%,0.0,1.0,22.0,0.0,0.0,0.0,0.0,0.0,0.0,0.0,0.0,0.0,0.0,0.0,2.0,0.6,0.5,0.0,0.1,0.0,0.0,0.0,0.2,1.0,150358.0,126138.0,0.0,0.0
Harper,WBA,MID,4.4,0.5%,0.0,1.0,21.0,0.0,0.0,0.0,2.0,0.0,0.0,0.0,0.0,0.0,0.0,0.0,3.0,1.8,1.8,0.0,0.4,0.0,0.0,0.0,0.2,1.0,20522.0,27657.0,-1.0,1.0
Vitinha,WOL,MID,4.9,0.0%,0.0,2.0,21.0,0.0,0.0,0.0,1.0,0.0,0.0,0.0,0.0,0.0,0.0,0.0,8.0,8.6,12.9,0.0,2.2,0.0,0.0,0.0,0.4,1.0,846.0,2415.0,-1.0,1.0
Slimani,LEI,FWD,5.0,0.1%,0.5,1.0,19.0,0.0,0.0,0.0,1.0,0.0,0.0,0.0,0.0,0.0,0.0,0.0,3.0,0.2,11.7,6.0,1.8,0.5,0.0,0.1,0.2,1.0,4036.0,1366.0,0.0,0.0
van Aanholt,CRY,DEF,5.4,0.2%,0.3,1.0,18.0,0.0,0.0,0.0,1.0,0.0,0.0,0.0,0.0,0.0,0.0,0.0,2.0,3.8,0.7,7.0,1.2,0.3,0.0,0.1,0.2,1.0,16302.0,8534.0,-1.0,1.0
Lowe,SHU,DEF,4.4,0.1%,0.3,1.0,18.0,0.0,0.0,0.0,0.0,0.0,0.0,0.0,0.0,0.0,0.0,0.0,3.0,1.2,0.1,0.0,0.1,0.3,0.0,0.1,0.2,1.0,621.0,3003.0,-1.0,1.0
Bale,TOT,MID,9.5,1.2%,0.3,1.0,18.0,0.0,0.0,0.0,3.0,0.0,0.0,0.0,0.0,0.0,0.0,0.0,-1.0,2.2,0.0,11.0,1.3,0.3,0.0,0.0,0.1,1.0,121516.0,41611.0,0.0,0.0
Giroud,CHE,FWD,6.7,0.7%,0.0,1.0,17.0,0.0,0.0,0.0,0.0,0.0,0.0,0.0,0.0,0.0,0.0,0.0,3.0,0.0,1.8,6.0,0.8,0.0,0.0,0.0,0.1,1.0,10965.0,65113.0,-3.0,3.0
Raphinha,LEE,MID,5.5,0.0%,1.0,2.0,15.0,0.0,0.0,0.0,0.0,0.0,0.0,0.0,0.0,0.0,0.0,0.0,5.0,0.4,5.0,10.0,1.5,1.0,0.0,0.2,0.4,1.0,4236.0,1474.0,0.0,0.0
Sean Longstaff,NEW,MID,4.8,0.1%,0.7,3.0,14.0,0.0,0.0,0.0,1.0,0.0,0.0,0.0,0.0,0.0,0.0,0.0,8.0,2.0,0.9,1.0,0.3,0.7,0.0,0.1,0.6,1.0,1500.0,5573.0,-2.0,2.0
Nakamba,AVL,MID,4.4,0.4%,0.2,1.0,13.0,0.0,0.0,0.0,0.0,0.0,0.0,0.0,1.0,0.0,0.0,0.0,4.0,8.4,0.6,7.0,1.7,0.2,0.0,0.0,0.2,0.5,9574.0,22841.0,-1.0,1.0
Ramsey,AVL,MID,4.5,0.1%,0.2,1.0,13.0,0.0,0.0,0.0,0.0,0.0,0.0,0.0,0.0,0.0,0.0,0.0,4.0,0.0,0.0,0.0,0.0,0.2,0.0,0.0,0.2,1.0,4128.0,1773.0,0.0,0.0
Kean,EVE,FWD,5.8,0.2%,0.0,2.0,13.0,0.0,0.0,0.0,0.0,0.0,0.0,0.0,0.0,0.0,0.0,0.0,1.0,0.0,1.3,11.0,0.9,0.0,0.0,0.0,0.3,1.0,7771.0,32274.0,-2.0,2.0
Choudhury,LEI,MID,4.8,0.1%,0.7,2.0,13.0,0.0,0.0,0.0,1.0,0.0,0.0,0.0,0.0,0.0,0.0,0.0,8.0,3.2,1.6,0.0,0.5,0.7,0.0,0.1,0.4,1.0,1385.0,3947.0,-2.0,2.0
Davis,LEE,DEF,4.0,1.4%,0.3,1.0,13.0,0.0,0.0,0.0,0.0,0.0,0.0,0.0,0.0,0.0,0.0,0.0,1.0,0.0,0.3,0.0,0.0,0.3,0.0,0.1,0.2,1.0,39331.0,52663.0,0.0,0.0
Obafemi,SOU,FWD,4.8,1.3%,0.0,1.0,13.0,0.0,0.0,0.0,0.0,0.0,0.0,0.0,0.0,0.0,0.0,0.0,2.0,0.4,0.1,0.0,0.1,0.0,0.0,0.0,0.2,1.0,43425.0,135613.0,-2.0,2.0
Lanzini,WHU,MID,6.4,0.1%,1.7,5.0,13.0,1.0,0.0,0.0,0.0,0.0,0.0,0.0,1.0,0.0,0.0,0.0,19.0,34.4,0.5,7.0,4.2,1.7,0.0,0.3,0.8,5.0,4816.0,3984.0,-1.0,1.0
Zinchenko,MCI,DEF,5.5,0.2%,0.3,1.0,12.0,0.0,0.0,0.0,0.0,0.0,0.0,0.0,0.0,0.0,0.0,0.0,3.0,0.4,1.2,0.0,0.2,0.3,0.0,0.1,0.2,1.0,3321.0,20393.0,0.0,0.0
El Mohamady,AVL,DEF,4.4,0.3%,0.2,1.0,10.0,0.0,0.0,0.0,0.0,0.0,0.0,0.0,0.0,0.0,0.0,0.0,4.0,3.6,11.1,2.0,1.7,0.2,0.0,0.0,0.2,1.0,6822.0,18995.0,-1.0,1.0
Benteke,CRY,FWD,5.5,0.2%,0.3,2.0,10.0,0.0,0.0,0.0,1.0,0.0,0.0,0.0,0.0,0.0,0.0,0.0,5.0,4.0,0.0,6.0,1.0,0.3,0.0,0.1,0.4,1.0,16544.0,22697.0,0.0,0.0
Ighalo,MUN,FWD,6.2,0.2%,0.0,1.0,9.0,0.0,0.0,0.0,1.0,0.0,0.0,0.0,0.0,0.0,0.0,0.0,1.0,0.0,0.1,2.0,0.2,0.0,0.0,0.0,0.2,1.0,5524.0,17687.0,-3.0,3.0
Diallo,SOU,MID,4.5,0.0%,1.0,2.0,7.0,0.0,0.0,0.0,0.0,0.0,0.0,0.0,0.0,0.0,0.0,0.0,6.0,3.4,11.7,4.0,2.0,1.0,0.0,0.2,0.4,1.0,1033.0,312.0,0.0,0.0
Felipe Anderson,WHU,MID,6.2,0.2%,0.0,2.0,2.0,0.0,0.0,0.0,0.0,0.0,0.0,0.0,0.0,0.0,0.0,0.0,8.0,2.4,0.4,2.0,0.5,0.0,0.0,0.0,0.3,1.0,4600.0,32154.0,-3.0,3.0
Morgan,LEI,DEF,4.4,0.1%,0.0,1.0,1.0,0.0,0.0,0.0,0.0,0.0,0.0,0.0,0.0,0.0,0.0,0.0,3.0,0.2,0.0,0.0,0.0,0.0,0.0,0.0,0.2,1.0,5958.0,6686.0,-1.0,1.0
N'Lundulu,SOU,FWD,4.5,0.0%,1.0,1.0,1.0,0.0,0.0,0.0,0.0,0.0,0.0,0.0,0.0,0.0,0.0,0.0,3.0,0.0,0.0,0.0,0.0,1.0,0.0,0.2,0.2,1.0,1173.0,146.0,0.0,0.0
Rodon,TOT,DEF,5.0,0.0%,1.0,1.0,1.0,0.0,0.0,0.0,0.0,0.0,0.0,0.0,0.0,0.0,0.0,0.0,3.0,0.0,0.0,0.0,0.0,1.0,0.0,0.2,0.2,1.0,329.0,62.0,0.0,0.0
Snodgrass,WHU,MID,5.8,0.1%,0.3,1.0,1.0,0.0,0.0,0.0,0.0,0.0,0.0,0.0,0.0,0.0,0.0,0.0,3.0,0.0,0.3,0.0,0.0,0.3,0.0,0.1,0.2,1.0,785.0,6543.0,-2.0,2.0
Macey,ARS,GKP,4.0,1.2%,0.0,0.0,0.0,0.0,0.0,0.0,0.0,0.0,0.0,0.0,0.0,0.0,0.0,0.0,0.0,0.0,0.0,0.0,0.0,0.0,0.0,0.0,0.0,0.0,84958.0,32336.0,0.0,0.0
Rúnarsson,ARS,GKP,4.5,0.0%,0.0,0.0,0.0,0.0,0.0,0.0,0.0,0.0,0.0,0.0,0.0,0.0,0.0,0.0,0.0,0.0,0.0,0.0,0.0,0.0,0.0,0.0,0.0,0.0,944.0,554.0,0.0,0.0
Sokratis,ARS,DEF,4.9,0.1%,0.0,0.0,0.0,0.0,0.0,0.0,0.0,0.0,0.0,0.0,0.0,0.0,0.0,0.0,0.0,0.0,0.0,0.0,0.0,0.0,0.0,0.0,0.0,0.0,10193.0,17530.0,-1.0,1.0
Cédric,ARS,DEF,4.7,0.2%,0.0,0.0,0.0,0.0,0.0,0.0,0.0,0.0,0.0,0.0,0.0,0.0,0.0,0.0,0.0,0.0,0.0,0.0,0.0,0.0,0.0,0.0,0.0,0.0,2473.0,29292.0,-3.0,3.0
Marí,ARS,DEF,4.4,0.0%,0.0,0.0,0.0,0.0,0.0,0.0,0.0,0.0,0.0,0.0,0.0,0.0,0.0,0.0,0.0,0.0,0.0,0.0,0.0,0.0,0.0,0.0,0.0,0.0,251.0,631.0,-1.0,1.0
Chambers,ARS,DEF,4.5,0.0%,0.0,0.0,0.0,0.0,0.0,0.0,0.0,0.0,0.0,0.0,0.0,0.0,0.0,0.0,0.0,0.0,0.0,0.0,0.0,0.0,0.0,0.0,0.0,0.0,301.0,802.0,0.0,0.0
Saliba,ARS,DEF,4.2,0.9%,0.0,0.0,0.0,0.0,0.0,0.0,0.0,0.0,0.0,0.0,0.0,0.0,0.0,0.0,0.0,0.0,0.0,0.0,0.0,0.0,0.0,0.0,0.0,0.0,19496.0,181891.0,-3.0,3.0
Özil,ARS,MID,6.8,0.7%,0.0,0.0,0.0,0.0,0.0,0.0,0.0,0.0,0.0,0.0,0.0,0.0,0.0,0.0,0.0,0.0,0.0,0.0,0.0,0.0,0.0,0.0,0.0,0.0,3243.0,46324.0,-2.0,2.0
Torreira,ARS,MID,4.7,0.1%,0.0,0.0,0.0,0.0,0.0,0.0,0.0,0.0,0.0,0.0,0.0,0.0,0.0,0.0,0.0,0.0,0.0,0.0,0.0,0.0,0.0,0.0,0.0,0.0,3230.0,15133.0,-3.0,3.0
Willock,ARS,MID,4.8,0.1%,0.0,0.0,0.0,0.0,0.0,0.0,0.0,0.0,0.0,0.0,0.0,0.0,0.0,0.0,0.0,0.0,0.0,0.0,0.0,0.0,0.0,0.0,0.0,0.0,1855.0,5802.0,-2.0,2.0
Nelson,ARS,MID,5.2,0.1%,0.0,0.0,0.0,0.0,0.0,0.0,0.0,0.0,0.0,0.0,0.0,0.0,0.0,0.0,0.0,0.0,0.0,0.0,0.0,0.0,0.0,0.0,0.0,0.0,818.0,4401.0,-3.0,3.0
Smith Rowe,ARS,MID,4.4,0.2%,0.0,0.0,0.0,0.0,0.0,0.0,0.0,0.0,0.0,0.0,0.0,0.0,0.0,0.0,0.0,0.0,0.0,0.0,0.0,0.0,0.0,0.0,0.0,0.0,10320.0,13143.0,-1.0,1.0
Guendouzi,ARS,MID,4.7,0.1%,0.0,0.0,0.0,0.0,0.0,0.0,0.0,0.0,0.0,0.0,0.0,0.0,0.0,0.0,0.0,0.0,0.0,0.0,0.0,0.0,0.0,0.0,0.0,0.0,2571.0,11280.0,-3.0,3.0
Martinelli,ARS,MID,4.9,0.0%,0.0,0.0,0.0,0.0,0.0,0.0,0.0,0.0,0.0,0.0,0.0,0.0,0.0,0.0,0.0,0.0,0.0,0.0,0.0,0.0,0.0,0.0,0.0,0.0,641.0,2098.0,-1.0,1.0
Heaton,AVL,GKP,4.5,0.0%,0.0,0.0,0.0,0.0,0.0,0.0,0.0,0.0,0.0,0.0,0.0,0.0,0.0,0.0,0.0,0.0,0.0,0.0,0.0,0.0,0.0,0.0,0.0,0.0,897.0,2382.0,0.0,0.0
Steer,AVL,GKP,4.0,5.6%,0.0,0.0,0.0,0.0,0.0,0.0,0.0,0.0,0.0,0.0,0.0,0.0,0.0,0.0,0.0,0.0,0.0,0.0,0.0,0.0,0.0,0.0,0.0,0.0,159678.0,121581.0,0.0,0.0
Nyland,AVL,GKP,4.0,9.9%,0.0,0.0,0.0,0.0,0.0,0.0,0.0,0.0,0.0,0.0,0.0,0.0,0.0,0.0,0.0,0.0,0.0,0.0,0.0,0.0,0.0,0.0,0.0,0.0,143218.0,493695.0,0.0,0.0
Taylor,AVL,DEF,4.4,0.2%,0.0,0.0,0.0,0.0,0.0,0.0,0.0,0.0,0.0,0.0,0.0,0.0,0.0,0.0,0.0,0.0,0.0,0.0,0.0,0.0,0.0,0.0,0.0,0.0,8004.0,16691.0,-1.0,1.0
Engels,AVL,DEF,4.4,0.1%,0.0,0.0,0.0,0.0,0.0,0.0,0.0,0.0,0.0,0.0,0.0,0.0,0.0,0.0,0.0,0.0,0.0,0.0,0.0,0.0,0.0,0.0,0.0,0.0,10264.0,16219.0,-1.0,1.0
Hause,AVL,DEF,4.4,0.0%,0.0,0.0,0.0,0.0,0.0,0.0,0.0,0.0,0.0,0.0,0.0,0.0,0.0,0.0,0.0,0.0,0.0,0.0,0.0,0.0,0.0,0.0,0.0,0.0,623.0,3688.0,-1.0,1.0
Bree,AVL,DEF,4.5,0.0%,0.0,0.0,0.0,0.0,0.0,0.0,0.0,0.0,0.0,0.0,0.0,0.0,0.0,0.0,0.0,0.0,0.0,0.0,0.0,0.0,0.0,0.0,0.0,0.0,9784.0,10182.0,0.0,0.0
Guilbert,AVL,DEF,4.4,0.1%,0.0,0.0,0.0,0.0,0.0,0.0,0.0,0.0,0.0,0.0,0.0,0.0,0.0,0.0,0.0,0.0,0.0,0.0,0.0,0.0,0.0,0.0,0.0,0.0,1053.0,5311.0,-1.0,1.0
Lansbury,AVL,MID,4.4,0.2%,0.0,0.0,0.0,0.0,0.0,0.0,0.0,0.0,0.0,0.0,0.0,0.0,0.0,0.0,0.0,0.0,0.0,0.0,0.0,0.0,0.0,0.0,0.0,0.0,4160.0,11524.0,-1.0,1.0
Jota,AVL,MID,5.9,0.1%,0.0,0.0,0.0,0.0,0.0,0.0,0.0,0.0,0.0,0.0,0.0,0.0,0.0,0.0,0.0,0.0,0.0,0.0,0.0,0.0,0.0,0.0,0.0,0.0,1373.0,6521.0,-1.0,1.0
El Ghazi,AVL,MID,5.8,0.1%,0.0,0.0,0.0,0.0,0.0,0.0,0.0,0.0,0.0,0.0,0.0,0.0,0.0,0.0,0.0,0.0,0.0,0.0,0.0,0.0,0.0,0.0,0.0,0.0,2629.0,8295.0,-2.0,2.0
Wesley,AVL,FWD,6.0,0.0%,0.0,0.0,0.0,0.0,0.0,0.0,0.0,0.0,0.0,0.0,0.0,0.0,0.0,0.0,0.0,0.0,0.0,0.0,0.0,0.0,0.0,0.0,0.0,0.0,455.0,833.0,0.0,0.0
Samatta,AVL,FWD,5.9,0.0%,0.0,0.0,0.0,0.0,0.0,0.0,0.0,0.0,0.0,0.0,0.0,0.0,0.0,0.0,0.0,0.0,0.0,0.0,0.0,0.0,0.0,0.0,0.0,0.0,1522.0,7753.0,-1.0,1.0
Vassilev,AVL,FWD,4.4,0.9%,0.0,0.0,0.0,0.0,0.0,0.0,0.0,0.0,0.0,0.0,0.0,0.0,0.0,0.0,0.0,0.0,0.0,0.0,0.0,0.0,0.0,0.0,0.0,0.0,41688.0,116946.0,-1.0,1.0
Walton,BHA,GKP,4.0,1.2%,0.0,0.0,0.0,0.0,0.0,0.0,0.0,0.0,0.0,0.0,0.0,0.0,0.0,0.0,0.0,0.0,0.0,0.0,0.0,0.0,0.0,0.0,0.0,0.0,15749.0,43539.0,0.0,0.0
Steele,BHA,GKP,4.0,0.8%,0.0,0.0,0.0,0.0,0.0,0.0,0.0,0.0,0.0,0.0,0.0,0.0,0.0,0.0,0.0,0.0,0.0,0.0,0.0,0.0,0.0,0.0,0.0,0.0,56510.0,16488.0,0.0,0.0
Duffy,BHA,DEF,4.4,0.0%,0.0,0.0,0.0,0.0,0.0,0.0,0.0,0.0,0.0,0.0,0.0,0.0,0.0,0.0,0.0,0.0,0.0,0.0,0.0,0.0,0.0,0.0,0.0,0.0,454.0,4536.0,-1.0,1.0
Montoya,BHA,DEF,4.5,0.0%,0.0,0.0,0.0,0.0,0.0,0.0,0.0,0.0,0.0,0.0,0.0,0.0,0.0,0.0,0.0,0.0,0.0,0.0,0.0,0.0,0.0,0.0,0.0,0.0,138.0,833.0,0.0,0.0
Clarke,BHA,DEF,4.4,0.0%,0.0,0.0,0.0,0.0,0.0,0.0,0.0,0.0,0.0,0.0,0.0,0.0,0.0,0.0,0.0,0.0,0.0,0.0,0.0,0.0,0.0,0.0,0.0,0.0,175.0,464.0,-1.0,1.0
Bernardo,BHA,DEF,4.0,8.4%,0.0,0.0,0.0,0.0,0.0,0.0,0.0,0.0,0.0,0.0,0.0,0.0,0.0,0.0,0.0,0.0,0.0,0.0,0.0,0.0,0.0,0.0,0.0,0.0,122887.0,406128.0,0.0,0.0
Pröpper,BHA,MID,4.9,0.0%,0.0,0.0,0.0,0.0,0.0,0.0,0.0,0.0,0.0,0.0,0.0,0.0,0.0,0.0,0.0,0.0,0.0,0.0,0.0,0.0,0.0,0.0,0.0,0.0,593.0,4625.0,-1.0,1.0
Mooy,BHA,MID,5.0,0.0%,0.0,0.0,0.0,0.0,0.0,0.0,0.0,0.0,0.0,0.0,0.0,0.0,0.0,0.0,0.0,0.0,0.0,0.0,0.0,0.0,0.0,0.0,0.0,0.0,9826.0,10945.0,0.0,0.0
Izquierdo,BHA,MID,5.5,0.0%,0.0,0.0,0.0,0.0,0.0,0.0,0.0,0.0,0.0,0.0,0.0,0.0,0.0,0.0,0.0,0.0,0.0,0.0,0.0,0.0,0.0,0.0,0.0,0.0,9791.0,9818.0,0.0,0.0
Molumby,BHA,MID,4.5,0.0%,0.0,0.0,0.0,0.0,0.0,0.0,0.0,0.0,0.0,0.0,0.0,0.0,0.0,0.0,0.0,0.0,0.0,0.0,0.0,0.0,0.0,0.0,0.0,0.0,943.0,455.0,0.0,0.0
Murray,BHA,FWD,4.9,0.1%,0.0,0.0,0.0,0.0,0.0,0.0,0.0,0.0,0.0,0.0,0.0,0.0,0.0,0.0,0.0,0.0,0.0,0.0,0.0,0.0,0.0,0.0,0.0,0.0,4117.0,15440.0,-1.0,1.0
Andone,BHA,FWD,4.8,0.1%,0.0,0.0,0.0,0.0,0.0,0.0,0.0,0.0,0.0,0.0,0.0,0.0,0.0,0.0,0.0,0.0,0.0,0.0,0.0,0.0,0.0,0.0,0.0,0.0,11041.0,26859.0,-2.0,2.0
Zeqiri,BHA,FWD,5.0,0.0%,0.0,0.0,0.0,0.0,0.0,0.0,0.0,0.0,0.0,0.0,0.0,0.0,0.0,0.0,0.0,0.0,0.0,0.0,0.0,0.0,0.0,0.0,0.0,0.0,1324.0,556.0,0.0,0.0
Welbeck,BHA,FWD,5.5,0.0%,0.0,0.0,0.0,0.0,0.0,0.0,0.0,0.0,0.0,0.0,0.0,0.0,0.0,0.0,0.0,0.0,0.0,0.0,0.0,0.0,0.0,0.0,0.0,0.0,1137.0,381.0,0.0,0.0
Peacock-Farrell,BUR,GKP,4.0,1.4%,0.0,0.0,0.0,0.0,0.0,0.0,0.0,0.0,0.0,0.0,0.0,0.0,0.0,0.0,0.0,0.0,0.0,0.0,0.0,0.0,0.0,0.0,0.0,0.0,31808.0,29957.0,0.0,0.0
Norris,BUR,GKP,4.0,0.0%,0.0,0.0,0.0,0.0,0.0,0.0,0.0,0.0,0.0,0.0,0.0,0.0,0.0,0.0,0.0,0.0,0.0,0.0,0.0,0.0,0.0,0.0,0.0,0.0,3000.0,282.0,0.0,0.0
Mee,BUR,DEF,4.9,0.1%,0.0,0.0,0.0,0.0,0.0,0.0,0.0,0.0,0.0,0.0,0.0,0.0,0.0,0.0,0.0,0.0,0.0,0.0,0.0,0.0,0.0,0.0,0.0,0.0,531.0,18013.0,-1.0,1.0
Gibson,BUR,DEF,4.0,0.2%,0.0,0.0,0.0,0.0,0.0,0.0,0.0,0.0,0.0,0.0,0.0,0.0,0.0,0.0,0.0,0.0,0.0,0.0,0.0,0.0,0.0,0.0,0.0,0.0,2967.0,12194.0,0.0,0.0
Thomas,BUR,DEF,4.0,0.6%,0.0,0.0,0.0,0.0,0.0,0.0,0.0,0.0,0.0,0.0,0.0,0.0,0.0,0.0,0.0,0.0,0.0,0.0,0.0,0.0,0.0,0.0,0.0,0.0,21248.0,16367.0,0.0,0.0
Driscoll-Glennon,BUR,DEF,4.0,0.1%,0.0,0.0,0.0,0.0,0.0,0.0,0.0,0.0,0.0,0.0,0.0,0.0,0.0,0.0,0.0,0.0,0.0,0.0,0.0,0.0,0.0,0.0,0.0,0.0,2529.0,1552.0,0.0,0.0
Cork,BUR,MID,5.0,0.0%,0.0,0.0,0.0,0.0,0.0,0.0,0.0,0.0,0.0,0.0,0.0,0.0,0.0,0.0,0.0,0.0,0.0,0.0,0.0,0.0,0.0,0.0,0.0,0.0,9858.0,10444.0,0.0,0.0
Benson,BUR,MID,4.5,0.0%,0.0,0.0,0.0,0.0,0.0,0.0,0.0,0.0,0.0,0.0,0.0,0.0,0.0,0.0,0.0,0.0,0.0,0.0,0.0,0.0,0.0,0.0,0.0,0.0,1285.0,682.0,0.0,0.0
Goodridge,BUR,MID,4.5,0.0%,0.0,0.0,0.0,0.0,0.0,0.0,0.0,0.0,0.0,0.0,0.0,0.0,0.0,0.0,0.0,0.0,0.0,0.0,0.0,0.0,0.0,0.0,0.0,0.0,356.0,189.0,0.0,0.0
Rüdiger,CHE,DEF,4.6,0.8%,0.0,0.0,0.0,0.0,0.0,0.0,0.0,0.0,0.0,0.0,0.0,0.0,0.0,0.0,0.0,0.0,0.0,0.0,0.0,0.0,0.0,0.0,0.0,0.0,16617.0,118079.0,-4.0,4.0
Emerson,CHE,DEF,4.8,0.2%,0.0,0.0,0.0,0.0,0.0,0.0,0.0,0.0,0.0,0.0,0.0,0.0,0.0,0.0,0.0,0.0,0.0,0.0,0.0,0.0,0.0,0.0,0.0,0.0,2275.0,8680.0,-2.0,2.0
Gilmour,CHE,MID,4.4,0.1%,0.0,0.0,0.0,0.0,0.0,0.0,0.0,0.0,0.0,0.0,0.0,0.0,0.0,0.0,0.0,0.0,0.0,0.0,0.0,0.0,0.0,0.0,0.0,0.0,2163.0,7185.0,-1.0,1.0
Hennessey,CRY,GKP,4.4,0.5%,0.0,0.0,0.0,0.0,0.0,0.0,0.0,0.0,0.0,0.0,0.0,0.0,0.0,0.0,0.0,0.0,0.0,0.0,0.0,0.0,0.0,0.0,0.0,0.0,5910.0,28479.0,-1.0,1.0
Henderson,CRY,GKP,4.0,0.2%,0.0,0.0,0.0,0.0,0.0,0.0,0.0,0.0,0.0,0.0,0.0,0.0,0.0,0.0,0.0,0.0,0.0,0.0,0.0,0.0,0.0,0.0,0.0,0.0,11049.0,1053.0,0.0,0.0
Butland,CRY,GKP,4.5,0.0%,0.0,0.0,0.0,0.0,0.0,0.0,0.0,0.0,0.0,0.0,0.0,0.0,0.0,0.0,0.0,0.0,0.0,0.0,0.0,0.0,0.0,0.0,0.0,0.0,928.0,316.0,0.0,0.0
Tomkins,CRY,DEF,4.5,0.0%,0.0,0.0,0.0,0.0,0.0,0.0,0.0,0.0,0.0,0.0,0.0,0.0,0.0,0.0,0.0,0.0,0.0,0.0,0.0,0.0,0.0,0.0,0.0,0.0,746.0,585.0,0.0,0.0
Kelly,CRY,DEF,4.3,0.5%,0.0,0.0,0.0,0.0,0.0,0.0,0.0,0.0,0.0,0.0,0.0,0.0,0.0,0.0,0.0,0.0,0.0,0.0,0.0,0.0,0.0,0.0,0.0,0.0,5454.0,53322.0,-2.0,2.0
Ferguson,CRY,DEF,4.0,0.9%,0.0,0.0,0.0,0.0,0.0,0.0,0.0,0.0,0.0,0.0,0.0,0.0,0.0,0.0,0.0,0.0,0.0,0.0,0.0,0.0,0.0,0.0,0.0,0.0,24454.0,71646.0,0.0,0.0
Woods,CRY,DEF,4.0,0.7%,0.0,0.0,0.0,0.0,0.0,0.0,0.0,0.0,0.0,0.0,0.0,0.0,0.0,0.0,0.0,0.0,0.0,0.0,0.0,0.0,0.0,0.0,0.0,0.0,47087.0,18404.0,0.0,0.0
Inniss,CRY,DEF,4.0,0.1%,0.0,0.0,0.0,0.0,0.0,0.0,0.0,0.0,0.0,0.0,0.0,0.0,0.0,0.0,0.0,0.0,0.0,0.0,0.0,0.0,0.0,0.0,0.0,0.0,4476.0,3998.0,0.0,0.0
Meyer,CRY,MID,4.8,0.0%,0.0,0.0,0.0,0.0,0.0,0.0,0.0,0.0,0.0,0.0,0.0,0.0,0.0,0.0,0.0,0.0,0.0,0.0,0.0,0.0,0.0,0.0,0.0,0.0,1052.0,2889.0,-2.0,2.0
Pierrick,CRY,MID,4.4,0.1%,0.0,0.0,0.0,0.0,0.0,0.0,0.0,0.0,0.0,0.0,0.0,0.0,0.0,0.0,0.0,0.0,0.0,0.0,0.0,0.0,0.0,0.0,0.0,0.0,4725.0,5520.0,-1.0,1.0
Wickham,CRY,FWD,4.5,0.7%,0.0,0.0,0.0,0.0,0.0,0.0,0.0,0.0,0.0,0.0,0.0,0.0,0.0,0.0,0.0,0.0,0.0,0.0,0.0,0.0,0.0,0.0,0.0,0.0,27434.0,71285.0,0.0,0.0
Lössl,EVE,GKP,4.4,0.1%,0.0,0.0,0.0,0.0,0.0,0.0,0.0,0.0,0.0,0.0,0.0,0.0,0.0,0.0,0.0,0.0,0.0,0.0,0.0,0.0,0.0,0.0,0.0,0.0,1706.0,5343.0,-1.0,1.0
Virgínia,EVE,GKP,4.4,0.1%,0.0,0.0,0.0,0.0,0.0,0.0,0.0,0.0,0.0,0.0,0.0,0.0,0.0,0.0,0.0,0.0,0.0,0.0,0.0,0.0,0.0,0.0,0.0,0.0,674.0,2638.0,-1.0,1.0
Olsen,EVE,GKP,4.5,0.0%,0.0,0.0,0.0,0.0,0.0,0.0,0.0,0.0,0.0,0.0,0.0,0.0,0.0,0.0,0.0,0.0,0.0,0.0,0.0,0.0,0.0,0.0,0.0,0.0,1792.0,600.0,0.0,0.0
Kenny,EVE,DEF,4.3,0.1%,0.0,0.0,0.0,0.0,0.0,0.0,0.0,0.0,0.0,0.0,0.0,0.0,0.0,0.0,0.0,0.0,0.0,0.0,0.0,0.0,0.0,0.0,0.0,0.0,2889.0,12844.0,-2.0,2.0
Holgate,EVE,DEF,4.8,0.0%,0.0,0.0,0.0,0.0,0.0,0.0,0.0,0.0,0.0,0.0,0.0,0.0,0.0,0.0,0.0,0.0,0.0,0.0,0.0,0.0,0.0,0.0,0.0,0.0,276.0,5821.0,-2.0,2.0
Branthwaite,EVE,DEF,3.9,2.2%,0.0,0.0,0.0,0.0,0.0,0.0,0.0,0.0,0.0,0.0,0.0,0.0,0.0,0.0,0.0,0.0,0.0,0.0,0.0,0.0,0.0,0.0,0.0,0.0,85523.0,191714.0,-1.0,1.0
Nkounkou,EVE,DEF,4.0,0.1%,0.0,0.0,0.0,0.0,0.0,0.0,0.0,0.0,0.0,0.0,0.0,0.0,0.0,0.0,0.0,0.0,0.0,0.0,0.0,0.0,0.0,0.0,0.0,0.0,8082.0,2440.0,0.0,0.0
Gbamin,EVE,MID,5.0,0.0%,0.0,0.0,0.0,0.0,0.0,0.0,0.0,0.0,0.0,0.0,0.0,0.0,0.0,0.0,0.0,0.0,0.0,0.0,0.0,0.0,0.0,0.0,0.0,0.0,128.0,139.0,0.0,0.0
Tosun,EVE,FWD,6.0,0.0%,0.0,0.0,0.0,0.0,0.0,0.0,0.0,0.0,0.0,0.0,0.0,0.0,0.0,0.0,0.0,0.0,0.0,0.0,0.0,0.0,0.0,0.0,0.0,0.0,379.0,571.0,0.0,0.0
Fabri,FUL,GKP,4.0,1.8%,0.0,0.0,0.0,0.0,0.0,0.0,0.0,0.0,0.0,0.0,0.0,0.0,0.0,0.0,0.0,0.0,0.0,0.0,0.0,0.0,0.0,0.0,0.0,0.0,26634.0,35325.0,0.0,0.0
Bettinelli,FUL,GKP,4.4,0.0%,0.0,0.0,0.0,0.0,0.0,0.0,0.0,0.0,0.0,0.0,0.0,0.0,0.0,0.0,0.0,0.0,0.0,0.0,0.0,0.0,0.0,0.0,0.0,0.0,392.0,3991.0,-1.0,1.0
Christie,FUL,DEF,4.3,0.0%,0.0,0.0,0.0,0.0,0.0,0.0,0.0,0.0,0.0,0.0,0.0,0.0,0.0,0.0,0.0,0.0,0.0,0.0,0.0,0.0,0.0,0.0,0.0,0.0,410.0,8468.0,-2.0,2.0
Mawson,FUL,DEF,4.4,0.0%,0.0,0.0,0.0,0.0,0.0,0.0,0.0,0.0,0.0,0.0,0.0,0.0,0.0,0.0,0.0,0.0,0.0,0.0,0.0,0.0,0.0,0.0,0.0,0.0,180.0,1288.0,-1.0,1.0
Sessegnon,FUL,DEF,4.4,0.1%,0.0,0.0,0.0,0.0,0.0,0.0,0.0,0.0,0.0,0.0,0.0,0.0,0.0,0.0,0.0,0.0,0.0,0.0,0.0,0.0,0.0,0.0,0.0,0.0,366.0,7358.0,-1.0,1.0
Andersen,FUL,DEF,4.5,0.0%,0.0,0.0,0.0,0.0,0.0,0.0,0.0,0.0,0.0,0.0,0.0,0.0,0.0,0.0,0.0,0.0,0.0,0.0,0.0,0.0,0.0,0.0,0.0,0.0,184.0,150.0,0.0,0.0
Kongolo,FUL,DEF,4.5,0.0%,0.0,0.0,0.0,0.0,0.0,0.0,0.0,0.0,0.0,0.0,0.0,0.0,0.0,0.0,0.0,0.0,0.0,0.0,0.0,0.0,0.0,0.0,0.0,0.0,52.0,29.0,0.0,0.0
McDonald,FUL,MID,4.8,0.0%,0.0,0.0,0.0,0.0,0.0,0.0,0.0,0.0,0.0,0.0,0.0,0.0,0.0,0.0,0.0,0.0,0.0,0.0,0.0,0.0,0.0,0.0,0.0,0.0,764.0,4346.0,-2.0,2.0
Johansen,FUL,MID,4.8,0.0%,0.0,0.0,0.0,0.0,0.0,0.0,0.0,0.0,0.0,0.0,0.0,0.0,0.0,0.0,0.0,0.0,0.0,0.0,0.0,0.0,0.0,0.0,0.0,0.0,337.0,2522.0,-2.0,2.0
Knockaert,FUL,MID,5.2,0.1%,0.0,0.0,0.0,0.0,0.0,0.0,0.0,0.0,0.0,0.0,0.0,0.0,0.0,0.0,0.0,0.0,0.0,0.0,0.0,0.0,0.0,0.0,0.0,0.0,923.0,10915.0,-3.0,3.0
Seri,FUL,MID,4.7,0.1%,0.0,0.0,0.0,0.0,0.0,0.0,0.0,0.0,0.0,0.0,0.0,0.0,0.0,0.0,0.0,0.0,0.0,0.0,0.0,0.0,0.0,0.0,0.0,0.0,2675.0,8557.0,-3.0,3.0
Ward,LEI,GKP,4.4,0.2%,0.0,0.0,0.0,0.0,0.0,0.0,0.0,0.0,0.0,0.0,0.0,0.0,0.0,0.0,0.0,0.0,0.0,0.0,0.0,0.0,0.0,0.0,0.0,0.0,1714.0,5884.0,-1.0,1.0
Pereira,LEI,DEF,5.9,0.1%,0.0,0.0,0.0,0.0,0.0,0.0,0.0,0.0,0.0,0.0,0.0,0.0,0.0,0.0,0.0,0.0,0.0,0.0,0.0,0.0,0.0,0.0,0.0,0.0,1741.0,6858.0,-1.0,1.0
Benkovic,LEI,DEF,4.3,0.0%,0.0,0.0,0.0,0.0,0.0,0.0,0.0,0.0,0.0,0.0,0.0,0.0,0.0,0.0,0.0,0.0,0.0,0.0,0.0,0.0,0.0,0.0,0.0,0.0,163.0,4233.0,-2.0,2.0
Thomas,LEI,DEF,4.3,0.2%,0.0,0.0,0.0,0.0,0.0,0.0,0.0,0.0,0.0,0.0,0.0,0.0,0.0,0.0,0.0,0.0,0.0,0.0,0.0,0.0,0.0,0.0,0.0,0.0,4503.0,20941.0,-2.0,2.0
Silva,LEI,MID,4.4,0.4%,0.0,0.0,0.0,0.0,0.0,0.0,0.0,0.0,0.0,0.0,0.0,0.0,0.0,0.0,0.0,0.0,0.0,0.0,0.0,0.0,0.0,0.0,0.0,0.0,8281.0,35101.0,-1.0,1.0
James,LEI,MID,4.4,0.3%,0.0,0.0,0.0,0.0,0.0,0.0,0.0,0.0,0.0,0.0,0.0,0.0,0.0,0.0,0.0,0.0,0.0,0.0,0.0,0.0,0.0,0.0,0.0,0.0,15774.0,33578.0,-1.0,1.0
Gray,LEI,MID,5.3,0.1%,0.0,0.0,0.0,0.0,0.0,0.0,0.0,0.0,0.0,0.0,0.0,0.0,0.0,0.0,0.0,0.0,0.0,0.0,0.0,0.0,0.0,0.0,0.0,0.0,1529.0,10740.0,-2.0,2.0
Casilla,LEE,GKP,4.3,1.2%,0.0,0.0,0.0,0.0,0.0,0.0,0.0,0.0,0.0,0.0,0.0,0.0,0.0,0.0,0.0,0.0,0.0,0.0,0.0,0.0,0.0,0.0,0.0,0.0,13268.0,94200.0,-2.0,2.0
Miazek,LEE,GKP,4.0,1.6%,0.0,0.0,0.0,0.0,0.0,0.0,0.0,0.0,0.0,0.0,0.0,0.0,0.0,0.0,0.0,0.0,0.0,0.0,0.0,0.0,0.0,0.0,0.0,0.0,21658.0,61077.0,0.0,0.0
Caprile,LEE,GKP,4.0,0.3%,0.0,0.0,0.0,0.0,0.0,0.0,0.0,0.0,0.0,0.0,0.0,0.0,0.0,0.0,0.0,0.0,0.0,0.0,0.0,0.0,0.0,0.0,0.0,0.0,19403.0,5082.0,0.0,0.0
Douglas,LEE,DEF,3.9,6.9%,0.0,0.0,0.0,0.0,0.0,0.0,0.0,0.0,0.0,0.0,0.0,0.0,0.0,0.0,0.0,0.0,0.0,0.0,0.0,0.0,0.0,0.0,0.0,0.0,149904.0,643278.0,-1.0,1.0
Casey,LEE,DEF,3.9,0.9%,0.0,0.0,0.0,0.0,0.0,0.0,0.0,0.0,0.0,0.0,0.0,0.0,0.0,0.0,0.0,0.0,0.0,0.0,0.0,0.0,0.0,0.0,0.0,0.0,24602.0,27665.0,-1.0,1.0
Llorente,LEE,DEF,4.4,0.0%,0.0,0.0,0.0,0.0,0.0,0.0,0.0,0.0,0.0,0.0,0.0,0.0,0.0,0.0,0.0,0.0,0.0,0.0,0.0,0.0,0.0,0.0,0.0,0.0,2494.0,2128.0,-1.0,1.0
Forshaw,LEE,MID,4.8,0.0%,0.0,0.0,0.0,0.0,0.0,0.0,0.0,0.0,0.0,0.0,0.0,0.0,0.0,0.0,0.0,0.0,0.0,0.0,0.0,0.0,0.0,0.0,0.0,0.0,123.0,1532.0,-2.0,2.0
Grot,LEE,MID,4.8,0.0%,0.0,0.0,0.0,0.0,0.0,0.0,0.0,0.0,0.0,0.0,0.0,0.0,0.0,0.0,0.0,0.0,0.0,0.0,0.0,0.0,0.0,0.0,0.0,0.0,780.0,2387.0,-2.0,2.0
Stevens,LEE,MID,4.4,0.7%,0.0,0.0,0.0,0.0,0.0,0.0,0.0,0.0,0.0,0.0,0.0,0.0,0.0,0.0,0.0,0.0,0.0,0.0,0.0,0.0,0.0,0.0,0.0,0.0,17191.0,74521.0,-1.0,1.0
Bogusz,LEE,MID,4.4,0.0%,0.0,0.0,0.0,0.0,0.0,0.0,0.0,0.0,0.0,0.0,0.0,0.0,0.0,0.0,0.0,0.0,0.0,0.0,0.0,0.0,0.0,0.0,0.0,0.0,2030.0,1666.0,-1.0,1.0
Kelleher,LIV,GKP,4.5,0.0%,0.0,0.0,0.0,0.0,0.0,0.0,0.0,0.0,0.0,0.0,0.0,0.0,0.0,0.0,0.0,0.0,0.0,0.0,0.0,0.0,0.0,0.0,0.0,0.0,370.0,216.0,0.0,0.0
Tsimikas,LIV,DEF,4.9,0.0%,0.0,0.0,0.0,0.0,0.0,0.0,0.0,0.0,0.0,0.0,0.0,0.0,0.0,0.0,0.0,0.0,0.0,0.0,0.0,0.0,0.0,0.0,0.0,0.0,492.0,2724.0,-1.0,1.0
Williams,LIV,DEF,4.0,3.2%,0.0,0.0,0.0,0.0,0.0,0.0,0.0,0.0,0.0,0.0,0.0,0.0,0.0,0.0,0.0,0.0,0.0,0.0,0.0,0.0,0.0,0.0,0.0,0.0,65757.0,143630.0,0.0,0.0
Phillips,LIV,DEF,4.0,0.0%,0.0,0.0,0.0,0.0,0.0,0.0,0.0,0.0,0.0,0.0,0.0,0.0,0.0,0.0,0.0,0.0,0.0,0.0,0.0,0.0,0.0,0.0,0.0,0.0,215.0,35.0,0.0,0.0
Shaqiri,LIV,MID,6.4,0.1%,0.0,0.0,0.0,0.0,0.0,0.0,0.0,0.0,0.0,0.0,0.0,0.0,0.0,0.0,0.0,0.0,0.0,0.0,0.0,0.0,0.0,0.0,0.0,0.0,875.0,2946.0,-1.0,1.0
Chamberlain,LIV,MID,6.4,0.0%,0.0,0.0,0.0,0.0,0.0,0.0,0.0,0.0,0.0,0.0,0.0,0.0,0.0,0.0,0.0,0.0,0.0,0.0,0.0,0.0,0.0,0.0,0.0,0.0,382.0,2470.0,-1.0,1.0
Harry Wilson,LIV,MID,5.2,0.0%,0.0,0.0,0.0,0.0,0.0,0.0,0.0,0.0,0.0,0.0,0.0,0.0,0.0,0.0,0.0,0.0,0.0,0.0,0.0,0.0,0.0,0.0,0.0,0.0,430.0,5324.0,-3.0,3.0
Elliott,LIV,MID,4.4,0.2%,0.0,0.0,0.0,0.0,0.0,0.0,0.0,0.0,0.0,0.0,0.0,0.0,0.0,0.0,0.0,0.0,0.0,0.0,0.0,0.0,0.0,0.0,0.0,0.0,9813.0,12543.0,-1.0,1.0
Origi,LIV,FWD,5.3,0.7%,0.0,0.0,0.0,0.0,0.0,0.0,0.0,0.0,0.0,0.0,0.0,0.0,0.0,0.0,0.0,0.0,0.0,0.0,0.0,0.0,0.0,0.0,0.0,0.0,14583.0,61173.0,-2.0,2.0
Bravo,MCI,GKP,4.5,0.0%,0.0,0.0,0.0,0.0,0.0,0.0,0.0,0.0,0.0,0.0,0.0,0.0,0.0,0.0,0.0,0.0,0.0,0.0,0.0,0.0,0.0,0.0,0.0,0.0,380.0,1338.0,0.0,0.0
Steffen,MCI,GKP,4.5,0.0%,0.0,0.0,0.0,0.0,0.0,0.0,0.0,0.0,0.0,0.0,0.0,0.0,0.0,0.0,0.0,0.0,0.0,0.0,0.0,0.0,0.0,0.0,0.0,0.0,559.0,438.0,0.0,0.0
Otamendi,MCI,DEF,4.9,0.3%,0.0,0.0,0.0,0.0,0.0,0.0,0.0,0.0,0.0,0.0,0.0,0.0,0.0,0.0,0.0,0.0,0.0,0.0,0.0,0.0,0.0,0.0,0.0,0.0,5290.0,39578.0,-1.0,1.0
Doyle,MCI,MID,4.4,0.1%,0.0,0.0,0.0,0.0,0.0,0.0,0.0,0.0,0.0,0.0,0.0,0.0,0.0,0.0,0.0,0.0,0.0,0.0,0.0,0.0,0.0,0.0,0.0,0.0,2878.0,4459.0,-1.0,1.0
Bernabé,MCI,MID,4.5,0.0%,0.0,0.0,0.0,0.0,0.0,0.0,0.0,0.0,0.0,0.0,0.0,0.0,0.0,0.0,0.0,0.0,0.0,0.0,0.0,0.0,0.0,0.0,0.0,0.0,512.0,385.0,0.0,0.0
Palmer,MCI,MID,4.5,0.0%,0.0,0.0,0.0,0.0,0.0,0.0,0.0,0.0,0.0,0.0,0.0,0.0,0.0,0.0,0.0,0.0,0.0,0.0,0.0,0.0,0.0,0.0,0.0,0.0,660.0,369.0,0.0,0.0
Romero,MUN,GKP,4.9,0.1%,0.0,0.0,0.0,0.0,0.0,0.0,0.0,0.0,0.0,0.0,0.0,0.0,0.0,0.0,0.0,0.0,0.0,0.0,0.0,0.0,0.0,0.0,0.0,0.0,337.0,6618.0,-1.0,1.0
Henderson,MUN,GKP,5.3,1.7%,0.0,0.0,0.0,0.0,0.0,0.0,0.0,0.0,0.0,0.0,0.0,0.0,0.0,0.0,0.0,0.0,0.0,0.0,0.0,0.0,0.0,0.0,0.0,0.0,8665.0,101186.0,-2.0,2.0
Smalling,MUN,DEF,4.9,0.1%,0.0,0.0,0.0,0.0,0.0,0.0,0.0,0.0,0.0,0.0,0.0,0.0,0.0,0.0,0.0,0.0,0.0,0.0,0.0,0.0,0.0,0.0,0.0,0.0,1837.0,10538.0,-1.0,1.0
Rojo,MUN,DEF,4.9,0.1%,0.0,0.0,0.0,0.0,0.0,0.0,0.0,0.0,0.0,0.0,0.0,0.0,0.0,0.0,0.0,0.0,0.0,0.0,0.0,0.0,0.0,0.0,0.0,0.0,634.0,2867.0,-1.0,1.0
Jones,MUN,DEF,4.9,0.0%,0.0,0.0,0.0,0.0,0.0,0.0,0.0,0.0,0.0,0.0,0.0,0.0,0.0,0.0,0.0,0.0,0.0,0.0,0.0,0.0,0.0,0.0,0.0,0.0,463.0,4073.0,-1.0,1.0
Tuanzebe,MUN,DEF,4.5,0.1%,0.0,0.0,0.0,0.0,0.0,0.0,0.0,0.0,0.0,0.0,0.0,0.0,0.0,0.0,0.0,0.0,0.0,0.0,0.0,0.0,0.0,0.0,0.0,0.0,9088.0,2662.0,0.0,0.0
Dalot,MUN,DEF,4.9,0.0%,0.0,0.0,0.0,0.0,0.0,0.0,0.0,0.0,0.0,0.0,0.0,0.0,0.0,0.0,0.0,0.0,0.0,0.0,0.0,0.0,0.0,0.0,0.0,0.0,394.0,2954.0,-1.0,1.0
Williams,MUN,DEF,4.3,0.9%,0.0,0.0,0.0,0.0,0.0,0.0,0.0,0.0,0.0,0.0,0.0,0.0,0.0,0.0,0.0,0.0,0.0,0.0,0.0,0.0,0.0,0.0,0.0,0.0,14901.0,71510.0,-2.0,2.0
Mengi,MUN,DEF,4.0,0.6%,0.0,0.0,0.0,0.0,0.0,0.0,0.0,0.0,0.0,0.0,0.0,0.0,0.0,0.0,0.0,0.0,0.0,0.0,0.0,0.0,0.0,0.0,0.0,0.0,15673.0,23454.0,0.0,0.0
Telles,MUN,DEF,5.5,1.2%,0.0,0.0,0.0,0.0,0.0,0.0,0.0,0.0,0.0,0.0,0.0,0.0,0.0,0.0,0.0,0.0,0.0,0.0,0.0,0.0,0.0,0.0,0.0,0.0,104307.0,25742.0,0.0,0.0
Lingard,MUN,MID,5.9,0.2%,0.0,0.0,0.0,0.0,0.0,0.0,0.0,0.0,0.0,0.0,0.0,0.0,0.0,0.0,0.0,0.0,0.0,0.0,0.0,0.0,0.0,0.0,0.0,0.0,3770.0,12021.0,-1.0,1.0
Pereira,MUN,MID,4.8,0.0%,0.0,0.0,0.0,0.0,0.0,0.0,0.0,0.0,0.0,0.0,0.0,0.0,0.0,0.0,0.0,0.0,0.0,0.0,0.0,0.0,0.0,0.0,0.0,0.0,902.0,4609.0,-2.0,2.0
Chong,MUN,MID,4.5,0.0%,0.0,0.0,0.0,0.0,0.0,0.0,0.0,0.0,0.0,0.0,0.0,0.0,0.0,0.0,0.0,0.0,0.0,0.0,0.0,0.0,0.0,0.0,0.0,0.0,600.0,991.0,0.0,0.0
Garner,MUN,MID,4.5,0.1%,0.0,0.0,0.0,0.0,0.0,0.0,0.0,0.0,0.0,0.0,0.0,0.0,0.0,0.0,0.0,0.0,0.0,0.0,0.0,0.0,0.0,0.0,0.0,0.0,1875.0,4753.0,0.0,0.0
Pellistri,MUN,MID,5.5,0.0%,0.0,0.0,0.0,0.0,0.0,0.0,0.0,0.0,0.0,0.0,0.0,0.0,0.0,0.0,0.0,0.0,0.0,0.0,0.0,0.0,0.0,0.0,0.0,0.0,765.0,443.0,0.0,0.0
Dubravka,NEW,GKP,4.9,0.2%,0.0,0.0,0.0,0.0,0.0,0.0,0.0,0.0,0.0,0.0,0.0,0.0,0.0,0.0,0.0,0.0,0.0,0.0,0.0,0.0,0.0,0.0,0.0,0.0,968.0,15529.0,-1.0,1.0
Gillespie,NEW,GKP,4.4,0.1%,0.0,0.0,0.0,0.0,0.0,0.0,0.0,0.0,0.0,0.0,0.0,0.0,0.0,0.0,0.0,0.0,0.0,0.0,0.0,0.0,0.0,0.0,0.0,0.0,1119.0,2951.0,-1.0,1.0
Clark,NEW,DEF,4.5,0.0%,0.0,0.0,0.0,0.0,0.0,0.0,0.0,0.0,0.0,0.0,0.0,0.0,0.0,0.0,0.0,0.0,0.0,0.0,0.0,0.0,0.0,0.0,0.0,0.0,950.0,3136.0,0.0,0.0
Lejeune,NEW,DEF,4.3,0.0%,0.0,0.0,0.0,0.0,0.0,0.0,0.0,0.0,0.0,0.0,0.0,0.0,0.0,0.0,0.0,0.0,0.0,0.0,0.0,0.0,0.0,0.0,0.0,0.0,213.0,2262.0,-2.0,2.0
Dummett,NEW,DEF,4.4,0.0%,0.0,0.0,0.0,0.0,0.0,0.0,0.0,0.0,0.0,0.0,0.0,0.0,0.0,0.0,0.0,0.0,0.0,0.0,0.0,0.0,0.0,0.0,0.0,0.0,96.0,1155.0,-1.0,1.0
Yedlin,NEW,DEF,4.3,0.2%,0.0,0.0,0.0,0.0,0.0,0.0,0.0,0.0,0.0,0.0,0.0,0.0,0.0,0.0,0.0,0.0,0.0,0.0,0.0,0.0,0.0,0.0,0.0,0.0,2655.0,18914.0,-2.0,2.0
Watts,NEW,DEF,4.0,0.2%,0.0,0.0,0.0,0.0,0.0,0.0,0.0,0.0,0.0,0.0,0.0,0.0,0.0,0.0,0.0,0.0,0.0,0.0,0.0,0.0,0.0,0.0,0.0,0.0,4742.0,11213.0,0.0,0.0
Atsu,NEW,MID,5.3,0.0%,0.0,0.0,0.0,0.0,0.0,0.0,0.0,0.0,0.0,0.0,0.0,0.0,0.0,0.0,0.0,0.0,0.0,0.0,0.0,0.0,0.0,0.0,0.0,0.0,837.0,4851.0,-2.0,2.0
Aarons,NEW,MID,4.9,0.0%,0.0,0.0,0.0,0.0,0.0,0.0,0.0,0.0,0.0,0.0,0.0,0.0,0.0,0.0,0.0,0.0,0.0,0.0,0.0,0.0,0.0,0.0,0.0,0.0,1358.0,4548.0,-1.0,1.0
Matty Longstaff,NEW,MID,4.9,0.0%,0.0,0.0,0.0,0.0,0.0,0.0,0.0,0.0,0.0,0.0,0.0,0.0,0.0,0.0,0.0,0.0,0.0,0.0,0.0,0.0,0.0,0.0,0.0,0.0,196.0,2253.0,-1.0,1.0
Gayle,NEW,FWD,5.9,0.0%,0.0,0.0,0.0,0.0,0.0,0.0,0.0,0.0,0.0,0.0,0.0,0.0,0.0,0.0,0.0,0.0,0.0,0.0,0.0,0.0,0.0,0.0,0.0,0.0,290.0,2132.0,-1.0,1.0
Muto,NEW,FWD,4.8,0.1%,0.0,0.0,0.0,0.0,0.0,0.0,0.0,0.0,0.0,0.0,0.0,0.0,0.0,0.0,0.0,0.0,0.0,0.0,0.0,0.0,0.0,0.0,0.0,0.0,4693.0,23528.0,-2.0,2.0
Moore,SHU,GKP,4.4,0.2%,0.0,0.0,0.0,0.0,0.0,0.0,0.0,0.0,0.0,0.0,0.0,0.0,0.0,0.0,0.0,0.0,0.0,0.0,0.0,0.0,0.0,0.0,0.0,0.0,1312.0,7915.0,-1.0,1.0
Foderingham,SHU,GKP,4.4,0.1%,0.0,0.0,0.0,0.0,0.0,0.0,0.0,0.0,0.0,0.0,0.0,0.0,0.0,0.0,0.0,0.0,0.0,0.0,0.0,0.0,0.0,0.0,0.0,0.0,1070.0,4607.0,-1.0,1.0
Verrips,SHU,GKP,4.0,0.2%,0.0,0.0,0.0,0.0,0.0,0.0,0.0,0.0,0.0,0.0,0.0,0.0,0.0,0.0,0.0,0.0,0.0,0.0,0.0,0.0,0.0,0.0,0.0,0.0,9863.0,843.0,0.0,0.0
Bogle,SHU,DEF,4.4,0.1%,0.0,0.0,0.0,0.0,0.0,0.0,0.0,0.0,0.0,0.0,0.0,0.0,0.0,0.0,0.0,0.0,0.0,0.0,0.0,0.0,0.0,0.0,0.0,0.0,940.0,5096.0,-1.0,1.0
Jagielka,SHU,DEF,4.0,0.6%,0.0,0.0,0.0,0.0,0.0,0.0,0.0,0.0,0.0,0.0,0.0,0.0,0.0,0.0,0.0,0.0,0.0,0.0,0.0,0.0,0.0,0.0,0.0,0.0,41398.0,17620.0,0.0,0.0
Freeman,SHU,MID,5.0,0.0%,0.0,0.0,0.0,0.0,0.0,0.0,0.0,0.0,0.0,0.0,0.0,0.0,0.0,0.0,0.0,0.0,0.0,0.0,0.0,0.0,0.0,0.0,0.0,0.0,263.0,372.0,0.0,0.0
Mousset,SHU,FWD,5.8,0.1%,0.0,0.0,0.0,0.0,0.0,0.0,0.0,0.0,0.0,0.0,0.0,0.0,0.0,0.0,0.0,0.0,0.0,0.0,0.0,0.0,0.0,0.0,0.0,0.0,1421.0,26542.0,-2.0,2.0
Gunn,SOU,GKP,4.4,0.2%,0.0,0.0,0.0,0.0,0.0,0.0,0.0,0.0,0.0,0.0,0.0,0.0,0.0,0.0,0.0,0.0,0.0,0.0,0.0,0.0,0.0,0.0,0.0,0.0,1650.0,11483.0,-1.0,1.0
Forster,SOU,GKP,4.0,3.2%,0.0,0.0,0.0,0.0,0.0,0.0,0.0,0.0,0.0,0.0,0.0,0.0,0.0,0.0,0.0,0.0,0.0,0.0,0.0,0.0,0.0,0.0,0.0,0.0,198093.0,45222.0,0.0,0.0
Valery,SOU,DEF,4.8,0.1%,0.0,0.0,0.0,0.0,0.0,0.0,0.0,0.0,0.0,0.0,0.0,0.0,0.0,0.0,0.0,0.0,0.0,0.0,0.0,0.0,0.0,0.0,0.0,0.0,675.0,4047.0,-2.0,2.0
Vokins,SOU,DEF,4.0,1.3%,0.0,0.0,0.0,0.0,0.0,0.0,0.0,0.0,0.0,0.0,0.0,0.0,0.0,0.0,0.0,0.0,0.0,0.0,0.0,0.0,0.0,0.0,0.0,0.0,27909.0,41752.0,0.0,0.0
Salisu,SOU,DEF,4.3,0.1%,0.0,0.0,0.0,0.0,0.0,0.0,0.0,0.0,0.0,0.0,0.0,0.0,0.0,0.0,0.0,0.0,0.0,0.0,0.0,0.0,0.0,0.0,0.0,0.0,758.0,16276.0,-2.0,2.0
Boufal,SOU,MID,5.4,0.0%,0.0,0.0,0.0,0.0,0.0,0.0,0.0,0.0,0.0,0.0,0.0,0.0,0.0,0.0,0.0,0.0,0.0,0.0,0.0,0.0,0.0,0.0,0.0,0.0,576.0,4065.0,-1.0,1.0
Sims,SOU,MID,4.4,0.1%,0.0,0.0,0.0,0.0,0.0,0.0,0.0,0.0,0.0,0.0,0.0,0.0,0.0,0.0,0.0,0.0,0.0,0.0,0.0,0.0,0.0,0.0,0.0,0.0,5389.0,10335.0,-1.0,1.0
Gazzaniga,TOT,GKP,4.4,0.3%,0.0,0.0,0.0,0.0,0.0,0.0,0.0,0.0,0.0,0.0,0.0,0.0,0.0,0.0,0.0,0.0,0.0,0.0,0.0,0.0,0.0,0.0,0.0,0.0,2801.0,11103.0,-1.0,1.0
Hart,TOT,GKP,4.4,0.7%,0.0,0.0,0.0,0.0,0.0,0.0,0.0,0.0,0.0,0.0,0.0,0.0,0.0,0.0,0.0,0.0,0.0,0.0,0.0,0.0,0.0,0.0,0.0,0.0,6205.0,26238.0,-1.0,1.0
Rose,TOT,DEF,4.8,0.2%,0.0,0.0,0.0,0.0,0.0,0.0,0.0,0.0,0.0,0.0,0.0,0.0,0.0,0.0,0.0,0.0,0.0,0.0,0.0,0.0,0.0,0.0,0.0,0.0,3458.0,21210.0,-2.0,2.0
Sessegnon,TOT,DEF,4.8,0.1%,0.0,0.0,0.0,0.0,0.0,0.0,0.0,0.0,0.0,0.0,0.0,0.0,0.0,0.0,0.0,0.0,0.0,0.0,0.0,0.0,0.0,0.0,0.0,0.0,992.0,14381.0,-2.0,2.0
Tanganga,TOT,DEF,4.9,0.0%,0.0,0.0,0.0,0.0,0.0,0.0,0.0,0.0,0.0,0.0,0.0,0.0,0.0,0.0,0.0,0.0,0.0,0.0,0.0,0.0,0.0,0.0,0.0,0.0,525.0,6045.0,-1.0,1.0
Foyth,TOT,DEF,4.3,0.1%,0.0,0.0,0.0,0.0,0.0,0.0,0.0,0.0,0.0,0.0,0.0,0.0,0.0,0.0,0.0,0.0,0.0,0.0,0.0,0.0,0.0,0.0,0.0,0.0,1317.0,7773.0,-2.0,2.0
Carter-Vickers,TOT,DEF,4.0,0.3%,0.0,0.0,0.0,0.0,0.0,0.0,0.0,0.0,0.0,0.0,0.0,0.0,0.0,0.0,0.0,0.0,0.0,0.0,0.0,0.0,0.0,0.0,0.0,0.0,12266.0,18617.0,0.0,0.0
Fernandes,TOT,MID,4.8,0.1%,0.0,0.0,0.0,0.0,0.0,0.0,0.0,0.0,0.0,0.0,0.0,0.0,0.0,0.0,0.0,0.0,0.0,0.0,0.0,0.0,0.0,0.0,0.0,0.0,1538.0,4813.0,-2.0,2.0
Skipp,TOT,MID,4.5,0.0%,0.0,0.0,0.0,0.0,0.0,0.0,0.0,0.0,0.0,0.0,0.0,0.0,0.0,0.0,0.0,0.0,0.0,0.0,0.0,0.0,0.0,0.0,0.0,0.0,1033.0,1954.0,0.0,0.0
Carlos Vinicius,TOT,FWD,7.0,0.0%,0.0,0.0,0.0,0.0,0.0,0.0,0.0,0.0,0.0,0.0,0.0,0.0,0.0,0.0,0.0,0.0,0.0,0.0,0.0,0.0,0.0,0.0,0.0,0.0,2985.0,1542.0,0.0,0.0
Button,WBA,GKP,4.0,4.7%,0.0,0.0,0.0,0.0,0.0,0.0,0.0,0.0,0.0,0.0,0.0,0.0,0.0,0.0,0.0,0.0,0.0,0.0,0.0,0.0,0.0,0.0,0.0,0.0,98396.0,94487.0,0.0,0.0
Kipre,WBA,DEF,4.4,0.1%,0.0,0.0,0.0,0.0,0.0,0.0,0.0,0.0,0.0,0.0,0.0,0.0,0.0,0.0,0.0,0.0,0.0,0.0,0.0,0.0,0.0,0.0,0.0,0.0,350.0,2658.0,-1.0,1.0
Grosicki,WBA,MID,5.3,0.0%,0.0,0.0,0.0,0.0,0.0,0.0,0.0,0.0,0.0,0.0,0.0,0.0,0.0,0.0,0.0,0.0,0.0,0.0,0.0,0.0,0.0,0.0,0.0,0.0,374.0,6466.0,-2.0,2.0
Leko,WBA,MID,4.5,0.0%,0.0,0.0,0.0,0.0,0.0,0.0,0.0,0.0,0.0,0.0,0.0,0.0,0.0,0.0,0.0,0.0,0.0,0.0,0.0,0.0,0.0,0.0,0.0,0.0,851.0,2755.0,0.0,0.0
Austin,WBA,FWD,5.2,0.3%,0.0,0.0,0.0,0.0,0.0,0.0,0.0,0.0,0.0,0.0,0.0,0.0,0.0,0.0,0.0,0.0,0.0,0.0,0.0,0.0,0.0,0.0,0.0,0.0,9162.0,57817.0,-3.0,3.0
Zohore,WBA,FWD,4.9,0.0%,0.0,0.0,0.0,0.0,0.0,0.0,0.0,0.0,0.0,0.0,0.0,0.0,0.0,0.0,0.0,0.0,0.0,0.0,0.0,0.0,0.0,0.0,0.0,0.0,1703.0,6797.0,-1.0,1.0
Martin,WHU,GKP,4.0,7.4%,0.0,0.0,0.0,0.0,0.0,0.0,0.0,0.0,0.0,0.0,0.0,0.0,0.0,0.0,0.0,0.0,0.0,0.0,0.0,0.0,0.0,0.0,0.0,0.0,110874.0,120745.0,0.0,0.0
Randolph,WHU,GKP,4.4,0.2%,0.0,0.0,0.0,0.0,0.0,0.0,0.0,0.0,0.0,0.0,0.0,0.0,0.0,0.0,0.0,0.0,0.0,0.0,0.0,0.0,0.0,0.0,0.0,0.0,1217.0,5734.0,-1.0,1.0
Roberto,WHU,GKP,4.5,0.0%,0.0,0.0,0.0,0.0,0.0,0.0,0.0,0.0,0.0,0.0,0.0,0.0,0.0,0.0,0.0,0.0,0.0,0.0,0.0,0.0,0.0,0.0,0.0,0.0,274.0,684.0,0.0,0.0
Dawson,WHU,DEF,4.5,0.0%,0.0,0.0,0.0,0.0,0.0,0.0,0.0,0.0,0.0,0.0,0.0,0.0,0.0,0.0,0.0,0.0,0.0,0.0,0.0,0.0,0.0,0.0,0.0,0.0,649.0,211.0,0.0,0.0
Wilshere,WHU,MID,4.9,0.1%,0.0,0.0,0.0,0.0,0.0,0.0,0.0,0.0,0.0,0.0,0.0,0.0,0.0,0.0,0.0,0.0,0.0,0.0,0.0,0.0,0.0,0.0,0.0,0.0,1005.0,8605.0,-1.0,1.0
Benrahma,WHU,MID,6.0,0.1%,0.0,0.0,0.0,0.0,0.0,0.0,0.0,0.0,0.0,0.0,0.0,0.0,0.0,0.0,0.0,0.0,0.0,0.0,0.0,0.0,0.0,0.0,0.0,0.0,11097.0,1795.0,0.0,0.0
Hugill,WHU,FWD,5.5,0.0%,0.0,0.0,0.0,0.0,0.0,0.0,0.0,0.0,0.0,0.0,0.0,0.0,0.0,0.0,0.0,0.0,0.0,0.0,0.0,0.0,0.0,0.0,0.0,0.0,299.0,467.0,0.0,0.0
Ajeti,WHU,FWD,5.5,0.0%,0.0,0.0,0.0,0.0,0.0,0.0,0.0,0.0,0.0,0.0,0.0,0.0,0.0,0.0,0.0,0.0,0.0,0.0,0.0,0.0,0.0,0.0,0.0,0.0,457.0,543.0,0.0,0.0
Ruddy,WOL,GKP,4.4,0.3%,0.0,0.0,0.0,0.0,0.0,0.0,0.0,0.0,0.0,0.0,0.0,0.0,0.0,0.0,0.0,0.0,0.0,0.0,0.0,0.0,0.0,0.0,0.0,0.0,2215.0,8163.0,-1.0,1.0
Sarkic,WOL,GKP,4.5,0.1%,0.0,0.0,0.0,0.0,0.0,0.0,0.0,0.0,0.0,0.0,0.0,0.0,0.0,0.0,0.0,0.0,0.0,0.0,0.0,0.0,0.0,0.0,0.0,0.0,641.0,4193.0,0.0,0.0
Bennett,WOL,DEF,4.4,0.2%,0.0,0.0,0.0,0.0,0.0,0.0,0.0,0.0,0.0,0.0,0.0,0.0,0.0,0.0,0.0,0.0,0.0,0.0,0.0,0.0,0.0,0.0,0.0,0.0,3748.0,21121.0,-1.0,1.0
Jonny,WOL,DEF,5.4,0.0%,0.0,0.0,0.0,0.0,0.0,0.0,0.0,0.0,0.0,0.0,0.0,0.0,0.0,0.0,0.0,0.0,0.0,0.0,0.0,0.0,0.0,0.0,0.0,0.0,393.0,2081.0,-1.0,1.0
Ait Nouri,WOL,DEF,5.0,0.0%,0.0,0.0,0.0,0.0,0.0,0.0,0.0,0.0,0.0,0.0,0.0,0.0,0.0,0.0,0.0,0.0,0.0,0.0,0.0,0.0,0.0,0.0,0.0,0.0,1661.0,1023.0,0.0,0.0
Gibbs-White,WOL,MID,5.0,0.0%,0.0,0.0,0.0,0.0,0.0,0.0,0.0,0.0,0.0,0.0,0.0,0.0,0.0,0.0,0.0,0.0,0.0,0.0,0.0,0.0,0.0,0.0,0.0,0.0,193.0,401.0,0.0,0.0
Jordao,WOL,MID,4.4,0.3%,0.0,0.0,0.0,0.0,0.0,0.0,0.0,0.0,0.0,0.0,0.0,0.0,0.0,0.0,0.0,0.0,0.0,0.0,0.0,0.0,0.0,0.0,0.0,0.0,10685.0,32804.0,-1.0,1.0
Shabani,WOL,MID,4.5,0.0%,0.0,0.0,0.0,0.0,0.0,0.0,0.0,0.0,0.0,0.0,0.0,0.0,0.0,0.0,0.0,0.0,0.0,0.0,0.0,0.0,0.0,0.0,0.0,0.0,2151.0,1109.0,0.0,0.0
Otasowie,WOL,MID,4.5,0.0%,0.0,0.0,0.0,0.0,0.0,0.0,0.0,0.0,0.0,0.0,0.0,0.0,0.0,0.0,0.0,0.0,0.0,0.0,0.0,0.0,0.0,0.0,0.0,0.0,337.0,97.0,0.0,0.0
Bonatini,WOL,FWD,4.9,0.2%,0.0,0.0,0.0,0.0,0.0,0.0,0.0,0.0,0.0,0.0,0.0,0.0,0.0,0.0,0.0,0.0,0.0,0.0,0.0,0.0,0.0,0.0,0.0,0.0,8098.0,24261.0,-1.0,1.0
Campana,WOL,FWD,4.9,0.3%,0.0,0.0,0.0,0.0,0.0,0.0,0.0,0.0,0.0,0.0,0.0,0.0,0.0,0.0,0.0,0.0,0.0,0.0,0.0,0.0,0.0,0.0,0.0,0.0,13592.0,21379.0,-1.0,1.0
