Player,Cost,Sel.,Form,Pts.,Minutes played,Goals scored,Assists,Clean sheets,Goals conceded,Own goals,Penalties saved,Penalties missed,Yellow cards,Red cards,Saves,Bonus,Bonus Points System,Influence,Creativity,Threat,ICT Index,Form,Times in Dream Team,Value (form),Value (season),Points per match,Transfers in,Transfers out,Price rise,Price fall
LenoARSGKP,5.0,9.7%,2.7,17.0,450.0,0.0,0.0,1.0,6.0,0.0,0.0,0.0,0.0,0.0,14.0,2.0,100.0,110.6,0.0,0.0,11.1,2.7,0.0,0.5,3.4,3.4,315333.0,245795.0,0.0,0.0
BellerínARSDEF,5.0,5.8%,4.3,20.0,450.0,0.0,2.0,1.0,6.0,0.0,0.0,0.0,2.0,0.0,0.0,3.0,96.0,88.6,62.8,12.0,16.4,4.3,0.0,0.9,4.0,4.0,237286.0,175540.0,0.0,0.0
AubameyangARSMID,11.8,17.8%,2.0,18.0,450.0,1.0,1.0,1.0,6.0,0.0,0.0,0.0,1.0,0.0,0.0,0.0,61.0,86.8,87.1,105.0,27.9,2.0,0.0,0.2,1.5,3.6,341154.0,2229302.0,-2.0,2.0
RyanBHAGKP,4.5,16.0%,0.7,9.0,450.0,0.0,0.0,1.0,11.0,0.0,0.0,0.0,1.0,0.0,5.0,0.0,59.0,37.8,0.0,0.0,3.7,0.7,0.0,0.2,2.0,1.8,317860.0,399561.0,0.0,0.0
WebsterBHADEF,4.5,2.1%,1.0,10.0,450.0,0.0,0.0,1.0,11.0,0.0,0.0,0.0,0.0,0.0,0.0,0.0,68.0,60.0,32.0,74.0,16.6,1.0,0.0,0.2,2.2,2.0,32181.0,79515.0,0.0,0.0
MaupayBHAFWD,6.6,6.3%,5.3,34.0,450.0,4.0,1.0,1.0,11.0,0.0,0.0,0.0,0.0,0.0,0.0,5.0,128.0,174.2,73.3,285.0,53.1,5.3,1.0,0.8,5.2,6.8,472904.0,185969.0,1.0,-1.0
GuaitaCRYGKP,5.0,4.8%,1.0,16.0,450.0,0.0,0.0,1.0,8.0,0.0,0.0,0.0,1.0,0.0,15.0,3.0,80.0,108.0,0.0,0.0,10.8,1.0,1.0,0.2,3.2,3.2,279757.0,156701.0,0.0,0.0
WardCRYDEF,4.5,1.7%,0.7,9.0,450.0,0.0,0.0,1.0,8.0,0.0,0.0,0.0,2.0,0.0,0.0,0.0,46.0,66.8,15.7,4.0,8.7,0.7,0.0,0.2,2.0,1.8,50507.0,66690.0,0.0,0.0
KouyatéCRYMID,5.0,0.7%,4.3,18.0,450.0,1.0,0.0,1.0,8.0,0.0,0.0,0.0,0.0,0.0,0.0,2.0,66.0,113.8,10.7,65.0,19.0,4.3,0.0,0.9,3.6,3.6,50986.0,26463.0,0.0,0.0
TownsendCRYMID,6.1,3.5%,3.0,26.0,450.0,1.0,2.0,1.0,8.0,0.0,0.0,0.0,0.0,0.0,0.0,4.0,88.0,122.0,131.2,42.0,29.5,3.0,0.0,0.5,4.3,5.2,319209.0,153609.0,1.0,-1.0
PickfordEVEGKP,5.0,8.6%,2.0,15.0,450.0,0.0,0.0,1.0,7.0,0.0,0.0,0.0,0.0,0.0,14.0,1.0,86.0,107.6,10.0,0.0,11.9,2.0,0.0,0.4,3.0,3.0,387514.0,292101.0,0.0,0.0
KeaneEVEDEF,5.1,5.4%,3.7,24.0,450.0,2.0,0.0,1.0,7.0,0.0,0.0,0.0,0.0,0.0,0.0,1.0,111.0,157.4,22.1,76.0,25.6,3.7,1.0,0.7,4.7,4.8,327086.0,115913.0,1.0,-1.0
MinaEVEDEF,5.5,2.1%,3.7,18.0,450.0,1.0,0.0,1.0,7.0,0.0,0.0,0.0,0.0,0.0,0.0,1.0,96.0,136.0,3.1,40.0,17.9,3.7,0.0,0.7,3.3,3.6,93220.0,56533.0,0.0,0.0
SchmeichelLEIGKP,5.5,12.4%,2.3,15.0,450.0,0.0,0.0,1.0,8.0,0.0,0.0,0.0,0.0,0.0,13.0,0.0,81.0,114.4,0.0,0.0,11.5,2.3,0.0,0.4,2.7,3.0,186770.0,295334.0,0.0,0.0
TielemansLEIMID,6.4,1.8%,3.0,14.0,450.0,1.0,0.0,1.0,8.0,0.0,0.0,0.0,2.0,0.0,0.0,0.0,85.0,112.8,62.9,49.0,22.5,3.0,0.0,0.5,2.2,2.8,60808.0,90809.0,-1.0,1.0
BarnesLEIMID,7.1,5.6%,2.0,22.0,450.0,1.0,1.0,1.0,8.0,0.0,0.0,0.0,0.0,0.0,0.0,3.0,62.0,92.4,55.1,221.0,36.8,2.0,0.0,0.3,3.1,4.4,417167.0,304186.0,1.0,-1.0
MeslierLEEGKP,4.5,3.4%,4.7,17.0,450.0,0.0,0.0,1.0,9.0,0.0,0.0,0.0,0.0,0.0,13.0,3.0,98.0,91.0,10.0,0.0,10.1,4.7,1.0,1.0,3.8,3.4,209022.0,74263.0,0.0,0.0
AylingLEEDEF,4.5,4.1%,3.3,11.0,450.0,0.0,0.0,1.0,9.0,0.0,0.0,0.0,1.0,0.0,0.0,1.0,78.0,134.8,78.3,55.0,26.9,3.3,0.0,0.7,2.4,2.2,164551.0,142322.0,0.0,0.0
DallasLEEDEF,4.5,5.7%,3.0,13.0,450.0,0.0,1.0,1.0,9.0,0.0,0.0,0.0,1.0,0.0,0.0,0.0,86.0,102.4,40.3,71.0,21.5,3.0,0.0,0.7,2.9,2.6,268445.0,176418.0,0.0,0.0
KochLEEDEF,4.5,0.6%,3.3,11.0,450.0,0.0,0.0,1.0,9.0,0.0,0.0,0.0,0.0,0.0,0.0,0.0,75.0,86.4,2.4,41.0,13.0,3.3,0.0,0.7,2.4,2.2,19899.0,20556.0,0.0,0.0
PhillipsLEEMID,5.0,2.8%,1.7,12.0,450.0,0.0,1.0,1.0,9.0,0.0,0.0,0.0,2.0,0.0,0.0,0.0,85.0,118.4,147.8,8.0,27.4,1.7,0.0,0.3,2.4,2.4,153694.0,154468.0,0.0,0.0
RobertsonLIVDEF,7.1,17.7%,5.0,25.0,450.0,1.0,2.0,1.0,13.0,0.0,0.0,0.0,0.0,0.0,0.0,4.0,121.0,134.4,136.0,92.0,36.3,5.0,1.0,0.7,3.5,5.0,655527.0,372810.0,1.0,-1.0
DarlowNEWGKP,5.0,1.7%,6.0,27.0,450.0,0.0,0.0,1.0,9.0,0.0,1.0,0.0,0.0,0.0,28.0,4.0,134.0,215.8,0.0,0.0,21.7,6.0,0.0,1.2,5.4,5.4,117300.0,51988.0,0.0,0.0
FernándezNEWDEF,5.0,1.1%,1.3,11.0,450.0,0.0,0.0,1.0,9.0,0.0,0.0,0.0,0.0,0.0,0.0,0.0,87.0,115.6,11.0,4.0,13.0,1.3,0.0,0.3,2.2,2.2,21782.0,50980.0,0.0,0.0
RamsdaleSHUGKP,4.9,4.0%,2.8,12.0,450.0,0.0,0.0,0.0,7.0,0.0,0.0,0.0,0.0,0.0,18.0,0.0,79.0,117.8,10.0,2.0,13.0,2.8,0.0,0.6,2.4,2.4,50242.0,252673.0,-1.0,1.0
StevensSHUDEF,5.4,2.6%,1.8,8.0,450.0,0.0,0.0,0.0,7.0,0.0,0.0,0.0,0.0,0.0,0.0,0.0,65.0,87.8,16.2,44.0,14.9,1.8,0.0,0.3,1.5,1.6,15994.0,181638.0,-1.0,1.0
BaldockSHUDEF,5.4,2.6%,2.2,10.0,450.0,0.0,1.0,0.0,7.0,0.0,0.0,0.0,1.0,0.0,0.0,0.0,56.0,64.2,51.1,57.0,17.3,2.2,0.0,0.4,1.9,2.0,32252.0,167582.0,-1.0,1.0
McCarthySOUGKP,4.5,19.0%,5.3,18.0,450.0,0.0,0.0,2.0,9.0,0.0,0.0,0.0,0.0,0.0,10.0,2.0,90.0,90.2,0.0,0.0,9.1,5.3,1.0,1.2,4.0,3.6,389539.0,548733.0,0.0,0.0
BertrandSOUDEF,5.0,1.3%,5.0,16.0,450.0,0.0,0.0,2.0,9.0,0.0,0.0,0.0,1.0,0.0,0.0,2.0,75.0,61.0,69.0,33.0,16.2,5.0,0.0,1.0,3.2,3.2,32401.0,44115.0,0.0,0.0
Walker-PetersSOUDEF,4.5,10.9%,4.0,16.0,450.0,0.0,1.0,2.0,9.0,0.0,0.0,0.0,2.0,0.0,0.0,0.0,89.0,99.0,48.9,32.0,18.0,4.0,0.0,0.9,3.6,3.2,330198.0,355512.0,0.0,0.0
Ward-ProwseSOUMID,5.8,2.0%,2.7,12.0,450.0,0.0,0.0,2.0,9.0,0.0,0.0,0.0,0.0,0.0,0.0,0.0,68.0,54.6,98.9,37.0,19.1,2.7,0.0,0.5,2.1,2.4,26542.0,184287.0,-2.0,2.0
IngsSOUFWD,8.5,18.3%,6.0,31.0,450.0,4.0,0.0,2.0,9.0,0.0,0.0,0.0,0.0,0.0,0.0,5.0,124.0,157.0,43.9,208.0,40.9,6.0,0.0,0.7,3.6,6.2,532619.0,870638.0,0.0,0.0
LlorisTOTGKP,5.5,5.7%,1.7,10.0,450.0,0.0,0.0,0.0,8.0,0.0,0.0,0.0,0.0,0.0,11.0,0.0,65.0,81.8,0.0,0.0,8.2,1.7,0.0,0.3,1.8,2.0,167971.0,152924.0,0.0,0.0
HøjbjergTOTMID,4.9,0.8%,3.0,12.0,450.0,0.0,1.0,0.0,8.0,0.0,0.0,0.0,1.0,0.0,0.0,0.0,75.0,92.0,75.3,11.0,17.9,3.0,0.0,0.6,2.4,2.4,31425.0,51026.0,-1.0,1.0
JohnstoneWBAGKP,4.5,0.8%,5.0,17.0,450.0,0.0,0.0,1.0,13.0,0.0,0.0,0.0,0.0,0.0,23.0,2.0,105.0,159.8,0.0,0.0,16.0,5.0,0.0,1.1,3.8,3.4,28738.0,28714.0,0.0,0.0
LivermoreWBAMID,4.9,0.1%,1.7,9.0,450.0,0.0,0.0,1.0,13.0,0.0,0.0,0.0,2.0,0.0,0.0,0.0,35.0,46.8,25.3,21.0,9.2,1.7,0.0,0.3,1.8,1.8,3080.0,7695.0,-1.0,1.0
FabianskiWHUGKP,5.0,1.5%,5.0,17.0,450.0,0.0,0.0,2.0,7.0,0.0,0.0,0.0,0.0,0.0,7.0,0.0,81.0,46.4,0.0,0.0,4.7,5.0,0.0,1.0,3.4,3.4,24382.0,45113.0,0.0,0.0
OgbonnaWHUDEF,4.9,0.4%,4.0,14.0,450.0,0.0,0.0,2.0,7.0,0.0,0.0,0.0,1.0,0.0,0.0,0.0,77.0,99.8,13.5,33.0,14.6,4.0,0.0,0.8,2.9,2.8,7551.0,13332.0,-1.0,1.0
CresswellWHUDEF,5.0,4.7%,9.0,29.0,450.0,0.0,3.0,2.0,7.0,0.0,0.0,0.0,0.0,0.0,0.0,5.0,144.0,158.6,185.2,1.0,34.5,9.0,1.0,1.8,5.8,5.8,282577.0,65943.0,0.0,0.0
RiceWHUMID,4.9,3.0%,2.7,12.0,450.0,0.0,0.0,2.0,7.0,0.0,0.0,0.0,0.0,0.0,0.0,0.0,81.0,81.4,61.1,30.0,17.3,2.7,0.0,0.6,2.4,2.4,46379.0,170472.0,-1.0,1.0
SoucekWHUMID,4.9,3.0%,3.3,14.0,450.0,0.0,1.0,2.0,7.0,0.0,0.0,0.0,1.0,0.0,0.0,0.0,32.0,46.0,48.0,162.0,25.6,3.3,0.0,0.7,2.9,2.8,79522.0,243806.0,-1.0,1.0
BolyWOLDEF,5.5,2.4%,3.8,21.0,450.0,0.0,0.0,3.0,7.0,0.0,0.0,0.0,0.0,0.0,0.0,2.0,98.0,85.8,3.2,22.0,11.1,3.8,0.0,0.7,3.8,4.2,61492.0,71148.0,0.0,0.0
WernerCHEFWD,9.3,21.1%,6.7,27.0,449.0,2.0,2.0,1.0,8.0,0.0,0.0,0.0,0.0,0.0,0.0,3.0,99.0,115.8,57.0,231.0,40.4,6.7,1.0,0.7,2.9,5.4,562311.0,2238591.0,-2.0,2.0
Alexander-ArnoldLIVDEF,7.5,37.3%,2.3,15.0,448.0,0.0,1.0,1.0,13.0,0.0,0.0,0.0,1.0,0.0,0.0,4.0,99.0,83.0,143.8,48.0,27.4,2.3,0.0,0.3,2.0,3.0,309063.0,1261840.0,0.0,0.0
WilsonNEWFWD,6.5,13.5%,8.7,36.0,444.0,4.0,1.0,1.0,9.0,0.0,0.0,0.0,0.0,0.0,0.0,7.0,126.0,158.6,60.0,190.0,40.6,8.7,1.0,1.3,5.5,7.2,889394.0,652060.0,0.0,0.0
KantéCHEMID,4.9,3.4%,2.0,10.0,442.0,0.0,0.0,1.0,9.0,0.0,0.0,0.0,1.0,0.0,0.0,0.0,74.0,71.4,22.0,11.0,10.5,2.0,0.0,0.4,2.0,2.0,93187.0,192687.0,-1.0,1.0
WhiteBHADEF,4.5,1.4%,0.7,9.0,438.0,0.0,0.0,1.0,11.0,0.0,0.0,0.0,1.0,0.0,0.0,0.0,74.0,89.0,28.3,8.0,12.7,0.7,0.0,0.2,2.0,1.8,38495.0,57065.0,0.0,0.0
MarchBHAMID,5.0,1.1%,5.3,21.0,437.0,1.0,1.0,1.0,11.0,0.0,0.0,0.0,0.0,0.0,0.0,2.0,98.0,117.4,120.3,104.0,34.2,5.3,0.0,1.1,4.2,4.2,100744.0,36480.0,0.0,0.0
TrossardBHAMID,6.0,2.3%,2.7,22.0,437.0,1.0,2.0,1.0,11.0,0.0,0.0,0.0,1.0,0.0,0.0,1.0,63.0,73.4,134.6,99.0,30.5,2.7,0.0,0.4,3.7,4.4,210851.0,95688.0,0.0,0.0
MendyLEIMID,4.5,3.1%,3.0,13.0,435.0,0.0,1.0,2.0,7.0,0.0,0.0,0.0,2.0,0.0,0.0,0.0,61.0,68.6,41.9,8.0,11.8,3.0,0.0,0.7,2.9,2.6,254424.0,111347.0,0.0,0.0
BowenWHUMID,6.3,2.1%,8.3,29.0,434.0,3.0,0.0,2.0,6.0,0.0,0.0,0.0,0.0,0.0,0.0,2.0,93.0,125.2,57.0,158.0,34.1,8.3,1.0,1.3,4.6,5.8,124839.0,100489.0,-2.0,2.0
ShelveyNEWMID,5.4,0.3%,1.7,9.0,431.0,0.0,0.0,1.0,8.0,0.0,0.0,0.0,2.0,0.0,0.0,0.0,53.0,62.8,91.9,72.0,22.7,1.7,0.0,0.3,1.7,1.8,5983.0,13492.0,-1.0,1.0
HendrickNEWMID,5.0,3.8%,2.0,22.0,430.0,1.0,1.0,1.0,7.0,0.0,0.0,0.0,0.0,0.0,0.0,3.0,68.0,89.4,19.8,30.0,13.7,2.0,1.0,0.4,4.4,4.4,422144.0,264859.0,0.0,0.0
AntonioWHUFWD,6.3,4.6%,3.7,19.0,430.0,2.0,0.0,2.0,7.0,0.0,0.0,0.0,1.0,0.0,0.0,2.0,54.0,103.6,72.9,291.0,46.7,3.7,0.0,0.6,3.0,3.8,110876.0,485947.0,-2.0,2.0
McArthurCRYMID,5.4,0.2%,1.3,9.0,428.0,0.0,0.0,1.0,6.0,0.0,0.0,0.0,2.0,0.0,0.0,0.0,48.0,76.8,45.6,13.0,13.6,1.3,0.0,0.2,1.7,1.8,3167.0,8799.0,-1.0,1.0
PereiraWBAMID,6.0,3.1%,3.3,22.0,427.0,1.0,2.0,1.0,12.0,0.0,0.0,0.0,0.0,0.0,0.0,0.0,87.0,114.8,132.6,81.0,32.9,3.3,0.0,0.6,3.7,4.4,192206.0,175653.0,0.0,0.0
CavaleiroFULMID,5.4,0.1%,1.7,9.0,426.0,0.0,0.0,0.0,12.0,0.0,0.0,0.0,1.0,0.0,0.0,0.0,39.0,37.8,122.0,45.0,20.4,1.7,0.0,0.3,1.7,1.8,2562.0,6558.0,-1.0,1.0
KlichLEEMID,5.6,7.3%,2.3,25.0,426.0,2.0,1.0,1.0,8.0,0.0,0.0,0.0,1.0,0.0,0.0,2.0,106.0,144.8,103.8,62.0,31.1,2.3,0.0,0.4,4.5,5.0,652981.0,298880.0,1.0,-1.0
LundstramSHUMID,5.3,4.7%,1.2,7.0,423.0,0.0,0.0,1.0,6.0,0.0,0.0,1.0,2.0,0.0,0.0,0.0,35.0,63.8,128.9,60.0,25.3,1.2,0.0,0.2,1.3,1.4,32138.0,494922.0,-2.0,2.0
DianganaWBAMID,5.5,0.6%,2.3,16.0,413.0,1.0,0.0,1.0,12.0,0.0,0.0,0.0,0.0,0.0,0.0,0.0,44.0,80.4,54.3,82.0,21.7,2.3,0.0,0.4,2.9,3.2,38556.0,36622.0,0.0,0.0
DoucouréEVEMID,5.4,1.5%,3.0,13.0,411.0,0.0,1.0,1.0,7.0,0.0,0.0,0.0,1.0,0.0,0.0,0.0,83.0,80.8,97.7,47.0,22.5,3.0,0.0,0.6,2.4,2.6,61990.0,130002.0,-1.0,1.0
Oriol RomeuSOUMID,4.5,4.1%,5.0,17.0,410.0,1.0,0.0,2.0,6.0,0.0,0.0,0.0,2.0,0.0,0.0,3.0,60.0,105.6,36.2,28.0,17.0,5.0,0.0,1.1,3.8,3.4,159937.0,165870.0,0.0,0.0
FirminoLIVFWD,9.3,2.7%,3.0,15.0,409.0,0.0,2.0,1.0,11.0,0.0,0.0,0.0,1.0,0.0,0.0,0.0,71.0,70.0,118.0,178.0,36.6,3.0,0.0,0.3,1.6,3.0,61709.0,190800.0,-2.0,2.0
FornalsWHUMID,6.4,0.4%,7.7,27.0,409.0,1.0,3.0,2.0,6.0,0.0,0.0,0.0,1.0,0.0,0.0,2.0,80.0,86.6,64.1,88.0,23.9,7.7,0.0,1.2,4.2,5.4,19801.0,9879.0,-1.0,1.0
HaydenNEWMID,4.9,0.1%,1.3,8.0,408.0,0.0,0.0,1.0,6.0,0.0,0.0,0.0,2.0,0.0,0.0,0.0,41.0,54.6,27.8,23.0,10.6,1.3,0.0,0.3,1.6,1.6,1923.0,4604.0,-1.0,1.0
AdamsSOUFWD,5.8,1.6%,6.0,21.0,407.0,1.0,2.0,2.0,8.0,0.0,0.0,0.0,1.0,0.0,0.0,2.0,57.0,93.2,65.0,179.0,33.8,6.0,1.0,1.0,3.6,4.2,64188.0,250710.0,-2.0,2.0
BednarekSOUDEF,4.5,2.2%,5.0,16.0,405.0,0.0,0.0,2.0,9.0,0.0,0.0,0.0,0.0,0.0,0.0,2.0,89.0,69.8,14.4,21.0,10.5,5.0,0.0,1.1,3.6,3.2,33274.0,86312.0,0.0,0.0
HavertzCHEMID,8.4,8.9%,6.0,21.0,394.0,1.0,2.0,1.0,7.0,0.0,0.0,0.0,0.0,0.0,0.0,0.0,75.0,93.0,92.6,67.0,25.3,6.0,0.0,0.7,2.5,4.2,420094.0,678503.0,-1.0,1.0
FabinhoLIVMID,5.5,1.5%,1.7,12.0,392.0,0.0,1.0,1.0,11.0,0.0,0.0,0.0,1.0,0.0,0.0,0.0,73.0,75.0,32.6,5.0,11.4,1.7,0.0,0.3,2.2,2.4,53213.0,72432.0,0.0,0.0
AnguissaFULMID,4.5,2.4%,1.7,11.0,387.0,0.0,1.0,0.0,9.0,0.0,0.0,0.0,1.0,0.0,0.0,0.0,76.0,104.2,94.2,40.0,23.9,1.7,0.0,0.4,2.4,2.2,217971.0,117927.0,0.0,0.0
MitrovićFULFWD,5.9,11.7%,1.3,17.0,387.0,2.0,0.0,0.0,9.0,0.0,0.0,1.0,1.0,0.0,0.0,3.0,43.0,84.2,45.9,209.0,32.6,1.3,0.0,0.2,2.9,3.4,424529.0,1154190.0,-1.0,1.0
RicharlisonEVEFWD,7.9,6.2%,2.7,22.0,382.0,1.0,3.0,1.0,5.0,0.0,0.0,0.0,1.0,1.0,0.0,4.0,84.0,107.6,52.2,193.0,35.1,2.7,0.0,0.3,2.8,4.4,382449.0,663087.0,-1.0,1.0
BashamSHUDEF,4.9,1.3%,2.2,10.0,382.0,0.0,0.0,0.0,7.0,0.0,0.0,0.0,0.0,0.0,0.0,2.0,71.0,87.2,34.2,22.0,14.3,2.2,0.0,0.4,2.0,2.0,15995.0,71063.0,-1.0,1.0
LewisNEWDEF,4.4,2.4%,0.3,8.0,381.0,0.0,0.0,1.0,8.0,0.0,0.0,0.0,3.0,0.0,0.0,1.0,46.0,44.4,65.1,6.0,11.4,0.3,0.0,0.1,1.8,1.6,199230.0,166000.0,-1.0,1.0
BergeSHUMID,5.0,0.1%,1.8,8.0,374.0,0.0,0.0,0.0,5.0,0.0,0.0,0.0,1.0,0.0,0.0,0.0,45.0,50.2,59.1,43.0,15.3,1.8,0.0,0.4,1.6,1.6,5313.0,7317.0,0.0,0.0
van DijkLIVDEF,6.5,18.7%,0.3,15.0,370.0,1.0,0.0,1.0,11.0,0.0,0.0,0.0,1.0,0.0,0.0,1.0,73.0,82.4,4.8,66.0,15.3,0.3,0.0,0.0,2.3,3.0,377861.0,1104586.0,0.0,0.0
WillianARSMID,7.9,8.4%,2.0,22.0,362.0,0.0,3.0,1.0,5.0,0.0,0.0,0.0,0.0,0.0,0.0,2.0,73.0,56.8,110.4,42.0,21.0,2.0,1.0,0.3,2.8,4.4,721866.0,875944.0,-1.0,1.0
WijnaldumLIVMID,5.4,1.4%,1.7,10.0,361.0,0.0,0.0,1.0,11.0,0.0,0.0,0.0,0.0,0.0,0.0,0.0,42.0,41.6,49.1,73.0,16.4,1.7,0.0,0.3,1.9,2.0,33415.0,81100.0,-1.0,1.0
TierneyARSDEF,5.4,5.6%,1.7,11.0,360.0,0.0,0.0,1.0,5.0,0.0,0.0,0.0,0.0,0.0,0.0,0.0,64.0,64.2,26.5,13.0,10.4,1.7,0.0,0.3,2.0,2.8,85508.0,472229.0,-1.0,1.0
GabrielARSDEF,5.1,12.2%,1.3,21.0,360.0,1.0,0.0,1.0,3.0,0.0,0.0,0.0,0.0,0.0,0.0,3.0,81.0,115.6,3.7,57.0,17.6,1.3,1.0,0.3,4.1,5.2,797261.0,376161.0,1.0,-1.0
MingsAVLDEF,5.1,8.3%,7.5,30.0,360.0,1.0,1.0,3.0,2.0,0.0,0.0,0.0,1.0,0.0,0.0,3.0,108.0,135.8,13.7,44.0,19.5,7.5,2.0,1.5,5.9,7.5,486655.0,85478.0,1.0,-1.0
TargettAVLDEF,4.5,1.4%,4.2,17.0,360.0,0.0,0.0,3.0,2.0,0.0,0.0,0.0,2.0,0.0,0.0,0.0,75.0,31.8,27.8,10.0,7.1,4.2,0.0,0.9,3.8,4.2,68246.0,37854.0,0.0,0.0
KonsaAVLDEF,4.6,6.8%,7.0,28.0,360.0,1.0,0.0,3.0,2.0,0.0,0.0,0.0,0.0,0.0,0.0,3.0,99.0,96.6,0.5,42.0,13.9,7.0,1.0,1.5,6.1,7.0,507763.0,113307.0,1.0,-1.0
McGinnAVLMID,5.5,1.8%,6.8,27.0,360.0,1.0,4.0,3.0,2.0,0.0,0.0,0.0,3.0,0.0,0.0,2.0,101.0,138.4,142.7,64.0,34.5,6.8,0.0,1.2,4.9,6.8,119296.0,36176.0,0.0,0.0
WatkinsAVLFWD,6.0,4.5%,6.2,25.0,360.0,3.0,1.0,3.0,2.0,0.0,0.0,0.0,0.0,0.0,0.0,2.0,81.0,137.0,69.6,168.0,37.4,6.2,1.0,1.0,4.2,6.2,360832.0,127623.0,0.0,0.0
PopeBURGKP,5.5,12.1%,4.7,15.0,360.0,0.0,0.0,1.0,8.0,0.0,0.0,0.0,0.0,0.0,11.0,3.0,64.0,80.6,0.0,0.0,8.0,4.7,1.0,0.9,2.7,3.8,122009.0,382184.0,0.0,0.0
LongBURDEF,4.5,0.2%,3.3,10.0,360.0,0.0,0.0,1.0,8.0,0.0,0.0,0.0,0.0,0.0,0.0,1.0,59.0,61.6,10.9,14.0,8.7,3.3,0.0,0.7,2.2,2.5,5214.0,6884.0,0.0,0.0
TaylorBURDEF,4.5,3.8%,2.7,11.0,360.0,0.0,1.0,1.0,8.0,0.0,0.0,0.0,1.0,0.0,0.0,0.0,62.0,54.2,37.4,9.0,10.1,2.7,0.0,0.6,2.4,2.8,123203.0,170454.0,0.0,0.0
WestwoodBURMID,5.4,0.6%,4.0,14.0,360.0,1.0,0.0,1.0,8.0,0.0,0.0,0.0,1.0,0.0,0.0,1.0,69.0,72.8,71.4,19.0,16.4,4.0,0.0,0.7,2.6,3.5,7095.0,29367.0,-1.0,1.0
BrownhillBURMID,5.0,0.0%,2.3,9.0,360.0,0.0,0.0,1.0,8.0,0.0,0.0,0.0,0.0,0.0,0.0,0.0,40.0,36.4,50.8,51.0,13.8,2.3,0.0,0.5,1.8,2.2,1670.0,1932.0,0.0,0.0
McNeilBURMID,5.9,0.6%,2.0,11.0,360.0,0.0,1.0,1.0,8.0,0.0,0.0,0.0,1.0,0.0,0.0,0.0,56.0,67.8,110.3,15.0,19.4,2.0,0.0,0.3,1.9,2.8,13557.0,34734.0,-1.0,1.0
WoodBURFWD,6.4,1.5%,2.0,12.0,360.0,1.0,0.0,1.0,8.0,0.0,0.0,0.0,0.0,0.0,0.0,0.0,20.0,39.6,7.8,141.0,18.2,2.0,0.0,0.3,1.9,3.0,75417.0,126991.0,-1.0,1.0
ZoumaCHEDEF,5.0,4.1%,4.7,23.0,360.0,2.0,0.0,1.0,6.0,0.0,0.0,0.0,0.0,0.0,0.0,1.0,92.0,145.0,3.3,74.0,22.3,4.7,1.0,0.9,4.6,5.8,256603.0,103121.0,0.0,0.0
AllanEVEMID,5.4,1.1%,1.0,8.0,360.0,0.0,0.0,1.0,5.0,0.0,0.0,0.0,1.0,0.0,0.0,0.0,41.0,58.4,21.3,8.0,8.7,1.0,0.0,0.2,1.5,2.0,67257.0,115135.0,-1.0,1.0
AreolaFULGKP,4.5,1.3%,2.3,8.0,360.0,0.0,0.0,0.0,9.0,0.0,0.0,0.0,0.0,0.0,14.0,0.0,63.0,104.0,0.0,0.0,10.3,2.3,0.0,0.5,1.8,2.0,41424.0,55494.0,0.0,0.0
ReamFULDEF,4.4,0.2%,1.7,6.0,360.0,0.0,0.0,0.0,8.0,0.0,0.0,0.0,0.0,0.0,0.0,0.0,64.0,69.2,3.3,0.0,7.3,1.7,0.0,0.4,1.4,1.5,3849.0,7725.0,-1.0,1.0
CairneyFULMID,5.3,0.1%,1.7,6.0,360.0,0.0,0.0,0.0,8.0,0.0,0.0,0.0,2.0,0.0,0.0,0.0,63.0,59.0,104.5,16.0,17.9,1.7,0.0,0.3,1.1,1.5,1555.0,13110.0,-2.0,2.0
SöyüncüLEIDEF,5.4,6.8%,0.3,8.0,360.0,0.0,0.0,1.0,7.0,0.0,0.0,0.0,1.0,0.0,0.0,0.0,64.0,83.4,24.6,44.0,15.2,0.3,0.0,0.1,1.5,2.0,101180.0,543960.0,-1.0,1.0
EdersonMCIGKP,6.0,5.9%,3.2,13.0,360.0,0.0,0.0,1.0,7.0,0.0,0.0,0.0,0.0,0.0,11.0,0.0,66.0,91.0,0.0,0.0,9.1,3.2,0.0,0.5,2.2,3.2,148074.0,126692.0,0.0,0.0
WalkerMCIDEF,6.0,5.7%,2.8,11.0,360.0,0.0,0.0,1.0,7.0,0.0,0.0,0.0,0.0,0.0,0.0,1.0,60.0,54.6,32.7,37.0,12.4,2.8,0.0,0.5,1.8,2.8,147768.0,154017.0,0.0,0.0
RodrigoMCIMID,5.5,0.5%,1.8,7.0,360.0,0.0,0.0,1.0,7.0,0.0,0.0,0.0,2.0,0.0,0.0,0.0,52.0,50.8,55.4,10.0,11.6,1.8,0.0,0.3,1.3,1.8,14647.0,24077.0,0.0,0.0
de GeaMUNGKP,5.5,3.8%,1.3,5.0,360.0,0.0,0.0,0.0,12.0,0.0,0.0,0.0,0.0,0.0,11.0,0.0,51.0,88.8,0.0,0.0,9.0,1.3,0.0,0.2,0.9,1.2,64250.0,119178.0,0.0,0.0
MaguireMUNDEF,5.4,2.9%,3.7,11.0,360.0,1.0,1.0,0.0,12.0,0.0,0.0,0.0,1.0,0.0,0.0,0.0,67.0,76.6,6.8,62.0,14.6,3.7,1.0,0.7,2.0,2.8,68959.0,151759.0,-1.0,1.0
RashfordMUNMID,9.5,6.2%,8.0,26.0,360.0,2.0,2.0,0.0,12.0,0.0,0.0,0.0,0.0,0.0,0.0,2.0,82.0,127.0,96.5,162.0,38.6,8.0,1.0,0.8,2.7,6.5,414118.0,343599.0,0.0,0.0
LascellesNEWDEF,4.4,2.3%,0.7,8.0,360.0,0.0,0.0,1.0,8.0,0.0,0.0,0.0,1.0,0.0,0.0,0.0,55.0,71.4,1.6,4.0,7.7,0.7,0.0,0.2,1.8,2.0,64909.0,151334.0,-1.0,1.0
DierTOTDEF,5.0,1.3%,1.3,7.0,360.0,0.0,0.0,0.0,5.0,0.0,0.0,0.0,0.0,0.0,0.0,0.0,49.0,68.8,3.0,4.0,7.6,1.3,0.0,0.3,1.4,1.8,40718.0,76570.0,0.0,0.0
SánchezTOTDEF,5.4,0.9%,1.0,4.0,360.0,0.0,0.0,0.0,7.0,1.0,0.0,0.0,0.0,0.0,0.0,0.0,37.0,55.0,2.1,86.0,14.3,1.0,0.0,0.2,0.7,1.0,15605.0,33348.0,-1.0,1.0
BartleyWBADEF,4.5,0.2%,2.7,9.0,360.0,1.0,0.0,0.0,13.0,0.0,0.0,0.0,0.0,0.0,0.0,0.0,57.0,100.2,0.5,35.0,13.5,2.7,0.0,0.6,2.0,2.2,10284.0,8115.0,0.0,0.0
AjayiWBADEF,4.9,0.2%,0.7,2.0,360.0,0.0,0.0,0.0,13.0,0.0,0.0,0.0,1.0,0.0,0.0,0.0,32.0,38.8,0.8,2.0,4.2,0.7,0.0,0.1,0.4,0.5,3414.0,14365.0,-1.0,1.0
O'SheaWBADEF,4.4,0.2%,0.7,3.0,360.0,0.0,0.0,0.0,13.0,0.0,0.0,0.0,0.0,0.0,0.0,0.0,40.0,77.2,11.9,18.0,10.7,0.7,0.0,0.2,0.7,0.8,3154.0,10403.0,-1.0,1.0
BissoumaBHAMID,4.5,3.6%,3.3,12.0,358.0,1.0,0.0,1.0,8.0,0.0,0.0,0.0,1.0,1.0,0.0,2.0,54.0,62.4,30.6,54.0,14.4,3.3,0.0,0.7,2.7,3.0,158257.0,195748.0,0.0,0.0
MasuakuWHUDEF,4.5,1.2%,6.0,19.0,358.0,0.0,1.0,2.0,5.0,0.0,0.0,0.0,1.0,0.0,0.0,3.0,91.0,72.4,95.5,36.0,20.4,6.0,1.0,1.3,4.2,4.8,85792.0,32206.0,0.0,0.0
ColemanEVEDEF,5.0,2.0%,2.7,15.0,357.0,0.0,1.0,1.0,5.0,0.0,0.0,0.0,0.0,0.0,0.0,1.0,81.0,92.8,30.3,24.0,14.8,2.7,0.0,0.5,3.0,3.0,175785.0,113406.0,0.0,0.0
VardyLEIFWD,10.1,20.7%,6.3,34.0,354.0,5.0,0.0,1.0,7.0,0.0,0.0,0.0,0.0,0.0,0.0,6.0,138.0,181.6,23.4,143.0,34.9,6.3,2.0,0.6,3.4,8.5,1019401.0,1021548.0,1.0,-1.0
HarrisonLEEMID,5.5,2.0%,3.0,18.0,351.0,1.0,1.0,1.0,8.0,0.0,0.0,0.0,0.0,0.0,0.0,1.0,63.0,100.0,117.5,69.0,28.7,3.0,0.0,0.5,3.3,4.5,243573.0,192074.0,0.0,0.0
SterlingMCIMID,11.5,6.9%,6.8,27.0,351.0,2.0,1.0,1.0,7.0,0.0,0.0,0.0,0.0,0.0,0.0,5.0,62.0,109.4,96.5,173.0,37.9,6.8,0.0,0.6,2.3,6.8,537357.0,320878.0,0.0,0.0
CashAVLDEF,5.0,0.6%,4.5,18.0,349.0,0.0,0.0,3.0,2.0,0.0,0.0,0.0,2.0,0.0,0.0,1.0,95.0,89.6,60.0,18.0,16.7,4.5,0.0,0.9,3.6,4.5,30887.0,16103.0,0.0,0.0
ManéLIVMID,11.9,8.0%,4.3,31.0,349.0,4.0,0.0,1.0,6.0,0.0,0.0,0.0,2.0,0.0,0.0,4.0,102.0,182.0,107.3,265.0,55.6,4.3,1.0,0.4,2.6,7.8,505460.0,873945.0,-1.0,1.0
Douglas LuizAVLMID,5.0,0.3%,2.2,9.0,345.0,0.0,0.0,3.0,2.0,0.0,0.0,0.0,2.0,0.0,0.0,0.0,30.0,42.4,21.7,35.0,10.0,2.2,0.0,0.4,1.8,2.2,8923.0,16415.0,0.0,0.0
MountCHEMID,6.9,6.1%,4.7,18.0,341.0,1.0,1.0,0.0,8.0,0.0,0.0,0.0,0.0,0.0,0.0,2.0,73.0,80.0,109.6,137.0,32.6,4.7,1.0,0.7,2.6,4.5,252922.0,413182.0,-1.0,1.0
AyewCRYFWD,5.8,2.8%,1.3,11.0,341.0,0.0,1.0,1.0,7.0,0.0,0.0,0.0,0.0,0.0,0.0,0.0,14.0,27.0,6.1,70.0,10.3,1.3,0.0,0.2,1.9,2.8,73097.0,321478.0,-2.0,2.0
TrézéguetAVLMID,5.4,1.1%,3.5,14.0,339.0,0.0,1.0,3.0,2.0,0.0,0.0,0.0,0.0,0.0,0.0,0.0,64.0,71.6,80.1,68.0,21.9,3.5,0.0,0.6,2.6,3.5,30965.0,56426.0,-1.0,1.0
AlzateBHAMID,4.5,1.1%,1.0,8.0,339.0,0.0,0.0,1.0,10.0,0.0,0.0,0.0,1.0,0.0,0.0,0.0,56.0,46.0,89.5,23.0,15.9,1.0,0.0,0.2,1.8,2.0,110058.0,62461.0,0.0,0.0
FurlongWBADEF,4.5,0.1%,3.3,12.0,338.0,0.0,1.0,1.0,9.0,0.0,0.0,0.0,1.0,0.0,0.0,1.0,57.0,64.0,54.8,39.0,15.8,3.3,0.0,0.7,2.7,3.0,3990.0,4729.0,0.0,0.0
BryanFULDEF,4.9,0.6%,0.7,6.0,336.0,0.0,1.0,0.0,11.0,0.0,0.0,0.0,1.0,0.0,0.0,0.0,61.0,60.2,50.6,25.0,13.6,0.7,0.0,0.1,1.2,1.5,11114.0,40884.0,-1.0,1.0
FodenMCIMID,6.6,7.4%,4.8,19.0,331.0,1.0,1.0,1.0,5.0,0.0,0.0,0.0,0.0,0.0,0.0,2.0,60.0,62.8,56.0,131.0,24.9,4.8,0.0,0.7,2.9,4.8,561287.0,348303.0,1.0,-1.0
GomezLIVDEF,5.4,2.6%,1.0,4.0,319.0,0.0,0.0,0.0,11.0,0.0,0.0,0.0,0.0,0.0,0.0,0.0,55.0,57.2,14.7,0.0,7.2,1.0,0.0,0.2,0.7,1.0,53257.0,210861.0,-1.0,1.0
XhakaARSMID,5.4,0.6%,1.3,9.0,317.0,0.0,0.0,1.0,5.0,0.0,0.0,0.0,0.0,0.0,0.0,0.0,42.0,37.8,29.1,21.0,8.7,1.3,0.0,0.2,1.7,1.8,19430.0,40306.0,-1.0,1.0
McCarthyCRYMID,4.5,2.0%,1.3,8.0,316.0,0.0,0.0,1.0,5.0,0.0,0.0,0.0,1.0,0.0,0.0,0.0,44.0,47.4,24.6,8.0,8.0,1.3,0.0,0.3,1.8,2.0,104401.0,135919.0,0.0,0.0
ChristensenCHEDEF,4.9,0.3%,0.3,0.0,315.0,0.0,0.0,0.0,9.0,0.0,0.0,0.0,1.0,1.0,0.0,0.0,41.0,70.0,4.1,20.0,9.5,0.3,0.0,0.1,0.0,0.0,6744.0,14980.0,-1.0,1.0
FernandesMUNMID,10.5,21.5%,9.7,31.0,315.0,3.0,2.0,0.0,10.0,0.0,0.0,1.0,1.0,0.0,0.0,6.0,123.0,207.0,214.5,123.0,54.4,9.7,2.0,0.9,3.0,7.8,1069983.0,772656.0,0.0,0.0
VestergaardSOUDEF,4.5,1.1%,6.7,21.0,315.0,1.0,0.0,2.0,3.0,0.0,0.0,0.0,0.0,0.0,0.0,1.0,96.0,107.6,14.1,23.0,14.5,6.7,0.0,1.5,4.7,5.2,50208.0,20519.0,0.0,0.0
SawyersWBAMID,4.9,0.0%,1.7,9.0,306.0,0.0,0.0,0.0,10.0,0.0,0.0,0.0,0.0,0.0,0.0,0.0,35.0,33.8,26.6,2.0,6.3,1.7,0.0,0.3,1.8,1.8,815.0,2160.0,-1.0,1.0
ManquilloNEWDEF,4.5,0.4%,1.0,9.0,305.0,0.0,0.0,1.0,5.0,0.0,0.0,0.0,1.0,0.0,0.0,0.0,51.0,37.0,29.4,14.0,8.0,1.0,0.0,0.2,2.0,2.2,12856.0,15174.0,0.0,0.0
André GomesEVEMID,5.5,0.3%,1.0,8.0,303.0,0.0,0.0,1.0,5.0,0.0,0.0,0.0,1.0,0.0,0.0,0.0,31.0,26.6,34.8,22.0,8.3,1.0,0.0,0.2,1.5,2.0,17025.0,26752.0,0.0,0.0
CeballosARSMID,5.0,1.9%,1.7,14.0,302.0,0.0,1.0,1.0,3.0,0.0,0.0,0.0,1.0,0.0,0.0,3.0,82.0,91.4,92.3,24.0,20.8,1.7,0.0,0.3,2.8,2.8,110126.0,120272.0,0.0,0.0
PraetLEIMID,5.5,0.5%,1.7,19.0,291.0,1.0,1.0,2.0,3.0,0.0,0.0,0.0,0.0,0.0,0.0,1.0,61.0,79.8,61.0,70.0,20.8,1.7,0.0,0.3,3.5,4.8,66788.0,50255.0,0.0,0.0
Callum RobinsonWBAFWD,5.5,0.8%,5.0,18.0,290.0,2.0,0.0,0.0,8.0,0.0,0.0,0.0,0.0,0.0,0.0,3.0,57.0,72.8,33.6,54.0,15.8,5.0,1.0,0.9,3.3,3.6,94057.0,64494.0,0.0,0.0
AkéMCIDEF,5.5,7.6%,3.2,13.0,289.0,1.0,0.0,1.0,6.0,0.0,0.0,0.0,2.0,0.0,0.0,0.0,57.0,64.4,24.7,19.0,10.8,3.2,0.0,0.6,2.4,3.2,231515.0,227126.0,0.0,0.0
DaviesTOTDEF,4.9,1.3%,2.0,9.0,287.0,0.0,1.0,0.0,4.0,0.0,0.0,0.0,0.0,0.0,0.0,0.0,46.0,41.8,49.9,42.0,13.4,2.0,0.0,0.4,1.8,2.2,41935.0,125404.0,-1.0,1.0
ConnollyBHAFWD,5.5,0.7%,2.7,17.0,284.0,1.0,1.0,1.0,7.0,0.0,0.0,0.0,0.0,0.0,0.0,2.0,46.0,56.2,34.3,69.0,15.9,2.7,0.0,0.5,3.1,3.4,53657.0,50475.0,0.0,0.0
JoelintonNEWFWD,5.8,0.2%,1.3,6.0,284.0,0.0,0.0,0.0,4.0,0.0,0.0,0.0,2.0,0.0,0.0,0.0,32.0,39.0,45.1,31.0,11.5,1.3,0.0,0.2,1.0,1.2,4966.0,20238.0,-2.0,2.0
Lucas MouraTOTMID,6.9,1.8%,3.7,15.0,283.0,1.0,0.0,1.0,5.0,0.0,0.0,0.0,0.0,0.0,0.0,1.0,30.0,42.2,29.0,117.0,18.8,3.7,0.0,0.5,2.2,3.0,63646.0,116674.0,-1.0,1.0
EganSHUDEF,4.9,4.4%,0.2,1.0,281.0,0.0,0.0,0.0,6.0,0.0,0.0,0.0,1.0,1.0,0.0,0.0,23.0,37.0,2.6,10.0,5.0,0.2,0.0,0.0,0.2,0.2,26478.0,751084.0,-1.0,1.0
McGoldrickSHUFWD,5.3,0.6%,3.2,14.0,275.0,1.0,0.0,2.0,2.0,0.0,0.0,0.0,0.0,0.0,0.0,2.0,45.0,35.8,21.4,50.0,10.6,3.2,0.0,0.6,2.6,2.8,27387.0,56586.0,-2.0,2.0
JamesCHEDEF,5.0,12.1%,0.7,17.0,273.0,1.0,1.0,0.0,7.0,0.0,0.0,0.0,1.0,0.0,0.0,4.0,88.0,139.6,125.3,17.0,28.3,0.7,1.0,0.1,3.4,4.2,930310.0,606310.0,0.0,0.0
David LuizARSDEF,5.5,1.1%,1.7,6.0,271.0,0.0,0.0,0.0,5.0,0.0,0.0,0.0,0.0,0.0,0.0,0.0,39.0,57.8,7.3,19.0,8.4,1.7,0.0,0.3,1.1,1.5,24042.0,45461.0,0.0,0.0
HoldingARSDEF,4.5,2.1%,0.3,9.0,270.0,0.0,0.0,1.0,4.0,0.0,0.0,0.0,0.0,0.0,0.0,0.0,58.0,66.2,1.6,0.0,6.8,0.3,0.0,0.1,2.0,3.0,158828.0,127968.0,0.0,0.0
ElnenyARSMID,4.5,1.4%,1.3,7.0,270.0,0.0,0.0,1.0,4.0,0.0,0.0,0.0,0.0,0.0,0.0,0.0,51.0,42.6,19.7,22.0,8.4,1.3,0.0,0.3,1.6,2.3,144481.0,98850.0,0.0,0.0
BardsleyBURDEF,4.5,0.4%,0.7,1.0,270.0,0.0,0.0,0.0,8.0,0.0,0.0,0.0,2.0,0.0,0.0,0.0,24.0,31.4,12.9,6.0,5.1,0.7,0.0,0.2,0.2,0.3,10236.0,20679.0,0.0,0.0
ArrizabalagaCHEGKP,4.8,1.2%,0.7,6.0,270.0,0.0,0.0,0.0,6.0,0.0,0.0,0.0,0.0,0.0,8.0,0.0,40.0,50.8,0.0,0.0,5.0,0.7,0.0,0.1,1.2,2.0,42535.0,123747.0,-2.0,2.0
SakhoCRYDEF,4.5,0.3%,0.3,3.0,270.0,0.0,0.0,0.0,7.0,0.0,0.0,0.0,0.0,0.0,0.0,0.0,28.0,33.6,1.6,6.0,4.2,0.3,0.0,0.1,0.7,1.0,18889.0,9695.0,0.0,0.0
OdoiFULDEF,4.4,0.1%,0.0,1.0,270.0,0.0,0.0,0.0,10.0,0.0,0.0,0.0,1.0,0.0,0.0,0.0,34.0,35.4,20.8,8.0,6.4,0.0,0.0,0.0,0.2,0.3,5055.0,4481.0,-1.0,1.0
CooperLEEDEF,4.4,0.7%,3.0,10.0,270.0,0.0,0.0,1.0,4.0,0.0,0.0,0.0,0.0,0.0,0.0,1.0,59.0,78.4,1.4,6.0,8.6,3.0,0.0,0.7,2.3,3.3,37073.0,42927.0,-1.0,1.0
AlissonLIVGKP,5.9,8.0%,0.7,17.0,270.0,0.0,0.0,1.0,4.0,0.0,1.0,0.0,0.0,0.0,5.0,2.0,66.0,75.0,0.0,0.0,7.5,0.7,1.0,0.1,2.9,5.7,217828.0,650673.0,-1.0,1.0
De BruyneMCIMID,11.5,18.5%,4.2,17.0,270.0,1.0,1.0,0.0,7.0,0.0,0.0,0.0,0.0,0.0,0.0,3.0,66.0,114.8,185.4,127.0,42.8,4.2,0.0,0.4,1.5,5.7,1618933.0,2198001.0,0.0,0.0
LindelöfMUNDEF,4.9,1.2%,1.0,4.0,270.0,0.0,0.0,0.0,6.0,0.0,0.0,0.0,0.0,0.0,0.0,0.0,44.0,57.6,3.9,4.0,6.5,1.0,0.0,0.2,0.8,1.3,24363.0,70800.0,-1.0,1.0
Wan-BissakaMUNDEF,5.4,8.3%,2.7,8.0,270.0,1.0,0.0,0.0,9.0,0.0,0.0,0.0,0.0,0.0,0.0,0.0,53.0,95.4,28.1,44.0,16.7,2.7,0.0,0.5,1.5,2.7,188780.0,451678.0,-1.0,1.0
TownsendWBADEF,4.5,0.1%,3.0,9.0,270.0,0.0,0.0,1.0,5.0,0.0,0.0,0.0,0.0,0.0,0.0,1.0,47.0,48.2,31.4,23.0,10.3,3.0,0.0,0.7,2.0,3.0,2425.0,3031.0,0.0,0.0
BalbuenaWHUDEF,4.4,0.6%,6.3,19.0,270.0,1.0,0.0,2.0,3.0,0.0,0.0,0.0,0.0,0.0,0.0,0.0,74.0,82.4,3.5,25.0,11.1,6.3,0.0,1.4,4.3,6.3,40975.0,14046.0,-1.0,1.0
Saint-MaximinNEWMID,5.3,7.2%,4.7,18.0,268.0,1.0,1.0,1.0,7.0,0.0,0.0,0.0,0.0,0.0,0.0,2.0,64.0,82.4,66.1,41.0,19.0,4.7,0.0,0.9,3.4,4.5,180570.0,1116347.0,-2.0,2.0
SakaARSMID,5.3,3.1%,3.3,12.0,264.0,1.0,0.0,0.0,3.0,0.0,0.0,0.0,0.0,0.0,0.0,1.0,55.0,68.6,43.8,121.0,23.4,3.3,0.0,0.6,2.3,4.0,57460.0,357503.0,-2.0,2.0
EvansLEIDEF,5.5,0.2%,1.0,3.0,259.0,0.0,0.0,0.0,5.0,0.0,0.0,0.0,2.0,0.0,0.0,0.0,27.0,49.8,1.6,0.0,5.2,1.0,0.0,0.2,0.5,1.0,6413.0,6013.0,0.0,0.0
LacazetteARSFWD,8.5,4.3%,2.7,22.0,256.0,3.0,0.0,1.0,3.0,0.0,0.0,0.0,0.0,0.0,0.0,3.0,82.0,112.0,29.8,134.0,27.6,2.7,0.0,0.3,2.6,5.5,235948.0,259678.0,0.0,0.0
MahrezMCIMID,8.5,4.0%,4.2,17.0,256.0,1.0,1.0,1.0,6.0,0.0,0.0,0.0,0.0,0.0,0.0,2.0,53.0,62.6,88.5,105.0,25.6,4.2,1.0,0.5,2.0,5.7,400559.0,275663.0,0.0,0.0
WinksTOTMID,5.4,0.1%,0.7,5.0,256.0,0.0,0.0,0.0,7.0,0.0,0.0,0.0,1.0,0.0,0.0,0.0,36.0,35.0,20.4,0.0,5.5,0.7,0.0,0.1,0.9,1.2,2841.0,7423.0,-1.0,1.0
DohertyTOTDEF,5.8,10.3%,0.7,4.0,255.0,0.0,0.0,0.0,4.0,0.0,0.0,0.0,1.0,0.0,0.0,0.0,21.0,47.2,31.4,43.0,12.2,0.7,0.0,0.1,0.7,1.3,116511.0,970616.0,-2.0,2.0
Jack RobinsonSHUDEF,4.4,0.2%,2.0,8.0,251.0,0.0,1.0,0.0,4.0,0.0,0.0,0.0,0.0,0.0,0.0,0.0,34.0,35.0,4.6,17.0,5.6,2.0,0.0,0.5,1.8,2.7,5996.0,7372.0,-1.0,1.0
MendyMCIDEF,6.0,1.5%,0.5,2.0,250.0,0.0,0.0,0.0,7.0,0.0,0.0,0.0,2.0,0.0,0.0,0.0,23.0,16.6,26.2,10.0,5.1,0.5,0.0,0.1,0.3,0.7,22009.0,61068.0,0.0,0.0
ArmstrongSOUMID,5.5,0.2%,3.0,11.0,247.0,0.0,1.0,2.0,3.0,0.0,0.0,0.0,0.0,0.0,0.0,0.0,34.0,37.2,48.8,27.0,11.3,3.0,0.0,0.5,2.0,3.7,6291.0,18673.0,0.0,0.0
KeitaLIVMID,5.3,0.4%,1.0,7.0,243.0,0.0,0.0,1.0,7.0,0.0,0.0,0.0,0.0,0.0,0.0,0.0,33.0,17.6,25.8,92.0,13.6,1.0,0.0,0.2,1.3,1.8,13898.0,62924.0,-2.0,2.0
RodrigoLEEFWD,5.8,3.3%,3.7,13.0,242.0,1.0,0.0,0.0,3.0,0.0,0.0,0.0,0.0,0.0,0.0,3.0,45.0,54.8,58.7,132.0,24.6,3.7,0.0,0.6,2.2,2.6,102545.0,423693.0,-2.0,2.0
SchluppCRYMID,5.5,0.1%,1.0,12.0,241.0,0.0,1.0,3.0,0.0,0.0,0.0,0.0,1.0,0.0,0.0,1.0,39.0,54.6,37.0,22.0,11.4,1.0,0.0,0.2,2.2,4.0,7862.0,10290.0,0.0,0.0
PogbaMUNMID,7.8,1.4%,1.7,7.0,241.0,0.0,0.0,0.0,8.0,0.0,0.0,0.0,0.0,0.0,0.0,0.0,19.0,29.8,24.6,20.0,7.3,1.7,0.0,0.2,0.9,1.8,56202.0,104485.0,-2.0,2.0
HectorFULDEF,4.4,0.2%,0.0,0.0,237.0,0.0,0.0,0.0,10.0,0.0,0.0,0.0,1.0,0.0,0.0,0.0,33.0,38.8,11.3,18.0,6.7,0.0,0.0,0.0,0.0,0.0,3424.0,13179.0,-1.0,1.0
DjenepoSOUMID,5.5,0.1%,2.7,14.0,233.0,1.0,1.0,1.0,5.0,0.0,0.0,0.0,1.0,0.0,0.0,0.0,37.0,35.4,7.2,46.0,8.7,2.7,0.0,0.5,2.5,3.5,11869.0,11842.0,0.0,0.0
LallanaBHAMID,6.3,0.5%,1.7,7.0,230.0,0.0,0.0,0.0,5.0,0.0,0.0,0.0,0.0,0.0,0.0,0.0,25.0,18.0,49.1,11.0,7.7,1.7,0.0,0.3,1.1,1.4,6912.0,59211.0,-2.0,2.0
AzpilicuetaCHEDEF,5.9,4.3%,3.3,11.0,230.0,0.0,1.0,1.0,3.0,0.0,0.0,0.0,1.0,0.0,0.0,0.0,48.0,55.4,37.2,33.0,12.6,3.3,0.0,0.6,1.9,2.8,42474.0,265913.0,-1.0,1.0
FredericksWHUDEF,4.4,0.3%,0.3,4.0,228.0,0.0,1.0,0.0,4.0,0.0,0.0,0.0,2.0,0.0,0.0,0.0,43.0,60.4,109.8,6.0,17.7,0.3,0.0,0.1,0.9,1.3,8582.0,32638.0,-1.0,1.0
McTominayMUNMID,4.9,0.3%,1.0,5.0,225.0,0.0,0.0,0.0,6.0,0.0,0.0,0.0,0.0,0.0,0.0,0.0,40.0,52.6,71.6,40.0,16.4,1.0,0.0,0.2,1.0,1.7,7893.0,15153.0,-1.0,1.0
SissokoTOTMID,4.8,0.4%,1.3,5.0,225.0,0.0,0.0,0.0,5.0,0.0,0.0,0.0,0.0,0.0,0.0,0.0,40.0,48.6,29.2,0.0,7.8,1.3,0.0,0.3,1.0,1.7,10676.0,27024.0,-2.0,2.0
BarkleyAVLMID,5.9,2.2%,6.0,20.0,220.0,2.0,0.0,1.0,2.0,0.0,0.0,0.0,0.0,0.0,0.0,3.0,60.0,83.8,31.7,95.0,21.1,6.0,1.0,1.0,3.4,5.0,152396.0,31452.0,-1.0,1.0
BurkeSHUMID,4.5,1.1%,1.5,6.0,218.0,0.0,0.0,1.0,1.0,0.0,0.0,0.0,0.0,0.0,0.0,0.0,7.0,5.8,36.0,46.0,8.4,1.5,0.0,0.3,1.3,2.0,71571.0,68619.0,0.0,0.0
NdombeleTOTMID,5.9,0.3%,3.7,12.0,212.0,1.0,0.0,1.0,3.0,0.0,0.0,0.0,1.0,0.0,0.0,0.0,50.0,62.0,25.3,49.0,13.7,3.7,0.0,0.6,2.0,2.4,13282.0,13604.0,-1.0,1.0
MartialMUNFWD,8.8,4.4%,1.0,5.0,206.0,0.0,1.0,0.0,10.0,0.0,0.0,0.0,0.0,1.0,0.0,0.0,10.0,3.6,11.1,62.0,7.6,1.0,0.0,0.1,0.6,1.7,496208.0,1023229.0,-2.0,2.0
Decordova-ReidFULFWD,5.4,0.1%,1.0,9.0,204.0,1.0,0.0,0.0,4.0,0.0,0.0,0.0,1.0,0.0,0.0,0.0,45.0,41.6,14.7,47.0,10.3,1.0,0.0,0.2,1.7,2.2,9645.0,12343.0,-1.0,1.0
RedmondSOUMID,6.4,0.2%,1.0,5.0,201.0,0.0,0.0,0.0,4.0,0.0,0.0,0.0,0.0,0.0,0.0,0.0,12.0,14.4,13.2,35.0,6.2,1.0,0.0,0.2,0.8,1.7,12846.0,56961.0,-1.0,1.0
HendersonLIVMID,5.4,1.2%,0.7,5.0,200.0,0.0,0.0,0.0,4.0,0.0,0.0,0.0,0.0,0.0,0.0,0.0,34.0,30.0,45.1,38.0,11.3,0.7,0.0,0.1,0.9,1.7,17354.0,130536.0,-1.0,1.0
KamaraFULMID,4.9,0.1%,0.3,4.0,193.0,0.0,0.0,0.0,8.0,0.0,0.0,0.0,1.0,0.0,0.0,0.0,2.0,10.8,42.0,32.0,8.0,0.3,0.0,0.1,0.8,1.0,3949.0,7583.0,-1.0,1.0
GreenwoodMUNMID,7.3,4.1%,1.3,5.0,193.0,0.0,0.0,0.0,8.0,0.0,0.0,0.0,0.0,0.0,0.0,0.0,14.0,9.8,17.7,48.0,7.4,1.3,0.0,0.2,0.7,1.7,245995.0,472935.0,-2.0,2.0
AbrahamCHEFWD,7.3,2.5%,4.0,13.0,192.0,1.0,1.0,1.0,4.0,0.0,0.0,0.0,0.0,0.0,0.0,0.0,41.0,42.0,15.5,113.0,17.1,4.0,0.0,0.5,1.8,3.2,52502.0,196025.0,-2.0,2.0
NorwoodSHUMID,4.8,0.3%,0.8,5.0,191.0,0.0,0.0,0.0,4.0,0.0,0.0,0.0,0.0,0.0,0.0,0.0,30.0,29.6,45.4,0.0,7.6,0.8,0.0,0.2,1.0,1.7,4729.0,27243.0,-2.0,2.0
EzeCRYMID,5.9,0.4%,1.3,6.0,188.0,0.0,0.0,0.0,7.0,0.0,0.0,0.0,0.0,0.0,0.0,0.0,23.0,22.0,28.0,35.0,8.5,1.3,0.0,0.2,1.0,1.5,15339.0,30382.0,-1.0,1.0
Maitland-NilesARSDEF,4.9,1.4%,0.7,8.0,183.0,0.0,0.0,1.0,3.0,0.0,0.0,0.0,0.0,0.0,0.0,0.0,33.0,20.2,4.3,7.0,3.2,0.7,0.0,0.1,1.6,2.7,43291.0,88946.0,-1.0,1.0
TarkowskiBURDEF,5.4,2.8%,2.0,6.0,180.0,0.0,0.0,1.0,3.0,0.0,0.0,0.0,1.0,0.0,0.0,0.0,30.0,44.6,20.8,33.0,9.9,2.0,0.0,0.4,1.1,3.0,20211.0,218750.0,-1.0,1.0
DunneBURDEF,4.1,8.4%,0.7,8.0,180.0,1.0,0.0,0.0,5.0,0.0,0.0,0.0,0.0,0.0,0.0,0.0,35.0,66.2,21.2,38.0,12.6,0.7,0.0,0.2,2.0,4.0,684612.0,185059.0,1.0,-1.0
RobinsonFULDEF,4.4,0.1%,1.3,4.0,180.0,0.0,0.0,0.0,2.0,0.0,0.0,0.0,0.0,0.0,0.0,0.0,30.0,49.0,30.5,19.0,9.9,1.3,0.0,0.3,0.9,2.0,1819.0,4784.0,-1.0,1.0
AinaFULDEF,4.5,0.0%,2.0,4.0,180.0,0.0,0.0,0.0,2.0,0.0,0.0,0.0,0.0,0.0,0.0,0.0,32.0,33.2,20.5,0.0,5.3,2.0,0.0,0.4,0.9,2.0,1074.0,301.0,0.0,0.0
NdidiLEIMID,4.9,0.7%,0.0,5.0,180.0,0.0,0.0,1.0,2.0,0.0,0.0,0.0,0.0,0.0,0.0,0.0,29.0,47.8,1.5,0.0,4.9,0.0,0.0,0.0,1.0,2.5,17672.0,119295.0,-1.0,1.0
AdriánLIVGKP,4.5,0.6%,0.7,2.0,180.0,0.0,0.0,0.0,9.0,0.0,0.0,0.0,0.0,0.0,7.0,0.0,28.0,42.2,0.0,0.0,4.2,0.7,0.0,0.2,0.4,1.0,26627.0,13008.0,0.0,0.0
DiasMCIDEF,5.5,1.0%,3.5,7.0,180.0,0.0,0.0,1.0,1.0,0.0,0.0,0.0,1.0,0.0,0.0,0.0,37.0,34.6,3.3,8.0,4.6,3.5,0.0,0.6,1.3,3.5,69380.0,9155.0,0.0,0.0
KrafthNEWDEF,4.4,0.1%,1.3,4.0,180.0,0.0,1.0,0.0,5.0,0.0,0.0,0.0,1.0,0.0,0.0,0.0,30.0,40.2,26.9,2.0,6.9,1.3,0.0,0.3,0.9,2.0,1018.0,3316.0,-1.0,1.0
O'ConnellSHUDEF,4.9,0.2%,0.5,3.0,180.0,0.0,0.0,0.0,3.0,0.0,0.0,0.0,0.0,0.0,0.0,0.0,19.0,40.2,2.5,0.0,4.3,0.5,0.0,0.1,0.6,1.5,3129.0,36213.0,-1.0,1.0
StephensSOUDEF,4.9,0.3%,0.0,1.0,180.0,0.0,0.0,0.0,6.0,0.0,0.0,0.0,1.0,0.0,0.0,0.0,23.0,28.8,1.9,17.0,4.8,0.0,0.0,0.0,0.2,0.5,2045.0,19184.0,-1.0,1.0
AlderweireldTOTDEF,5.4,1.7%,0.3,3.0,180.0,0.0,0.0,0.0,4.0,0.0,0.0,0.0,0.0,0.0,0.0,0.0,27.0,45.6,11.3,2.0,5.9,0.3,0.0,0.1,0.6,1.5,28625.0,111076.0,-1.0,1.0
ReguilónTOTDEF,5.5,2.8%,2.0,6.0,180.0,0.0,1.0,0.0,4.0,0.0,0.0,0.0,0.0,0.0,0.0,0.0,39.0,43.4,61.3,14.0,11.9,2.0,0.0,0.4,1.1,3.0,203192.0,32259.0,0.0,0.0
DiopWHUDEF,4.5,0.8%,0.0,2.0,180.0,0.0,0.0,0.0,4.0,0.0,0.0,0.0,0.0,0.0,0.0,0.0,25.0,41.4,1.2,0.0,4.3,0.0,0.0,0.0,0.4,1.0,7678.0,65081.0,0.0,0.0
CoufalWHUDEF,4.5,0.2%,4.5,9.0,180.0,0.0,1.0,1.0,3.0,0.0,0.0,0.0,1.0,0.0,0.0,0.0,37.0,31.2,28.5,22.0,8.2,4.5,0.0,1.0,2.0,4.5,11858.0,3144.0,0.0,0.0
FleckSHUMID,5.8,0.2%,0.8,5.0,179.0,0.0,0.0,0.0,4.0,0.0,0.0,0.0,0.0,0.0,0.0,0.0,25.0,18.0,48.8,14.0,8.0,0.8,0.0,0.1,0.9,1.7,5297.0,28014.0,-2.0,2.0
OsbornSHUMID,4.9,0.0%,1.2,5.0,179.0,0.0,0.0,0.0,2.0,0.0,0.0,0.0,0.0,0.0,0.0,0.0,23.0,23.0,61.6,22.0,10.6,1.2,0.0,0.2,1.0,1.7,493.0,1425.0,-1.0,1.0
PépéARSMID,7.7,0.9%,3.0,11.0,177.0,1.0,0.0,0.0,3.0,0.0,0.0,0.0,0.0,0.0,0.0,0.0,33.0,38.8,20.5,61.0,12.0,3.0,0.0,0.4,1.4,2.2,13150.0,105884.0,-3.0,3.0
RobertsLEEMID,4.9,0.1%,0.7,4.0,173.0,0.0,0.0,0.0,4.0,0.0,0.0,0.0,0.0,0.0,0.0,0.0,16.0,13.6,31.6,11.0,5.6,0.7,0.0,0.1,0.8,1.0,2315.0,4249.0,-1.0,1.0
SigurdssonEVEMID,6.9,1.0%,2.3,9.0,169.0,0.0,1.0,0.0,2.0,0.0,0.0,0.0,0.0,0.0,0.0,0.0,48.0,47.2,49.2,22.0,11.9,2.3,0.0,0.3,1.3,1.8,8051.0,49387.0,-1.0,1.0
StruijkLEEDEF,4.0,1.9%,0.7,2.0,164.0,0.0,0.0,0.0,5.0,0.0,0.0,0.0,0.0,0.0,0.0,0.0,31.0,52.0,0.6,2.0,5.5,0.7,0.0,0.2,0.5,1.0,89290.0,86205.0,0.0,0.0
Thiago SilvaCHEDEF,5.5,2.0%,2.3,7.0,162.0,0.0,0.0,1.0,3.0,0.0,0.0,0.0,0.0,0.0,0.0,0.0,41.0,40.0,15.3,2.0,5.8,2.3,0.0,0.4,1.3,3.5,62436.0,147857.0,0.0,0.0
ReedFULMID,4.5,0.8%,0.0,4.0,159.0,0.0,0.0,0.0,7.0,0.0,0.0,0.0,0.0,0.0,0.0,0.0,31.0,23.6,19.6,8.0,5.1,0.0,0.0,0.0,0.9,2.0,44897.0,70791.0,0.0,0.0
StephensBURMID,4.4,8.3%,1.3,4.0,157.0,0.0,0.0,0.0,3.0,0.0,0.0,0.0,0.0,0.0,0.0,0.0,22.0,19.8,6.6,21.0,4.8,1.3,0.0,0.3,0.9,2.0,188395.0,496274.0,-1.0,1.0
FernandinhoMCIDEF,5.5,1.3%,1.2,5.0,154.0,0.0,0.0,0.0,2.0,0.0,0.0,0.0,0.0,0.0,0.0,0.0,24.0,33.4,13.2,30.0,7.7,1.2,0.0,0.2,0.9,1.2,38091.0,42671.0,0.0,0.0
BarnesBURFWD,6.0,0.1%,1.0,3.0,152.0,0.0,0.0,1.0,3.0,0.0,0.0,0.0,1.0,0.0,0.0,0.0,4.0,10.6,39.0,87.0,13.6,1.0,0.0,0.2,0.5,1.5,3511.0,7360.0,0.0,0.0
AmpaduSHUDEF,4.5,0.6%,0.8,3.0,149.0,0.0,0.0,0.0,2.0,0.0,0.0,0.0,0.0,0.0,0.0,0.0,20.0,36.4,0.7,3.0,4.0,0.8,0.0,0.2,0.7,1.5,13570.0,31417.0,0.0,0.0
CarrollNEWFWD,5.4,0.5%,1.3,7.0,145.0,0.0,1.0,1.0,2.0,0.0,0.0,0.0,0.0,0.0,0.0,0.0,15.0,10.2,16.1,72.0,9.8,1.3,0.0,0.2,1.3,2.3,40683.0,49576.0,-1.0,1.0
AmarteyLEIDEF,4.0,1.2%,0.0,0.0,144.0,0.0,0.0,0.0,4.0,0.0,0.0,0.0,1.0,0.0,0.0,0.0,19.0,22.4,1.8,0.0,2.4,0.0,0.0,0.0,0.0,0.0,38583.0,62665.0,0.0,0.0
PietersBURDEF,4.4,0.7%,2.0,4.0,140.0,0.0,0.0,1.0,3.0,1.0,0.0,0.0,0.0,0.0,0.0,0.0,19.0,7.6,2.0,17.0,2.6,2.0,0.0,0.5,0.9,2.0,17668.0,58054.0,-1.0,1.0
Loftus-CheekFULMID,5.9,0.2%,1.0,5.0,140.0,0.0,0.0,1.0,1.0,0.0,0.0,0.0,0.0,0.0,0.0,0.0,20.0,12.4,17.4,33.0,6.2,1.0,0.0,0.2,0.8,2.5,5889.0,8967.0,-1.0,1.0
FredMUNMID,5.3,0.1%,1.3,4.0,138.0,0.0,0.0,0.0,4.0,0.0,0.0,0.0,0.0,0.0,0.0,0.0,25.0,21.8,16.7,10.0,4.8,1.3,0.0,0.2,0.8,1.3,2436.0,7269.0,-2.0,2.0
HourihaneAVLMID,6.0,0.3%,4.2,17.0,137.0,1.0,1.0,2.0,0.0,0.0,0.0,0.0,0.0,0.0,0.0,3.0,57.0,62.2,77.7,23.0,16.3,4.2,1.0,0.7,2.8,8.5,21484.0,12947.0,0.0,0.0
Hudson-OdoiCHEMID,5.8,0.4%,3.0,10.0,137.0,1.0,0.0,1.0,0.0,0.0,0.0,0.0,0.0,0.0,0.0,0.0,44.0,46.6,59.5,49.0,15.5,3.0,0.0,0.5,1.7,3.3,19629.0,30393.0,-2.0,2.0
MaticMUNMID,4.9,0.3%,2.0,6.0,136.0,0.0,1.0,0.0,6.0,0.0,0.0,0.0,1.0,0.0,0.0,0.0,28.0,28.4,17.5,9.0,5.5,2.0,0.0,0.4,1.2,2.0,8651.0,13252.0,-1.0,1.0
ThiagoLIVMID,6.0,2.0%,0.7,3.0,135.0,0.0,0.0,0.0,2.0,0.0,0.0,0.0,0.0,0.0,0.0,0.0,22.0,20.2,44.6,12.0,7.7,0.7,0.0,0.1,0.5,1.5,288513.0,219053.0,0.0,0.0
OnomahFULMID,4.8,0.1%,0.0,3.0,131.0,0.0,0.0,0.0,7.0,0.0,0.0,0.0,0.0,0.0,0.0,0.0,7.0,12.0,7.4,2.0,2.1,0.0,0.0,0.0,0.6,1.5,1834.0,9335.0,-2.0,2.0
KovacicCHEMID,5.5,0.3%,0.7,4.0,130.0,0.0,0.0,0.0,5.0,0.0,0.0,0.0,0.0,0.0,0.0,0.0,22.0,8.4,10.9,1.0,2.0,0.7,0.0,0.1,0.7,1.3,18770.0,19415.0,0.0,0.0
SharpSHUFWD,5.8,0.2%,2.2,11.0,129.0,1.0,0.0,0.0,3.0,0.0,0.0,0.0,0.0,0.0,0.0,2.0,25.0,36.6,4.9,61.0,10.3,2.2,0.0,0.4,1.9,2.8,6825.0,17758.0,-2.0,2.0
TeteFULDEF,4.4,0.1%,0.0,2.0,128.0,0.0,1.0,0.0,6.0,0.0,0.0,0.0,1.0,0.0,0.0,0.0,29.0,53.0,67.5,4.0,12.4,0.0,0.0,0.0,0.5,1.0,5689.0,10557.0,-1.0,1.0
AlmirónNEWMID,5.8,0.5%,1.0,8.0,128.0,0.0,1.0,0.0,4.0,0.0,0.0,0.0,0.0,0.0,0.0,0.0,36.0,46.2,67.2,38.0,15.1,1.0,0.0,0.2,1.4,2.0,15496.0,51568.0,-2.0,2.0
VydraBURFWD,5.0,0.8%,1.0,4.0,123.0,0.0,0.0,0.0,2.0,0.0,0.0,0.0,0.0,0.0,0.0,0.0,12.0,8.6,27.1,65.0,10.1,1.0,0.0,0.2,0.8,1.3,55212.0,53286.0,0.0,0.0
Le MarchandFULDEF,4.3,0.1%,0.3,1.0,122.0,0.0,0.0,0.0,1.0,0.0,0.0,0.0,2.0,0.0,0.0,0.0,12.0,12.6,1.6,1.0,1.6,0.3,0.0,0.1,0.2,0.5,874.0,7345.0,-2.0,2.0
Lo CelsoTOTMID,6.9,0.5%,1.0,3.0,121.0,0.0,0.0,1.0,1.0,0.0,0.0,0.0,1.0,0.0,0.0,0.0,10.0,14.4,46.3,43.0,10.4,1.0,0.0,0.1,0.4,1.5,4226.0,29944.0,-1.0,1.0
JamesMUNMID,6.3,0.3%,0.3,2.0,120.0,0.0,0.0,0.0,2.0,0.0,0.0,0.0,1.0,0.0,0.0,0.0,17.0,10.0,31.1,80.0,12.1,0.3,0.0,0.0,0.3,1.0,6019.0,18580.0,-2.0,2.0
KebanoFULMID,4.8,0.1%,0.7,5.0,115.0,0.0,0.0,0.0,3.0,0.0,0.0,0.0,0.0,0.0,0.0,0.0,11.0,1.4,14.6,47.0,5.9,0.7,0.0,0.1,1.0,1.2,2313.0,8413.0,-2.0,2.0
Bernardo SilvaMCIMID,7.4,0.5%,1.0,4.0,115.0,0.0,0.0,1.0,0.0,0.0,0.0,0.0,0.0,0.0,0.0,0.0,20.0,19.0,19.9,12.0,5.1,1.0,0.0,0.1,0.5,2.0,18156.0,40084.0,-1.0,1.0
BurnBHADEF,4.4,0.5%,0.7,3.0,113.0,0.0,0.0,0.0,1.0,0.0,0.0,0.0,0.0,0.0,0.0,0.0,14.0,8.0,4.5,8.0,2.1,0.7,0.0,0.2,0.7,1.5,4218.0,26699.0,-1.0,1.0
LookmanFULMID,5.0,0.2%,5.5,11.0,113.0,1.0,0.0,0.0,1.0,0.0,0.0,0.0,0.0,0.0,0.0,3.0,41.0,66.8,52.7,46.0,16.6,5.5,0.0,1.1,2.2,5.5,11062.0,1456.0,0.0,0.0
JotaLIVMID,6.3,1.8%,3.0,9.0,112.0,1.0,0.0,0.0,8.0,0.0,0.0,0.0,0.0,0.0,0.0,0.0,25.0,43.2,32.0,103.0,17.8,3.0,0.0,0.5,1.4,3.0,98102.0,217048.0,-2.0,2.0
SmallboneSOUMID,4.5,0.4%,0.0,3.0,111.0,0.0,0.0,0.0,4.0,0.0,0.0,0.0,0.0,0.0,0.0,0.0,8.0,7.2,4.1,0.0,1.1,0.0,0.0,0.0,0.7,1.5,22959.0,26712.0,0.0,0.0
RiedewaldCRYMID,4.4,0.5%,1.3,4.0,110.0,0.0,0.0,0.0,3.0,0.0,0.0,0.0,0.0,0.0,0.0,0.0,17.0,19.4,2.2,0.0,2.2,1.3,0.0,0.3,0.9,1.3,35375.0,18558.0,-1.0,1.0
BatshuayiCRYFWD,5.8,0.8%,2.0,7.0,106.0,0.0,1.0,1.0,0.0,0.0,0.0,0.0,0.0,0.0,0.0,0.0,13.0,1.8,2.2,9.0,1.2,2.0,0.0,0.3,1.2,2.3,23675.0,120894.0,-2.0,2.0
WalcottSOUMID,5.8,0.2%,1.5,6.0,102.0,0.0,1.0,0.0,4.0,0.0,0.0,0.0,0.0,0.0,0.0,0.0,24.0,26.8,54.1,9.0,9.0,1.5,0.0,0.3,1.0,3.0,5294.0,13503.0,-2.0,2.0
IwobiEVEMID,5.9,0.2%,2.3,8.0,100.0,0.0,1.0,0.0,2.0,0.0,0.0,0.0,0.0,0.0,0.0,0.0,22.0,29.2,21.5,8.0,5.8,2.3,0.0,0.4,1.4,2.0,3532.0,8453.0,-1.0,1.0
TorresMCIMID,6.9,0.8%,1.8,7.0,99.0,0.0,1.0,0.0,3.0,0.0,0.0,0.0,0.0,0.0,0.0,0.0,15.0,17.6,24.0,41.0,8.2,1.8,0.0,0.3,1.0,2.3,18489.0,45879.0,-1.0,1.0
SchärNEWDEF,4.9,0.0%,0.3,1.0,95.0,0.0,0.0,0.0,3.0,0.0,0.0,0.0,0.0,0.0,0.0,0.0,7.0,9.0,0.8,1.0,1.1,0.3,0.0,0.1,0.2,0.5,1133.0,1537.0,-1.0,1.0
PulisicCHEMID,8.3,4.0%,1.0,3.0,93.0,0.0,0.0,0.0,2.0,0.0,0.0,0.0,0.0,0.0,0.0,0.0,13.0,17.8,12.5,28.0,5.9,1.0,0.0,0.1,0.4,1.5,196217.0,629311.0,-2.0,2.0
DaviesEVEMID,5.4,0.1%,1.0,4.0,92.0,0.0,0.0,0.0,2.0,0.0,0.0,0.0,0.0,0.0,0.0,0.0,24.0,22.2,2.8,0.0,2.5,1.0,0.0,0.2,0.7,1.3,2338.0,5997.0,-1.0,1.0
FraserNEWMID,5.8,0.4%,1.7,6.0,92.0,0.0,1.0,0.0,4.0,0.0,0.0,0.0,0.0,0.0,0.0,0.0,16.0,4.6,3.3,7.0,1.4,1.7,0.0,0.3,1.0,2.0,11006.0,57731.0,-2.0,2.0
MatipLIVDEF,5.4,0.4%,0.3,2.0,91.0,0.0,0.0,0.0,2.0,0.0,0.0,0.0,0.0,0.0,0.0,0.0,12.0,12.6,0.8,17.0,3.0,0.3,0.0,0.1,0.4,1.0,10608.0,24245.0,-1.0,1.0
KolasinacARSDEF,4.8,0.2%,0.0,2.0,90.0,0.0,0.0,0.0,1.0,0.0,0.0,0.0,0.0,0.0,0.0,0.0,9.0,3.6,5.4,4.0,1.3,0.0,0.0,0.0,0.4,2.0,3968.0,12766.0,-2.0,2.0
GudmundssonBURMID,5.4,0.0%,1.3,4.0,90.0,0.0,0.0,1.0,1.0,0.0,0.0,0.0,0.0,0.0,0.0,0.0,10.0,11.4,17.2,9.0,3.8,1.3,0.0,0.2,0.7,2.0,9962.0,13517.0,-1.0,1.0
CaballeroCHEGKP,4.9,0.3%,0.3,1.0,90.0,0.0,0.0,0.0,3.0,0.0,0.0,0.0,0.0,0.0,0.0,0.0,7.0,4.2,0.0,0.0,0.4,0.3,0.0,0.1,0.2,1.0,4126.0,13333.0,-1.0,1.0
MendyCHEGKP,5.0,1.0%,2.0,6.0,90.0,0.0,0.0,1.0,0.0,0.0,0.0,0.0,0.0,0.0,0.0,0.0,20.0,5.0,0.0,0.0,0.5,2.0,0.0,0.4,1.2,6.0,125273.0,71656.0,0.0,0.0
CahillCRYDEF,4.5,0.1%,0.7,2.0,90.0,0.0,0.0,0.0,1.0,0.0,0.0,0.0,0.0,0.0,0.0,0.0,14.0,26.0,0.0,0.0,2.6,0.7,0.0,0.2,0.4,2.0,3139.0,3810.0,0.0,0.0
DannCRYDEF,4.5,0.7%,0.0,7.0,90.0,0.0,0.0,1.0,0.0,0.0,0.0,0.0,0.0,0.0,0.0,1.0,24.0,15.6,0.4,8.0,2.4,0.0,0.0,0.0,1.6,7.0,44958.0,54683.0,0.0,0.0
RodákFULGKP,4.4,0.4%,0.0,1.0,90.0,0.0,0.0,0.0,3.0,0.0,0.0,0.0,0.0,0.0,2.0,0.0,11.0,18.2,0.0,0.0,1.8,0.0,0.0,0.0,0.2,1.0,7364.0,17139.0,-1.0,1.0
FofanaLEIDEF,5.0,0.0%,1.0,2.0,90.0,0.0,0.0,0.0,1.0,0.0,0.0,0.0,0.0,0.0,0.0,0.0,20.0,26.6,0.3,0.0,2.7,1.0,0.0,0.2,0.4,2.0,1638.0,309.0,0.0,0.0
StonesMCIDEF,4.9,0.5%,0.5,2.0,90.0,0.0,0.0,0.0,1.0,0.0,0.0,0.0,0.0,0.0,0.0,0.0,14.0,20.2,0.3,0.0,2.1,0.5,0.0,0.1,0.4,2.0,18499.0,24439.0,-1.0,1.0
CanceloMCIDEF,5.4,0.6%,2.0,8.0,90.0,0.0,0.0,1.0,0.0,0.0,0.0,0.0,1.0,0.0,0.0,3.0,28.0,27.2,38.8,6.0,7.2,2.0,0.0,0.4,1.5,8.0,17292.0,47365.0,-1.0,1.0
LaporteMCIDEF,6.0,2.8%,0.5,2.0,90.0,0.0,0.0,0.0,1.0,0.0,0.0,0.0,0.0,0.0,0.0,0.0,9.0,10.8,0.7,6.0,1.8,0.5,0.0,0.1,0.3,2.0,46766.0,195143.0,0.0,0.0
GarciaMCIDEF,4.8,0.2%,0.0,0.0,90.0,0.0,0.0,0.0,5.0,0.0,0.0,0.0,0.0,0.0,0.0,0.0,17.0,14.6,15.8,0.0,3.0,0.0,0.0,0.0,0.0,0.0,5285.0,13497.0,-2.0,2.0
JesusMCIFWD,9.4,0.8%,1.5,6.0,90.0,1.0,0.0,0.0,1.0,0.0,0.0,0.0,1.0,0.0,0.0,1.0,28.0,47.0,13.8,45.0,10.6,1.5,0.0,0.2,0.6,6.0,121698.0,202085.0,-1.0,1.0
MataMUNMID,5.9,0.1%,1.7,5.0,90.0,0.0,1.0,0.0,1.0,0.0,0.0,0.0,0.0,0.0,0.0,0.0,24.0,29.8,46.5,19.0,9.5,1.7,0.0,0.3,0.8,5.0,3185.0,5801.0,-1.0,1.0
HegaziWBADEF,4.3,0.4%,2.0,6.0,90.0,0.0,0.0,1.0,0.0,0.0,0.0,0.0,0.0,0.0,0.0,0.0,24.0,19.6,0.3,0.0,2.0,2.0,0.0,0.5,1.4,6.0,5707.0,56967.0,-2.0,2.0
IvanovicWBADEF,4.5,0.1%,2.0,6.0,90.0,0.0,0.0,1.0,0.0,0.0,0.0,0.0,0.0,0.0,0.0,0.0,25.0,21.6,0.1,57.0,7.9,2.0,0.0,0.4,1.3,6.0,6744.0,3384.0,0.0,0.0
GallagherWBAMID,5.5,0.0%,1.0,3.0,90.0,0.0,0.0,1.0,0.0,0.0,0.0,0.0,0.0,0.0,0.0,0.0,10.0,13.8,22.5,3.0,3.9,1.0,0.0,0.2,0.5,3.0,750.0,424.0,0.0,0.0
Poveda-OcampoLEEMID,4.4,0.5%,1.0,3.0,88.0,0.0,0.0,0.0,0.0,0.0,0.0,0.0,0.0,0.0,0.0,0.0,8.0,12.8,16.1,43.0,7.2,1.0,0.0,0.2,0.7,1.0,26276.0,20062.0,-1.0,1.0
MaddisonLEIMID,7.0,2.4%,3.7,13.0,86.0,1.0,1.0,0.0,3.0,0.0,0.0,0.0,0.0,0.0,0.0,1.0,37.0,40.2,39.0,25.0,10.4,3.7,0.0,0.5,1.9,3.2,209883.0,168100.0,0.0,0.0
EdwardsWBAMID,4.9,0.0%,0.3,3.0,86.0,0.0,0.0,0.0,3.0,0.0,0.0,0.0,0.0,0.0,0.0,0.0,7.0,5.8,0.7,37.0,4.3,0.3,0.0,0.1,0.6,1.0,402.0,1491.0,-1.0,1.0
LamelaTOTMID,5.9,0.2%,0.3,5.0,85.0,0.0,1.0,0.0,3.0,0.0,0.0,0.0,1.0,0.0,0.0,0.0,18.0,10.2,3.5,70.0,8.4,0.3,0.0,0.1,0.8,1.7,8045.0,12033.0,-1.0,1.0
Robson-KanuWBAFWD,5.3,0.2%,0.7,3.0,84.0,0.0,0.0,0.0,5.0,0.0,0.0,0.0,0.0,0.0,0.0,0.0,6.0,7.2,10.7,16.0,3.4,0.7,0.0,0.1,0.6,1.0,6566.0,25048.0,-2.0,2.0
RodriguezBURFWD,5.9,0.3%,0.3,2.0,82.0,0.0,0.0,0.0,3.0,0.0,0.0,0.0,1.0,0.0,0.0,0.0,5.0,3.6,11.5,13.0,2.8,0.3,0.0,0.1,0.3,1.0,7089.0,42623.0,-1.0,1.0
Fosu-MensahMUNDEF,4.4,0.1%,0.0,0.0,80.0,0.0,0.0,0.0,2.0,0.0,0.0,0.0,1.0,0.0,0.0,0.0,17.0,17.8,30.5,16.0,6.4,0.0,0.0,0.0,0.0,0.0,3283.0,5351.0,-1.0,1.0
HernándezLEEMID,5.8,0.4%,0.3,3.0,76.0,0.0,0.0,0.0,3.0,0.0,0.0,0.0,0.0,0.0,0.0,0.0,10.0,8.6,5.7,24.0,3.9,0.3,0.0,0.1,0.5,1.5,13174.0,108125.0,-2.0,2.0
NobleWHUMID,4.8,0.8%,0.7,4.0,70.0,0.0,0.0,0.0,1.0,0.0,0.0,0.0,0.0,0.0,0.0,0.0,14.0,7.0,12.8,0.0,2.0,0.7,0.0,0.1,0.8,1.3,4803.0,95657.0,-2.0,2.0
RitchieNEWMID,4.9,0.1%,0.7,2.0,68.0,0.0,0.0,0.0,1.0,0.0,0.0,0.0,0.0,0.0,0.0,0.0,10.0,11.6,23.3,18.0,5.3,0.7,0.0,0.1,0.4,2.0,1165.0,5507.0,-1.0,1.0
AlioskiLEEDEF,4.4,0.4%,0.7,3.0,66.0,0.0,0.0,0.0,1.0,0.0,0.0,0.0,0.0,0.0,0.0,0.0,9.0,8.4,2.4,23.0,3.5,0.7,0.0,0.2,0.7,1.0,8273.0,28255.0,-1.0,1.0
AgüeroMCIFWD,10.4,1.9%,0.5,2.0,64.0,0.0,0.0,1.0,0.0,0.0,0.0,0.0,0.0,0.0,0.0,0.0,14.0,4.0,35.2,10.0,4.9,0.5,0.0,0.0,0.2,2.0,106604.0,257182.0,-1.0,1.0
FieldWBAMID,4.8,0.0%,0.7,3.0,61.0,0.0,0.0,0.0,2.0,0.0,0.0,0.0,0.0,0.0,0.0,0.0,16.0,20.0,0.5,0.0,2.0,0.7,0.0,0.1,0.6,1.0,334.0,1183.0,-2.0,2.0
BradyBURMID,5.0,0.0%,0.3,2.0,60.0,0.0,0.0,0.0,1.0,0.0,0.0,0.0,0.0,0.0,0.0,0.0,7.0,7.2,2.5,17.0,2.7,0.3,0.0,0.1,0.4,1.0,790.0,3174.0,0.0,0.0
van de BeekMUNMID,6.9,2.7%,1.0,9.0,60.0,1.0,0.0,0.0,4.0,0.0,0.0,0.0,0.0,0.0,0.0,0.0,31.0,41.6,16.5,31.0,8.9,1.0,0.0,0.1,1.3,2.2,146970.0,220920.0,-1.0,1.0
GodfreyEVEDEF,5.0,0.0%,1.0,1.0,59.0,0.0,0.0,0.0,1.0,0.0,0.0,0.0,0.0,0.0,0.0,0.0,8.0,20.4,10.4,0.0,3.1,1.0,0.0,0.2,0.2,1.0,2535.0,547.0,0.0,0.0
MilnerLIVMID,5.3,0.1%,0.7,3.0,59.0,0.0,0.0,0.0,1.0,0.0,0.0,0.0,0.0,0.0,0.0,0.0,18.0,15.8,22.2,6.0,4.4,0.7,0.0,0.1,0.6,1.0,1796.0,8808.0,-2.0,2.0
JonesLIVMID,4.4,0.5%,0.3,2.0,53.0,0.0,0.0,0.0,3.0,0.0,0.0,0.0,0.0,0.0,0.0,0.0,6.0,8.2,14.6,2.0,2.5,0.3,0.0,0.1,0.5,1.0,19453.0,26243.0,-1.0,1.0
TellaSOUMID,4.5,0.3%,0.7,3.0,48.0,0.0,0.0,0.0,2.0,0.0,0.0,0.0,0.0,0.0,0.0,0.0,9.0,3.0,1.8,3.0,0.7,0.7,0.0,0.2,0.7,1.0,23103.0,14790.0,0.0,0.0
VeltmanBHADEF,4.3,0.2%,0.0,0.0,45.0,0.0,0.0,0.0,2.0,0.0,0.0,0.0,0.0,0.0,0.0,0.0,10.0,16.6,4.9,4.0,2.6,0.0,0.0,0.0,0.0,0.0,3648.0,15786.0,-2.0,2.0
TomoriCHEDEF,4.8,0.3%,0.0,0.0,45.0,0.0,0.0,0.0,2.0,0.0,0.0,0.0,0.0,0.0,0.0,0.0,8.0,26.6,0.1,0.0,2.7,0.0,0.0,0.0,0.0,0.0,5205.0,16296.0,-2.0,2.0
GroßBHAMID,5.8,0.1%,1.0,4.0,43.0,0.0,0.0,0.0,1.0,0.0,0.0,0.0,0.0,0.0,0.0,0.0,16.0,11.6,33.0,10.0,5.5,1.0,0.0,0.2,0.7,1.0,1329.0,7474.0,-2.0,2.0
JohnsonWHUDEF,4.0,2.2%,0.3,1.0,41.0,0.0,0.0,0.0,0.0,0.0,0.0,0.0,0.0,0.0,0.0,0.0,4.0,3.8,1.3,0.0,0.5,0.3,0.0,0.1,0.2,1.0,48664.0,79506.0,0.0,0.0
DelapMCIFWD,4.5,1.0%,0.2,1.0,39.0,0.0,0.0,0.0,4.0,0.0,0.0,0.0,0.0,0.0,0.0,0.0,0.0,0.0,0.3,4.0,0.2,0.2,0.0,0.0,0.2,1.0,103874.0,54919.0,0.0,0.0
ÜnderLEIMID,6.0,0.0%,0.3,1.0,35.0,0.0,0.0,0.0,1.0,0.0,0.0,0.0,0.0,0.0,0.0,0.0,2.0,2.6,3.3,4.0,1.0,0.3,0.0,0.0,0.2,1.0,5297.0,3277.0,0.0,0.0
DelphEVEMID,4.9,0.0%,0.3,1.0,32.0,0.0,0.0,0.0,1.0,0.0,0.0,0.0,0.0,0.0,0.0,0.0,6.0,4.0,0.8,0.0,0.5,0.3,0.0,0.1,0.2,1.0,1286.0,2493.0,-1.0,1.0
AlbrightonLEIMID,5.4,0.1%,0.0,2.0,30.0,0.0,0.0,0.0,0.0,0.0,0.0,0.0,0.0,0.0,0.0,0.0,6.0,0.6,0.9,2.0,0.3,0.0,0.0,0.0,0.4,1.0,2700.0,9140.0,-1.0,1.0
LeminaFULMID,4.5,0.5%,0.3,2.0,29.0,0.0,0.0,0.0,1.0,0.0,0.0,0.0,0.0,0.0,0.0,0.0,6.0,5.0,0.4,8.0,1.4,0.3,0.0,0.1,0.4,1.0,8100.0,52457.0,0.0,0.0
DavisAVLFWD,4.4,10.3%,0.2,1.0,28.0,0.0,0.0,0.0,0.0,0.0,0.0,0.0,0.0,0.0,0.0,0.0,3.0,4.4,12.9,6.0,2.3,0.2,0.0,0.0,0.2,1.0,390005.0,719071.0,-1.0,1.0
JahanbakhshBHAMID,5.4,0.0%,1.0,5.0,28.0,0.0,1.0,0.0,1.0,0.0,0.0,0.0,1.0,0.0,0.0,0.0,27.0,30.6,41.5,28.0,10.0,1.0,0.0,0.2,0.9,1.7,1061.0,2836.0,-1.0,1.0
BrewsterSHUFWD,4.5,6.9%,0.3,1.0,26.0,0.0,0.0,0.0,1.0,0.0,0.0,0.0,0.0,0.0,0.0,0.0,1.0,1.4,0.3,0.0,0.2,0.3,0.0,0.1,0.2,1.0,422190.0,326053.0,0.0,0.0
GündoganMCIMID,5.4,0.2%,0.2,1.0,25.0,0.0,0.0,0.0,0.0,0.0,0.0,0.0,0.0,0.0,0.0,0.0,4.0,2.8,13.7,0.0,1.7,0.2,0.0,0.0,0.2,1.0,9711.0,31151.0,-1.0,1.0
LongSOUFWD,5.3,0.8%,0.7,4.0,25.0,0.0,0.0,0.0,1.0,0.0,0.0,0.0,0.0,0.0,0.0,0.0,7.0,2.0,0.6,6.0,0.7,0.7,0.0,0.1,0.8,1.0,21145.0,72343.0,-2.0,2.0
HarperWBAMID,4.4,0.5%,0.0,1.0,21.0,0.0,0.0,0.0,2.0,0.0,0.0,0.0,0.0,0.0,0.0,0.0,3.0,1.8,1.8,0.0,0.4,0.0,0.0,0.0,0.2,1.0,14392.0,24416.0,-1.0,1.0
SlimaniLEIFWD,5.0,0.0%,1.0,1.0,19.0,0.0,0.0,0.0,1.0,0.0,0.0,0.0,0.0,0.0,0.0,0.0,3.0,0.2,11.7,6.0,1.8,1.0,0.0,0.2,0.2,1.0,1438.0,203.0,0.0,0.0
TraoréAVLMID,6.0,0.0%,1.0,3.0,18.0,0.0,0.0,0.0,0.0,0.0,0.0,0.0,0.0,0.0,0.0,0.0,9.0,5.6,2.0,47.0,5.5,1.0,0.0,0.2,0.5,1.0,5184.0,3292.0,0.0,0.0
ZiyechCHEMID,7.9,1.3%,0.3,1.0,18.0,0.0,0.0,0.0,1.0,0.0,0.0,0.0,0.0,0.0,0.0,0.0,4.0,2.8,15.4,0.0,1.8,0.3,0.0,0.0,0.1,1.0,52240.0,117045.0,-1.0,1.0
LoweSHUDEF,4.4,0.1%,0.2,1.0,18.0,0.0,0.0,0.0,0.0,0.0,0.0,0.0,0.0,0.0,0.0,0.0,3.0,1.2,0.1,0.0,0.1,0.2,0.0,0.0,0.2,1.0,602.0,2572.0,-1.0,1.0
GiroudCHEFWD,6.8,0.7%,0.3,1.0,17.0,0.0,0.0,0.0,0.0,0.0,0.0,0.0,0.0,0.0,0.0,0.0,3.0,0.0,1.8,6.0,0.8,0.3,0.0,0.0,0.1,1.0,10076.0,61238.0,-2.0,2.0
MurphyNEWMID,4.9,0.0%,0.3,1.0,16.0,0.0,0.0,0.0,0.0,0.0,0.0,0.0,0.0,0.0,0.0,0.0,5.0,6.8,0.3,0.0,0.7,0.3,0.0,0.1,0.2,1.0,784.0,1927.0,-1.0,1.0
NakambaAVLMID,4.4,0.4%,0.2,1.0,13.0,0.0,0.0,0.0,0.0,0.0,0.0,0.0,1.0,0.0,0.0,0.0,4.0,8.4,0.6,7.0,1.7,0.2,0.0,0.0,0.2,0.5,7791.0,20163.0,-1.0,1.0
RamseyAVLMID,4.5,0.0%,0.3,1.0,13.0,0.0,0.0,0.0,0.0,0.0,0.0,0.0,0.0,0.0,0.0,0.0,4.0,0.0,0.0,0.0,0.0,0.3,0.0,0.1,0.2,1.0,2867.0,1076.0,0.0,0.0
KeanEVEFWD,5.8,0.3%,0.0,2.0,13.0,0.0,0.0,0.0,0.0,0.0,0.0,0.0,0.0,0.0,0.0,0.0,1.0,0.0,1.3,11.0,0.9,0.0,0.0,0.0,0.3,1.0,7713.0,30583.0,-2.0,2.0
ChoudhuryLEIMID,4.9,0.1%,0.7,2.0,13.0,0.0,0.0,0.0,1.0,0.0,0.0,0.0,0.0,0.0,0.0,0.0,8.0,3.2,1.6,0.0,0.5,0.7,0.0,0.1,0.4,1.0,1224.0,3637.0,-1.0,1.0
DavisLEEDEF,4.0,1.3%,0.3,1.0,13.0,0.0,0.0,0.0,0.0,0.0,0.0,0.0,0.0,0.0,0.0,0.0,1.0,0.0,0.3,0.0,0.0,0.3,0.0,0.1,0.2,1.0,31275.0,45825.0,0.0,0.0
ObafemiSOUFWD,4.8,1.4%,0.3,1.0,13.0,0.0,0.0,0.0,0.0,0.0,0.0,0.0,0.0,0.0,0.0,0.0,2.0,0.4,0.1,0.0,0.1,0.3,0.0,0.1,0.2,1.0,39999.0,124273.0,-2.0,2.0
LanziniWHUMID,6.4,0.1%,1.7,5.0,13.0,1.0,0.0,0.0,0.0,0.0,0.0,0.0,1.0,0.0,0.0,0.0,19.0,34.4,0.5,7.0,4.2,1.7,0.0,0.3,0.8,5.0,2380.0,2884.0,-1.0,1.0
Mac AllisterBHAMID,5.3,0.0%,3.0,9.0,12.0,1.0,0.0,0.0,0.0,0.0,0.0,0.0,0.0,0.0,0.0,3.0,22.0,36.2,0.5,7.0,4.4,3.0,0.0,0.6,1.7,9.0,829.0,2630.0,-2.0,2.0
El MohamadyAVLDEF,4.4,0.4%,0.2,1.0,10.0,0.0,0.0,0.0,0.0,0.0,0.0,0.0,0.0,0.0,0.0,0.0,4.0,3.6,11.1,2.0,1.7,0.2,0.0,0.0,0.2,1.0,6201.0,17035.0,-1.0,1.0
BentekeCRYFWD,5.5,0.2%,0.7,2.0,10.0,0.0,0.0,0.0,1.0,0.0,0.0,0.0,0.0,0.0,0.0,0.0,5.0,4.0,0.0,6.0,1.0,0.7,0.0,0.1,0.4,1.0,15235.0,21131.0,0.0,0.0
FuchsLEIDEF,4.5,0.1%,0.3,1.0,10.0,0.0,0.0,0.0,1.0,0.0,0.0,0.0,0.0,0.0,0.0,0.0,3.0,6.0,0.0,0.0,0.6,0.3,0.0,0.1,0.2,1.0,4804.0,3839.0,0.0,0.0
ShackletonLEEMID,4.8,0.0%,0.0,1.0,9.0,0.0,0.0,0.0,1.0,0.0,0.0,0.0,0.0,0.0,0.0,0.0,6.0,3.0,0.4,0.0,0.3,0.0,0.0,0.0,0.2,1.0,695.0,2325.0,-2.0,2.0
IghaloMUNFWD,6.3,0.2%,0.0,1.0,9.0,0.0,0.0,0.0,1.0,0.0,0.0,0.0,0.0,0.0,0.0,0.0,1.0,0.0,0.1,2.0,0.2,0.0,0.0,0.0,0.2,1.0,5188.0,16203.0,-2.0,2.0
RaphinhaLEEMID,5.5,0.0%,1.0,1.0,8.0,0.0,0.0,0.0,0.0,0.0,0.0,0.0,0.0,0.0,0.0,0.0,3.0,0.4,4.2,6.0,1.1,1.0,0.0,0.2,0.2,1.0,3419.0,803.0,0.0,0.0
ParteyARSMID,5.0,0.6%,0.0,0.0,7.0,0.0,0.0,0.0,0.0,0.0,0.0,0.0,1.0,0.0,0.0,0.0,2.0,3.0,0.3,0.0,0.3,0.0,0.0,0.0,0.0,0.0,42445.0,6990.0,0.0,0.0
Sean LongstaffNEWMID,4.8,0.1%,0.3,2.0,3.0,0.0,0.0,0.0,0.0,0.0,0.0,0.0,0.0,0.0,0.0,0.0,5.0,1.0,0.3,1.0,0.1,0.3,0.0,0.1,0.4,1.0,1290.0,5066.0,-2.0,2.0
MorganLEIDEF,4.4,0.1%,0.0,1.0,1.0,0.0,0.0,0.0,0.0,0.0,0.0,0.0,0.0,0.0,0.0,0.0,3.0,0.2,0.0,0.0,0.0,0.0,0.0,0.0,0.2,1.0,5352.0,5916.0,-1.0,1.0
MaceyARSGKP,4.0,1.1%,0.0,0.0,0.0,0.0,0.0,0.0,0.0,0.0,0.0,0.0,0.0,0.0,0.0,0.0,0.0,0.0,0.0,0.0,0.0,0.0,0.0,0.0,0.0,0.0,72611.0,28482.0,0.0,0.0
RúnarssonARSGKP,4.5,0.0%,0.0,0.0,0.0,0.0,0.0,0.0,0.0,0.0,0.0,0.0,0.0,0.0,0.0,0.0,0.0,0.0,0.0,0.0,0.0,0.0,0.0,0.0,0.0,0.0,800.0,421.0,0.0,0.0
SokratisARSDEF,4.9,0.1%,0.0,0.0,0.0,0.0,0.0,0.0,0.0,0.0,0.0,0.0,0.0,0.0,0.0,0.0,0.0,0.0,0.0,0.0,0.0,0.0,0.0,0.0,0.0,0.0,10159.0,16777.0,-1.0,1.0
CédricARSDEF,4.8,0.2%,0.0,0.0,0.0,0.0,0.0,0.0,0.0,0.0,0.0,0.0,0.0,0.0,0.0,0.0,0.0,0.0,0.0,0.0,0.0,0.0,0.0,0.0,0.0,0.0,2253.0,28126.0,-2.0,2.0
MustafiARSDEF,5.0,0.0%,0.0,0.0,0.0,0.0,0.0,0.0,0.0,0.0,0.0,0.0,0.0,0.0,0.0,0.0,0.0,0.0,0.0,0.0,0.0,0.0,0.0,0.0,0.0,0.0,9870.0,10249.0,0.0,0.0
ChambersARSDEF,4.5,0.0%,0.0,0.0,0.0,0.0,0.0,0.0,0.0,0.0,0.0,0.0,0.0,0.0,0.0,0.0,0.0,0.0,0.0,0.0,0.0,0.0,0.0,0.0,0.0,0.0,272.0,738.0,0.0,0.0
SalibaARSDEF,4.2,1.0%,0.0,0.0,0.0,0.0,0.0,0.0,0.0,0.0,0.0,0.0,0.0,0.0,0.0,0.0,0.0,0.0,0.0,0.0,0.0,0.0,0.0,0.0,0.0,0.0,18320.0,173734.0,-3.0,3.0
ÖzilARSMID,6.8,0.7%,0.0,0.0,0.0,0.0,0.0,0.0,0.0,0.0,0.0,0.0,0.0,0.0,0.0,0.0,0.0,0.0,0.0,0.0,0.0,0.0,0.0,0.0,0.0,0.0,3164.0,42152.0,-2.0,2.0
TorreiraARSMID,4.8,0.1%,0.0,0.0,0.0,0.0,0.0,0.0,0.0,0.0,0.0,0.0,0.0,0.0,0.0,0.0,0.0,0.0,0.0,0.0,0.0,0.0,0.0,0.0,0.0,0.0,3170.0,14021.0,-2.0,2.0
WillockARSMID,4.8,0.1%,0.0,0.0,0.0,0.0,0.0,0.0,0.0,0.0,0.0,0.0,0.0,0.0,0.0,0.0,0.0,0.0,0.0,0.0,0.0,0.0,0.0,0.0,0.0,0.0,1580.0,5335.0,-2.0,2.0
NelsonARSMID,5.3,0.1%,0.0,0.0,0.0,0.0,0.0,0.0,0.0,0.0,0.0,0.0,0.0,0.0,0.0,0.0,0.0,0.0,0.0,0.0,0.0,0.0,0.0,0.0,0.0,0.0,726.0,4170.0,-2.0,2.0
Smith RoweARSMID,4.4,0.2%,0.0,0.0,0.0,0.0,0.0,0.0,0.0,0.0,0.0,0.0,0.0,0.0,0.0,0.0,0.0,0.0,0.0,0.0,0.0,0.0,0.0,0.0,0.0,0.0,7238.0,11238.0,-1.0,1.0
GuendouziARSMID,4.8,0.1%,0.0,0.0,0.0,0.0,0.0,0.0,0.0,0.0,0.0,0.0,0.0,0.0,0.0,0.0,0.0,0.0,0.0,0.0,0.0,0.0,0.0,0.0,0.0,0.0,2537.0,10528.0,-2.0,2.0
MartinelliARSMID,4.9,0.0%,0.0,0.0,0.0,0.0,0.0,0.0,0.0,0.0,0.0,0.0,0.0,0.0,0.0,0.0,0.0,0.0,0.0,0.0,0.0,0.0,0.0,0.0,0.0,0.0,579.0,1953.0,-1.0,1.0
HeatonAVLGKP,4.5,0.0%,0.0,0.0,0.0,0.0,0.0,0.0,0.0,0.0,0.0,0.0,0.0,0.0,0.0,0.0,0.0,0.0,0.0,0.0,0.0,0.0,0.0,0.0,0.0,0.0,817.0,2125.0,0.0,0.0
SteerAVLGKP,4.0,5.6%,0.0,0.0,0.0,0.0,0.0,0.0,0.0,0.0,0.0,0.0,0.0,0.0,0.0,0.0,0.0,0.0,0.0,0.0,0.0,0.0,0.0,0.0,0.0,0.0,144174.0,105315.0,0.0,0.0
NylandAVLGKP,4.0,10.9%,0.0,0.0,0.0,0.0,0.0,0.0,0.0,0.0,0.0,0.0,0.0,0.0,0.0,0.0,0.0,0.0,0.0,0.0,0.0,0.0,0.0,0.0,0.0,0.0,142760.0,426359.0,0.0,0.0
TaylorAVLDEF,4.4,0.3%,0.0,0.0,0.0,0.0,0.0,0.0,0.0,0.0,0.0,0.0,0.0,0.0,0.0,0.0,0.0,0.0,0.0,0.0,0.0,0.0,0.0,0.0,0.0,0.0,7481.0,14996.0,-1.0,1.0
EngelsAVLDEF,4.4,0.1%,0.0,0.0,0.0,0.0,0.0,0.0,0.0,0.0,0.0,0.0,0.0,0.0,0.0,0.0,0.0,0.0,0.0,0.0,0.0,0.0,0.0,0.0,0.0,0.0,10151.0,15974.0,-1.0,1.0
HauseAVLDEF,4.4,0.1%,0.0,0.0,0.0,0.0,0.0,0.0,0.0,0.0,0.0,0.0,0.0,0.0,0.0,0.0,0.0,0.0,0.0,0.0,0.0,0.0,0.0,0.0,0.0,0.0,608.0,3249.0,-1.0,1.0
BreeAVLDEF,4.5,0.0%,0.0,0.0,0.0,0.0,0.0,0.0,0.0,0.0,0.0,0.0,0.0,0.0,0.0,0.0,0.0,0.0,0.0,0.0,0.0,0.0,0.0,0.0,0.0,0.0,9770.0,10150.0,0.0,0.0
GuilbertAVLDEF,4.4,0.1%,0.0,0.0,0.0,0.0,0.0,0.0,0.0,0.0,0.0,0.0,0.0,0.0,0.0,0.0,0.0,0.0,0.0,0.0,0.0,0.0,0.0,0.0,0.0,0.0,931.0,4789.0,-1.0,1.0
LansburyAVLMID,4.4,0.2%,0.0,0.0,0.0,0.0,0.0,0.0,0.0,0.0,0.0,0.0,0.0,0.0,0.0,0.0,0.0,0.0,0.0,0.0,0.0,0.0,0.0,0.0,0.0,0.0,3884.0,9247.0,-1.0,1.0
JotaAVLMID,5.9,0.1%,0.0,0.0,0.0,0.0,0.0,0.0,0.0,0.0,0.0,0.0,0.0,0.0,0.0,0.0,0.0,0.0,0.0,0.0,0.0,0.0,0.0,0.0,0.0,0.0,1356.0,5996.0,-1.0,1.0
El GhaziAVLMID,5.8,0.1%,0.0,0.0,0.0,0.0,0.0,0.0,0.0,0.0,0.0,0.0,0.0,0.0,0.0,0.0,0.0,0.0,0.0,0.0,0.0,0.0,0.0,0.0,0.0,0.0,2387.0,7579.0,-2.0,2.0
WesleyAVLFWD,6.0,0.0%,0.0,0.0,0.0,0.0,0.0,0.0,0.0,0.0,0.0,0.0,0.0,0.0,0.0,0.0,0.0,0.0,0.0,0.0,0.0,0.0,0.0,0.0,0.0,0.0,398.0,757.0,0.0,0.0
SamattaAVLFWD,5.9,0.0%,0.0,0.0,0.0,0.0,0.0,0.0,0.0,0.0,0.0,0.0,0.0,0.0,0.0,0.0,0.0,0.0,0.0,0.0,0.0,0.0,0.0,0.0,0.0,0.0,1509.0,7529.0,-1.0,1.0
VassilevAVLFWD,4.4,0.9%,0.0,0.0,0.0,0.0,0.0,0.0,0.0,0.0,0.0,0.0,0.0,0.0,0.0,0.0,0.0,0.0,0.0,0.0,0.0,0.0,0.0,0.0,0.0,0.0,38790.0,108914.0,-1.0,1.0
WaltonBHAGKP,4.0,1.2%,0.0,0.0,0.0,0.0,0.0,0.0,0.0,0.0,0.0,0.0,0.0,0.0,0.0,0.0,0.0,0.0,0.0,0.0,0.0,0.0,0.0,0.0,0.0,0.0,13097.0,40042.0,0.0,0.0
SteeleBHAGKP,4.0,0.7%,0.0,0.0,0.0,0.0,0.0,0.0,0.0,0.0,0.0,0.0,0.0,0.0,0.0,0.0,0.0,0.0,0.0,0.0,0.0,0.0,0.0,0.0,0.0,0.0,51233.0,14578.0,0.0,0.0
DuffyBHADEF,4.4,0.1%,0.0,0.0,0.0,0.0,0.0,0.0,0.0,0.0,0.0,0.0,0.0,0.0,0.0,0.0,0.0,0.0,0.0,0.0,0.0,0.0,0.0,0.0,0.0,0.0,440.0,4345.0,-1.0,1.0
BernardoBHADEF,4.0,8.8%,0.0,0.0,0.0,0.0,0.0,0.0,0.0,0.0,0.0,0.0,0.0,0.0,0.0,0.0,0.0,0.0,0.0,0.0,0.0,0.0,0.0,0.0,0.0,0.0,111606.0,368415.0,0.0,0.0
PröpperBHAMID,4.9,0.0%,0.0,0.0,0.0,0.0,0.0,0.0,0.0,0.0,0.0,0.0,0.0,0.0,0.0,0.0,0.0,0.0,0.0,0.0,0.0,0.0,0.0,0.0,0.0,0.0,500.0,4427.0,-1.0,1.0
MooyBHAMID,5.0,0.0%,0.0,0.0,0.0,0.0,0.0,0.0,0.0,0.0,0.0,0.0,0.0,0.0,0.0,0.0,0.0,0.0,0.0,0.0,0.0,0.0,0.0,0.0,0.0,0.0,9809.0,10875.0,0.0,0.0
IzquierdoBHAMID,5.5,0.0%,0.0,0.0,0.0,0.0,0.0,0.0,0.0,0.0,0.0,0.0,0.0,0.0,0.0,0.0,0.0,0.0,0.0,0.0,0.0,0.0,0.0,0.0,0.0,0.0,9775.0,9791.0,0.0,0.0
MolumbyBHAMID,4.5,0.0%,0.0,0.0,0.0,0.0,0.0,0.0,0.0,0.0,0.0,0.0,0.0,0.0,0.0,0.0,0.0,0.0,0.0,0.0,0.0,0.0,0.0,0.0,0.0,0.0,754.0,301.0,0.0,0.0
MurrayBHAFWD,4.9,0.1%,0.0,0.0,0.0,0.0,0.0,0.0,0.0,0.0,0.0,0.0,0.0,0.0,0.0,0.0,0.0,0.0,0.0,0.0,0.0,0.0,0.0,0.0,0.0,0.0,3982.0,14672.0,-1.0,1.0
AndoneBHAFWD,4.9,0.1%,0.0,0.0,0.0,0.0,0.0,0.0,0.0,0.0,0.0,0.0,0.0,0.0,0.0,0.0,0.0,0.0,0.0,0.0,0.0,0.0,0.0,0.0,0.0,0.0,10894.0,26087.0,-1.0,1.0
ZeqiriBHAFWD,5.0,0.0%,0.0,0.0,0.0,0.0,0.0,0.0,0.0,0.0,0.0,0.0,0.0,0.0,0.0,0.0,0.0,0.0,0.0,0.0,0.0,0.0,0.0,0.0,0.0,0.0,769.0,198.0,0.0,0.0
Peacock-FarrellBURGKP,4.0,1.5%,0.0,0.0,0.0,0.0,0.0,0.0,0.0,0.0,0.0,0.0,0.0,0.0,0.0,0.0,0.0,0.0,0.0,0.0,0.0,0.0,0.0,0.0,0.0,0.0,30630.0,25009.0,0.0,0.0
MeeBURDEF,4.9,0.2%,0.0,0.0,0.0,0.0,0.0,0.0,0.0,0.0,0.0,0.0,0.0,0.0,0.0,0.0,0.0,0.0,0.0,0.0,0.0,0.0,0.0,0.0,0.0,0.0,486.0,17118.0,-1.0,1.0
LowtonBURDEF,4.4,0.1%,0.0,0.0,0.0,0.0,0.0,0.0,0.0,0.0,0.0,0.0,0.0,0.0,0.0,0.0,0.0,0.0,0.0,0.0,0.0,0.0,0.0,0.0,0.0,0.0,1130.0,6545.0,-1.0,1.0
GibsonBURDEF,4.0,0.2%,0.0,0.0,0.0,0.0,0.0,0.0,0.0,0.0,0.0,0.0,0.0,0.0,0.0,0.0,0.0,0.0,0.0,0.0,0.0,0.0,0.0,0.0,0.0,0.0,2713.0,11281.0,0.0,0.0
ThomasBURDEF,4.0,0.6%,0.0,0.0,0.0,0.0,0.0,0.0,0.0,0.0,0.0,0.0,0.0,0.0,0.0,0.0,0.0,0.0,0.0,0.0,0.0,0.0,0.0,0.0,0.0,0.0,18969.0,14221.0,0.0,0.0
Driscoll-GlennonBURDEF,4.0,0.1%,0.0,0.0,0.0,0.0,0.0,0.0,0.0,0.0,0.0,0.0,0.0,0.0,0.0,0.0,0.0,0.0,0.0,0.0,0.0,0.0,0.0,0.0,0.0,0.0,2103.0,1215.0,0.0,0.0
CorkBURMID,5.0,0.0%,0.0,0.0,0.0,0.0,0.0,0.0,0.0,0.0,0.0,0.0,0.0,0.0,0.0,0.0,0.0,0.0,0.0,0.0,0.0,0.0,0.0,0.0,0.0,0.0,9832.0,10366.0,0.0,0.0
BensonBURMID,4.5,0.0%,0.0,0.0,0.0,0.0,0.0,0.0,0.0,0.0,0.0,0.0,0.0,0.0,0.0,0.0,0.0,0.0,0.0,0.0,0.0,0.0,0.0,0.0,0.0,0.0,1119.0,565.0,0.0,0.0
EmersonCHEDEF,4.8,0.2%,0.0,0.0,0.0,0.0,0.0,0.0,0.0,0.0,0.0,0.0,0.0,0.0,0.0,0.0,0.0,0.0,0.0,0.0,0.0,0.0,0.0,0.0,0.0,0.0,2053.0,7934.0,-2.0,2.0
GilmourCHEMID,4.5,0.1%,0.0,0.0,0.0,0.0,0.0,0.0,0.0,0.0,0.0,0.0,0.0,0.0,0.0,0.0,0.0,0.0,0.0,0.0,0.0,0.0,0.0,0.0,0.0,0.0,1924.0,6584.0,0.0,0.0
HennesseyCRYGKP,4.4,0.6%,0.0,0.0,0.0,0.0,0.0,0.0,0.0,0.0,0.0,0.0,0.0,0.0,0.0,0.0,0.0,0.0,0.0,0.0,0.0,0.0,0.0,0.0,0.0,0.0,5794.0,24468.0,-1.0,1.0
TomkinsCRYDEF,4.5,0.0%,0.0,0.0,0.0,0.0,0.0,0.0,0.0,0.0,0.0,0.0,0.0,0.0,0.0,0.0,0.0,0.0,0.0,0.0,0.0,0.0,0.0,0.0,0.0,0.0,410.0,419.0,0.0,0.0
KellyCRYDEF,4.3,0.6%,0.0,0.0,0.0,0.0,0.0,0.0,0.0,0.0,0.0,0.0,0.0,0.0,0.0,0.0,0.0,0.0,0.0,0.0,0.0,0.0,0.0,0.0,0.0,0.0,4652.0,49469.0,-2.0,2.0
van AanholtCRYDEF,5.4,0.2%,0.0,0.0,0.0,0.0,0.0,0.0,0.0,0.0,0.0,0.0,0.0,0.0,0.0,0.0,0.0,0.0,0.0,0.0,0.0,0.0,0.0,0.0,0.0,0.0,9891.0,5925.0,-1.0,1.0
FergusonCRYDEF,4.0,1.0%,0.0,0.0,0.0,0.0,0.0,0.0,0.0,0.0,0.0,0.0,0.0,0.0,0.0,0.0,0.0,0.0,0.0,0.0,0.0,0.0,0.0,0.0,0.0,0.0,23671.0,66032.0,0.0,0.0
WoodsCRYDEF,4.0,0.6%,0.0,0.0,0.0,0.0,0.0,0.0,0.0,0.0,0.0,0.0,0.0,0.0,0.0,0.0,0.0,0.0,0.0,0.0,0.0,0.0,0.0,0.0,0.0,0.0,38155.0,14790.0,0.0,0.0
InnissCRYDEF,4.0,0.1%,0.0,0.0,0.0,0.0,0.0,0.0,0.0,0.0,0.0,0.0,0.0,0.0,0.0,0.0,0.0,0.0,0.0,0.0,0.0,0.0,0.0,0.0,0.0,0.0,4372.0,3323.0,0.0,0.0
ClyneCRYDEF,4.5,0.0%,0.0,0.0,0.0,0.0,0.0,0.0,0.0,0.0,0.0,0.0,0.0,0.0,0.0,0.0,0.0,0.0,0.0,0.0,0.0,0.0,0.0,0.0,0.0,0.0,1920.0,471.0,0.0,0.0
MeyerCRYMID,4.9,0.0%,0.0,0.0,0.0,0.0,0.0,0.0,0.0,0.0,0.0,0.0,0.0,0.0,0.0,0.0,0.0,0.0,0.0,0.0,0.0,0.0,0.0,0.0,0.0,0.0,891.0,2631.0,-1.0,1.0
PierrickCRYMID,4.4,0.1%,0.0,0.0,0.0,0.0,0.0,0.0,0.0,0.0,0.0,0.0,0.0,0.0,0.0,0.0,0.0,0.0,0.0,0.0,0.0,0.0,0.0,0.0,0.0,0.0,3397.0,4645.0,-1.0,1.0
WickhamCRYFWD,4.5,0.8%,0.0,0.0,0.0,0.0,0.0,0.0,0.0,0.0,0.0,0.0,0.0,0.0,0.0,0.0,0.0,0.0,0.0,0.0,0.0,0.0,0.0,0.0,0.0,0.0,25057.0,65664.0,0.0,0.0
LösslEVEGKP,4.4,0.1%,0.0,0.0,0.0,0.0,0.0,0.0,0.0,0.0,0.0,0.0,0.0,0.0,0.0,0.0,0.0,0.0,0.0,0.0,0.0,0.0,0.0,0.0,0.0,0.0,1536.0,4839.0,-1.0,1.0
VirgíniaEVEGKP,4.4,0.1%,0.0,0.0,0.0,0.0,0.0,0.0,0.0,0.0,0.0,0.0,0.0,0.0,0.0,0.0,0.0,0.0,0.0,0.0,0.0,0.0,0.0,0.0,0.0,0.0,593.0,2388.0,-1.0,1.0
OlsenEVEGKP,4.5,0.0%,0.0,0.0,0.0,0.0,0.0,0.0,0.0,0.0,0.0,0.0,0.0,0.0,0.0,0.0,0.0,0.0,0.0,0.0,0.0,0.0,0.0,0.0,0.0,0.0,1463.0,402.0,0.0,0.0
KennyEVEDEF,4.3,0.1%,0.0,0.0,0.0,0.0,0.0,0.0,0.0,0.0,0.0,0.0,0.0,0.0,0.0,0.0,0.0,0.0,0.0,0.0,0.0,0.0,0.0,0.0,0.0,0.0,2576.0,11934.0,-2.0,2.0
HolgateEVEDEF,4.9,0.0%,0.0,0.0,0.0,0.0,0.0,0.0,0.0,0.0,0.0,0.0,0.0,0.0,0.0,0.0,0.0,0.0,0.0,0.0,0.0,0.0,0.0,0.0,0.0,0.0,247.0,5602.0,-1.0,1.0
BranthwaiteEVEDEF,3.9,2.1%,0.0,0.0,0.0,0.0,0.0,0.0,0.0,0.0,0.0,0.0,0.0,0.0,0.0,0.0,0.0,0.0,0.0,0.0,0.0,0.0,0.0,0.0,0.0,0.0,58643.0,175051.0,-1.0,1.0
NkounkouEVEDEF,4.0,0.1%,0.0,0.0,0.0,0.0,0.0,0.0,0.0,0.0,0.0,0.0,0.0,0.0,0.0,0.0,0.0,0.0,0.0,0.0,0.0,0.0,0.0,0.0,0.0,0.0,5356.0,1466.0,0.0,0.0
BernardEVEMID,5.8,0.1%,0.0,0.0,0.0,0.0,0.0,0.0,0.0,0.0,0.0,0.0,0.0,0.0,0.0,0.0,0.0,0.0,0.0,0.0,0.0,0.0,0.0,0.0,0.0,0.0,2874.0,9353.0,-2.0,2.0
GordonEVEMID,4.4,0.5%,0.0,0.0,0.0,0.0,0.0,0.0,0.0,0.0,0.0,0.0,0.0,0.0,0.0,0.0,0.0,0.0,0.0,0.0,0.0,0.0,0.0,0.0,0.0,0.0,11830.0,34227.0,-1.0,1.0
TosunEVEFWD,6.0,0.0%,0.0,0.0,0.0,0.0,0.0,0.0,0.0,0.0,0.0,0.0,0.0,0.0,0.0,0.0,0.0,0.0,0.0,0.0,0.0,0.0,0.0,0.0,0.0,0.0,338.0,516.0,0.0,0.0
FabriFULGKP,4.0,1.8%,0.0,0.0,0.0,0.0,0.0,0.0,0.0,0.0,0.0,0.0,0.0,0.0,0.0,0.0,0.0,0.0,0.0,0.0,0.0,0.0,0.0,0.0,0.0,0.0,23933.0,31569.0,0.0,0.0
BettinelliFULGKP,4.4,0.0%,0.0,0.0,0.0,0.0,0.0,0.0,0.0,0.0,0.0,0.0,0.0,0.0,0.0,0.0,0.0,0.0,0.0,0.0,0.0,0.0,0.0,0.0,0.0,0.0,364.0,3742.0,-1.0,1.0
ChristieFULDEF,4.3,0.1%,0.0,0.0,0.0,0.0,0.0,0.0,0.0,0.0,0.0,0.0,0.0,0.0,0.0,0.0,0.0,0.0,0.0,0.0,0.0,0.0,0.0,0.0,0.0,0.0,341.0,8080.0,-2.0,2.0
SessegnonFULDEF,4.4,0.1%,0.0,0.0,0.0,0.0,0.0,0.0,0.0,0.0,0.0,0.0,0.0,0.0,0.0,0.0,0.0,0.0,0.0,0.0,0.0,0.0,0.0,0.0,0.0,0.0,346.0,7103.0,-1.0,1.0
McDonaldFULMID,4.8,0.0%,0.0,0.0,0.0,0.0,0.0,0.0,0.0,0.0,0.0,0.0,0.0,0.0,0.0,0.0,0.0,0.0,0.0,0.0,0.0,0.0,0.0,0.0,0.0,0.0,742.0,3775.0,-2.0,2.0
JohansenFULMID,4.8,0.0%,0.0,0.0,0.0,0.0,0.0,0.0,0.0,0.0,0.0,0.0,0.0,0.0,0.0,0.0,0.0,0.0,0.0,0.0,0.0,0.0,0.0,0.0,0.0,0.0,328.0,2165.0,-2.0,2.0
WardLEIGKP,4.5,0.2%,0.0,0.0,0.0,0.0,0.0,0.0,0.0,0.0,0.0,0.0,0.0,0.0,0.0,0.0,0.0,0.0,0.0,0.0,0.0,0.0,0.0,0.0,0.0,0.0,1520.0,5274.0,0.0,0.0
PereiraLEIDEF,5.9,0.1%,0.0,0.0,0.0,0.0,0.0,0.0,0.0,0.0,0.0,0.0,0.0,0.0,0.0,0.0,0.0,0.0,0.0,0.0,0.0,0.0,0.0,0.0,0.0,0.0,1576.0,6345.0,-1.0,1.0
ThomasLEIDEF,4.3,0.2%,0.0,0.0,0.0,0.0,0.0,0.0,0.0,0.0,0.0,0.0,0.0,0.0,0.0,0.0,0.0,0.0,0.0,0.0,0.0,0.0,0.0,0.0,0.0,0.0,4002.0,19552.0,-2.0,2.0
SilvaLEIMID,4.4,0.4%,0.0,0.0,0.0,0.0,0.0,0.0,0.0,0.0,0.0,0.0,0.0,0.0,0.0,0.0,0.0,0.0,0.0,0.0,0.0,0.0,0.0,0.0,0.0,0.0,8092.0,31600.0,-1.0,1.0
JamesLEIMID,4.4,0.4%,0.0,0.0,0.0,0.0,0.0,0.0,0.0,0.0,0.0,0.0,0.0,0.0,0.0,0.0,0.0,0.0,0.0,0.0,0.0,0.0,0.0,0.0,0.0,0.0,15431.0,28919.0,-1.0,1.0
GrayLEIMID,5.3,0.1%,0.0,0.0,0.0,0.0,0.0,0.0,0.0,0.0,0.0,0.0,0.0,0.0,0.0,0.0,0.0,0.0,0.0,0.0,0.0,0.0,0.0,0.0,0.0,0.0,1414.0,10305.0,-2.0,2.0
CasillaLEEGKP,4.3,1.2%,0.0,0.0,0.0,0.0,0.0,0.0,0.0,0.0,0.0,0.0,0.0,0.0,0.0,0.0,0.0,0.0,0.0,0.0,0.0,0.0,0.0,0.0,0.0,0.0,11306.0,88853.0,-2.0,2.0
MiazekLEEGKP,4.0,1.8%,0.0,0.0,0.0,0.0,0.0,0.0,0.0,0.0,0.0,0.0,0.0,0.0,0.0,0.0,0.0,0.0,0.0,0.0,0.0,0.0,0.0,0.0,0.0,0.0,21379.0,52764.0,0.0,0.0
CaprileLEEGKP,4.0,0.3%,0.0,0.0,0.0,0.0,0.0,0.0,0.0,0.0,0.0,0.0,0.0,0.0,0.0,0.0,0.0,0.0,0.0,0.0,0.0,0.0,0.0,0.0,0.0,0.0,16665.0,3834.0,0.0,0.0
DouglasLEEDEF,3.9,7.8%,0.0,0.0,0.0,0.0,0.0,0.0,0.0,0.0,0.0,0.0,0.0,0.0,0.0,0.0,0.0,0.0,0.0,0.0,0.0,0.0,0.0,0.0,0.0,0.0,134524.0,566770.0,-1.0,1.0
CaseyLEEDEF,4.0,0.7%,0.0,0.0,0.0,0.0,0.0,0.0,0.0,0.0,0.0,0.0,0.0,0.0,0.0,0.0,0.0,0.0,0.0,0.0,0.0,0.0,0.0,0.0,0.0,0.0,8051.0,24235.0,0.0,0.0
LlorenteLEEDEF,4.5,0.0%,0.0,0.0,0.0,0.0,0.0,0.0,0.0,0.0,0.0,0.0,0.0,0.0,0.0,0.0,0.0,0.0,0.0,0.0,0.0,0.0,0.0,0.0,0.0,0.0,2446.0,1699.0,0.0,0.0
GrotLEEMID,4.8,0.0%,0.0,0.0,0.0,0.0,0.0,0.0,0.0,0.0,0.0,0.0,0.0,0.0,0.0,0.0,0.0,0.0,0.0,0.0,0.0,0.0,0.0,0.0,0.0,0.0,736.0,2021.0,-2.0,2.0
StevensLEEMID,4.4,0.8%,0.0,0.0,0.0,0.0,0.0,0.0,0.0,0.0,0.0,0.0,0.0,0.0,0.0,0.0,0.0,0.0,0.0,0.0,0.0,0.0,0.0,0.0,0.0,0.0,16470.0,69700.0,-1.0,1.0
BoguszLEEMID,4.5,0.0%,0.0,0.0,0.0,0.0,0.0,0.0,0.0,0.0,0.0,0.0,0.0,0.0,0.0,0.0,0.0,0.0,0.0,0.0,0.0,0.0,0.0,0.0,0.0,0.0,1965.0,1451.0,0.0,0.0
TsimikasLIVDEF,4.9,0.0%,0.0,0.0,0.0,0.0,0.0,0.0,0.0,0.0,0.0,0.0,0.0,0.0,0.0,0.0,0.0,0.0,0.0,0.0,0.0,0.0,0.0,0.0,0.0,0.0,470.0,2535.0,-1.0,1.0
WilliamsLIVDEF,4.0,3.3%,0.0,0.0,0.0,0.0,0.0,0.0,0.0,0.0,0.0,0.0,0.0,0.0,0.0,0.0,0.0,0.0,0.0,0.0,0.0,0.0,0.0,0.0,0.0,0.0,58507.0,130258.0,0.0,0.0
ShaqiriLIVMID,6.4,0.0%,0.0,0.0,0.0,0.0,0.0,0.0,0.0,0.0,0.0,0.0,0.0,0.0,0.0,0.0,0.0,0.0,0.0,0.0,0.0,0.0,0.0,0.0,0.0,0.0,667.0,2712.0,-1.0,1.0
ChamberlainLIVMID,6.4,0.0%,0.0,0.0,0.0,0.0,0.0,0.0,0.0,0.0,0.0,0.0,0.0,0.0,0.0,0.0,0.0,0.0,0.0,0.0,0.0,0.0,0.0,0.0,0.0,0.0,325.0,2324.0,-1.0,1.0
ElliottLIVMID,4.4,0.2%,0.0,0.0,0.0,0.0,0.0,0.0,0.0,0.0,0.0,0.0,0.0,0.0,0.0,0.0,0.0,0.0,0.0,0.0,0.0,0.0,0.0,0.0,0.0,0.0,9635.0,10617.0,-1.0,1.0
OrigiLIVFWD,5.3,0.7%,0.0,0.0,0.0,0.0,0.0,0.0,0.0,0.0,0.0,0.0,0.0,0.0,0.0,0.0,0.0,0.0,0.0,0.0,0.0,0.0,0.0,0.0,0.0,0.0,13371.0,56821.0,-2.0,2.0
BravoMCIGKP,4.5,0.0%,0.0,0.0,0.0,0.0,0.0,0.0,0.0,0.0,0.0,0.0,0.0,0.0,0.0,0.0,0.0,0.0,0.0,0.0,0.0,0.0,0.0,0.0,0.0,0.0,359.0,1238.0,0.0,0.0
SteffenMCIGKP,4.5,0.0%,0.0,0.0,0.0,0.0,0.0,0.0,0.0,0.0,0.0,0.0,0.0,0.0,0.0,0.0,0.0,0.0,0.0,0.0,0.0,0.0,0.0,0.0,0.0,0.0,467.0,329.0,0.0,0.0
OtamendiMCIDEF,4.9,0.3%,0.0,0.0,0.0,0.0,0.0,0.0,0.0,0.0,0.0,0.0,0.0,0.0,0.0,0.0,0.0,0.0,0.0,0.0,0.0,0.0,0.0,0.0,0.0,0.0,5270.0,37606.0,-1.0,1.0
ZinchenkoMCIDEF,5.5,0.2%,0.0,0.0,0.0,0.0,0.0,0.0,0.0,0.0,0.0,0.0,0.0,0.0,0.0,0.0,0.0,0.0,0.0,0.0,0.0,0.0,0.0,0.0,0.0,0.0,2719.0,19773.0,0.0,0.0
DoyleMCIMID,4.5,0.1%,0.0,0.0,0.0,0.0,0.0,0.0,0.0,0.0,0.0,0.0,0.0,0.0,0.0,0.0,0.0,0.0,0.0,0.0,0.0,0.0,0.0,0.0,0.0,0.0,2459.0,3965.0,0.0,0.0
BernabéMCIMID,4.5,0.0%,0.0,0.0,0.0,0.0,0.0,0.0,0.0,0.0,0.0,0.0,0.0,0.0,0.0,0.0,0.0,0.0,0.0,0.0,0.0,0.0,0.0,0.0,0.0,0.0,392.0,321.0,0.0,0.0
PalmerMCIMID,4.5,0.0%,0.0,0.0,0.0,0.0,0.0,0.0,0.0,0.0,0.0,0.0,0.0,0.0,0.0,0.0,0.0,0.0,0.0,0.0,0.0,0.0,0.0,0.0,0.0,0.0,555.0,270.0,0.0,0.0
RomeroMUNGKP,4.9,0.1%,0.0,0.0,0.0,0.0,0.0,0.0,0.0,0.0,0.0,0.0,0.0,0.0,0.0,0.0,0.0,0.0,0.0,0.0,0.0,0.0,0.0,0.0,0.0,0.0,314.0,6275.0,-1.0,1.0
HendersonMUNGKP,5.4,1.8%,0.0,0.0,0.0,0.0,0.0,0.0,0.0,0.0,0.0,0.0,0.0,0.0,0.0,0.0,0.0,0.0,0.0,0.0,0.0,0.0,0.0,0.0,0.0,0.0,8407.0,93660.0,-1.0,1.0
SmallingMUNDEF,4.9,0.1%,0.0,0.0,0.0,0.0,0.0,0.0,0.0,0.0,0.0,0.0,0.0,0.0,0.0,0.0,0.0,0.0,0.0,0.0,0.0,0.0,0.0,0.0,0.0,0.0,1817.0,9806.0,-1.0,1.0
RojoMUNDEF,4.9,0.1%,0.0,0.0,0.0,0.0,0.0,0.0,0.0,0.0,0.0,0.0,0.0,0.0,0.0,0.0,0.0,0.0,0.0,0.0,0.0,0.0,0.0,0.0,0.0,0.0,535.0,2575.0,-1.0,1.0
JonesMUNDEF,4.9,0.0%,0.0,0.0,0.0,0.0,0.0,0.0,0.0,0.0,0.0,0.0,0.0,0.0,0.0,0.0,0.0,0.0,0.0,0.0,0.0,0.0,0.0,0.0,0.0,0.0,437.0,3888.0,-1.0,1.0
DalotMUNDEF,4.9,0.0%,0.0,0.0,0.0,0.0,0.0,0.0,0.0,0.0,0.0,0.0,0.0,0.0,0.0,0.0,0.0,0.0,0.0,0.0,0.0,0.0,0.0,0.0,0.0,0.0,379.0,2740.0,-1.0,1.0
WilliamsMUNDEF,4.4,1.0%,0.0,0.0,0.0,0.0,0.0,0.0,0.0,0.0,0.0,0.0,0.0,0.0,0.0,0.0,0.0,0.0,0.0,0.0,0.0,0.0,0.0,0.0,0.0,0.0,14257.0,65431.0,-1.0,1.0
MengiMUNDEF,4.0,0.7%,0.0,0.0,0.0,0.0,0.0,0.0,0.0,0.0,0.0,0.0,0.0,0.0,0.0,0.0,0.0,0.0,0.0,0.0,0.0,0.0,0.0,0.0,0.0,0.0,14527.0,20726.0,0.0,0.0
TellesMUNDEF,5.5,0.9%,0.0,0.0,0.0,0.0,0.0,0.0,0.0,0.0,0.0,0.0,0.0,0.0,0.0,0.0,0.0,0.0,0.0,0.0,0.0,0.0,0.0,0.0,0.0,0.0,70906.0,13414.0,0.0,0.0
LingardMUNMID,5.9,0.2%,0.0,0.0,0.0,0.0,0.0,0.0,0.0,0.0,0.0,0.0,0.0,0.0,0.0,0.0,0.0,0.0,0.0,0.0,0.0,0.0,0.0,0.0,0.0,0.0,3708.0,10483.0,-1.0,1.0
PereiraMUNMID,4.9,0.1%,0.0,0.0,0.0,0.0,0.0,0.0,0.0,0.0,0.0,0.0,0.0,0.0,0.0,0.0,0.0,0.0,0.0,0.0,0.0,0.0,0.0,0.0,0.0,0.0,873.0,4182.0,-1.0,1.0
ChongMUNMID,4.5,0.0%,0.0,0.0,0.0,0.0,0.0,0.0,0.0,0.0,0.0,0.0,0.0,0.0,0.0,0.0,0.0,0.0,0.0,0.0,0.0,0.0,0.0,0.0,0.0,0.0,505.0,869.0,0.0,0.0
GarnerMUNMID,4.5,0.1%,0.0,0.0,0.0,0.0,0.0,0.0,0.0,0.0,0.0,0.0,0.0,0.0,0.0,0.0,0.0,0.0,0.0,0.0,0.0,0.0,0.0,0.0,0.0,0.0,1797.0,4225.0,0.0,0.0
PellistriMUNMID,5.5,0.0%,0.0,0.0,0.0,0.0,0.0,0.0,0.0,0.0,0.0,0.0,0.0,0.0,0.0,0.0,0.0,0.0,0.0,0.0,0.0,0.0,0.0,0.0,0.0,0.0,642.0,210.0,0.0,0.0
CavaniMUNFWD,8.0,0.4%,0.0,0.0,0.0,0.0,0.0,0.0,0.0,0.0,0.0,0.0,0.0,0.0,0.0,0.0,0.0,0.0,0.0,0.0,0.0,0.0,0.0,0.0,0.0,0.0,47704.0,19662.0,0.0,0.0
DubravkaNEWGKP,4.9,0.2%,0.0,0.0,0.0,0.0,0.0,0.0,0.0,0.0,0.0,0.0,0.0,0.0,0.0,0.0,0.0,0.0,0.0,0.0,0.0,0.0,0.0,0.0,0.0,0.0,901.0,14705.0,-1.0,1.0
GillespieNEWGKP,4.5,0.1%,0.0,0.0,0.0,0.0,0.0,0.0,0.0,0.0,0.0,0.0,0.0,0.0,0.0,0.0,0.0,0.0,0.0,0.0,0.0,0.0,0.0,0.0,0.0,0.0,934.0,2596.0,0.0,0.0
ClarkNEWDEF,4.5,0.0%,0.0,0.0,0.0,0.0,0.0,0.0,0.0,0.0,0.0,0.0,0.0,0.0,0.0,0.0,0.0,0.0,0.0,0.0,0.0,0.0,0.0,0.0,0.0,0.0,935.0,2933.0,0.0,0.0
YedlinNEWDEF,4.4,0.3%,0.0,0.0,0.0,0.0,0.0,0.0,0.0,0.0,0.0,0.0,0.0,0.0,0.0,0.0,0.0,0.0,0.0,0.0,0.0,0.0,0.0,0.0,0.0,0.0,2563.0,17513.0,-1.0,1.0
WattsNEWDEF,4.0,0.3%,0.0,0.0,0.0,0.0,0.0,0.0,0.0,0.0,0.0,0.0,0.0,0.0,0.0,0.0,0.0,0.0,0.0,0.0,0.0,0.0,0.0,0.0,0.0,0.0,4595.0,10082.0,0.0,0.0
AtsuNEWMID,5.3,0.1%,0.0,0.0,0.0,0.0,0.0,0.0,0.0,0.0,0.0,0.0,0.0,0.0,0.0,0.0,0.0,0.0,0.0,0.0,0.0,0.0,0.0,0.0,0.0,0.0,823.0,4132.0,-2.0,2.0
AaronsNEWMID,4.9,0.1%,0.0,0.0,0.0,0.0,0.0,0.0,0.0,0.0,0.0,0.0,0.0,0.0,0.0,0.0,0.0,0.0,0.0,0.0,0.0,0.0,0.0,0.0,0.0,0.0,1339.0,3853.0,-1.0,1.0
GayleNEWFWD,5.9,0.0%,0.0,0.0,0.0,0.0,0.0,0.0,0.0,0.0,0.0,0.0,0.0,0.0,0.0,0.0,0.0,0.0,0.0,0.0,0.0,0.0,0.0,0.0,0.0,0.0,253.0,2034.0,-1.0,1.0
MutoNEWFWD,4.9,0.1%,0.0,0.0,0.0,0.0,0.0,0.0,0.0,0.0,0.0,0.0,0.0,0.0,0.0,0.0,0.0,0.0,0.0,0.0,0.0,0.0,0.0,0.0,0.0,0.0,4531.0,22555.0,-1.0,1.0
MooreSHUGKP,4.4,0.2%,0.0,0.0,0.0,0.0,0.0,0.0,0.0,0.0,0.0,0.0,0.0,0.0,0.0,0.0,0.0,0.0,0.0,0.0,0.0,0.0,0.0,0.0,0.0,0.0,1278.0,6217.0,-1.0,1.0
FoderinghamSHUGKP,4.4,0.1%,0.0,0.0,0.0,0.0,0.0,0.0,0.0,0.0,0.0,0.0,0.0,0.0,0.0,0.0,0.0,0.0,0.0,0.0,0.0,0.0,0.0,0.0,0.0,0.0,861.0,4177.0,-1.0,1.0
BogleSHUDEF,4.4,0.1%,0.0,0.0,0.0,0.0,0.0,0.0,0.0,0.0,0.0,0.0,0.0,0.0,0.0,0.0,0.0,0.0,0.0,0.0,0.0,0.0,0.0,0.0,0.0,0.0,868.0,4710.0,-1.0,1.0
JagielkaSHUDEF,4.0,0.6%,0.0,0.0,0.0,0.0,0.0,0.0,0.0,0.0,0.0,0.0,0.0,0.0,0.0,0.0,0.0,0.0,0.0,0.0,0.0,0.0,0.0,0.0,0.0,0.0,37410.0,14824.0,0.0,0.0
FreemanSHUMID,5.0,0.0%,0.0,0.0,0.0,0.0,0.0,0.0,0.0,0.0,0.0,0.0,0.0,0.0,0.0,0.0,0.0,0.0,0.0,0.0,0.0,0.0,0.0,0.0,0.0,0.0,216.0,312.0,0.0,0.0
MoussetSHUFWD,5.8,0.1%,0.0,0.0,0.0,0.0,0.0,0.0,0.0,0.0,0.0,0.0,0.0,0.0,0.0,0.0,0.0,0.0,0.0,0.0,0.0,0.0,0.0,0.0,0.0,0.0,1349.0,26041.0,-2.0,2.0
GunnSOUGKP,4.4,0.2%,0.0,0.0,0.0,0.0,0.0,0.0,0.0,0.0,0.0,0.0,0.0,0.0,0.0,0.0,0.0,0.0,0.0,0.0,0.0,0.0,0.0,0.0,0.0,0.0,1625.0,9810.0,-1.0,1.0
ForsterSOUGKP,4.0,2.9%,0.0,0.0,0.0,0.0,0.0,0.0,0.0,0.0,0.0,0.0,0.0,0.0,0.0,0.0,0.0,0.0,0.0,0.0,0.0,0.0,0.0,0.0,0.0,0.0,171703.0,38920.0,0.0,0.0
ValerySOUDEF,4.8,0.1%,0.0,0.0,0.0,0.0,0.0,0.0,0.0,0.0,0.0,0.0,0.0,0.0,0.0,0.0,0.0,0.0,0.0,0.0,0.0,0.0,0.0,0.0,0.0,0.0,598.0,3710.0,-2.0,2.0
VokinsSOUDEF,4.0,1.3%,0.0,0.0,0.0,0.0,0.0,0.0,0.0,0.0,0.0,0.0,0.0,0.0,0.0,0.0,0.0,0.0,0.0,0.0,0.0,0.0,0.0,0.0,0.0,0.0,25300.0,37042.0,0.0,0.0
SalisuSOUDEF,4.3,0.1%,0.0,0.0,0.0,0.0,0.0,0.0,0.0,0.0,0.0,0.0,0.0,0.0,0.0,0.0,0.0,0.0,0.0,0.0,0.0,0.0,0.0,0.0,0.0,0.0,704.0,15236.0,-2.0,2.0
BoufalSOUMID,5.4,0.0%,0.0,0.0,0.0,0.0,0.0,0.0,0.0,0.0,0.0,0.0,0.0,0.0,0.0,0.0,0.0,0.0,0.0,0.0,0.0,0.0,0.0,0.0,0.0,0.0,558.0,3761.0,-1.0,1.0
SimsSOUMID,4.4,0.2%,0.0,0.0,0.0,0.0,0.0,0.0,0.0,0.0,0.0,0.0,0.0,0.0,0.0,0.0,0.0,0.0,0.0,0.0,0.0,0.0,0.0,0.0,0.0,0.0,4754.0,8564.0,-1.0,1.0
GazzanigaTOTGKP,4.4,0.3%,0.0,0.0,0.0,0.0,0.0,0.0,0.0,0.0,0.0,0.0,0.0,0.0,0.0,0.0,0.0,0.0,0.0,0.0,0.0,0.0,0.0,0.0,0.0,0.0,2477.0,10067.0,-1.0,1.0
HartTOTGKP,4.4,0.8%,0.0,0.0,0.0,0.0,0.0,0.0,0.0,0.0,0.0,0.0,0.0,0.0,0.0,0.0,0.0,0.0,0.0,0.0,0.0,0.0,0.0,0.0,0.0,0.0,5408.0,23587.0,-1.0,1.0
RoseTOTDEF,4.8,0.3%,0.0,0.0,0.0,0.0,0.0,0.0,0.0,0.0,0.0,0.0,0.0,0.0,0.0,0.0,0.0,0.0,0.0,0.0,0.0,0.0,0.0,0.0,0.0,0.0,3430.0,17864.0,-2.0,2.0
SessegnonTOTDEF,4.8,0.1%,0.0,0.0,0.0,0.0,0.0,0.0,0.0,0.0,0.0,0.0,0.0,0.0,0.0,0.0,0.0,0.0,0.0,0.0,0.0,0.0,0.0,0.0,0.0,0.0,984.0,13451.0,-2.0,2.0
TangangaTOTDEF,4.9,0.1%,0.0,0.0,0.0,0.0,0.0,0.0,0.0,0.0,0.0,0.0,0.0,0.0,0.0,0.0,0.0,0.0,0.0,0.0,0.0,0.0,0.0,0.0,0.0,0.0,510.0,5664.0,-1.0,1.0
FoythTOTDEF,4.4,0.1%,0.0,0.0,0.0,0.0,0.0,0.0,0.0,0.0,0.0,0.0,0.0,0.0,0.0,0.0,0.0,0.0,0.0,0.0,0.0,0.0,0.0,0.0,0.0,0.0,1306.0,7050.0,-1.0,1.0
Carter-VickersTOTDEF,4.0,0.4%,0.0,0.0,0.0,0.0,0.0,0.0,0.0,0.0,0.0,0.0,0.0,0.0,0.0,0.0,0.0,0.0,0.0,0.0,0.0,0.0,0.0,0.0,0.0,0.0,12100.0,15672.0,0.0,0.0
FernandesTOTMID,4.9,0.1%,0.0,0.0,0.0,0.0,0.0,0.0,0.0,0.0,0.0,0.0,0.0,0.0,0.0,0.0,0.0,0.0,0.0,0.0,0.0,0.0,0.0,0.0,0.0,0.0,1354.0,4424.0,-1.0,1.0
SkippTOTMID,4.5,0.0%,0.0,0.0,0.0,0.0,0.0,0.0,0.0,0.0,0.0,0.0,0.0,0.0,0.0,0.0,0.0,0.0,0.0,0.0,0.0,0.0,0.0,0.0,0.0,0.0,1005.0,1818.0,0.0,0.0
Carlos ViniciusTOTFWD,7.0,0.0%,0.0,0.0,0.0,0.0,0.0,0.0,0.0,0.0,0.0,0.0,0.0,0.0,0.0,0.0,0.0,0.0,0.0,0.0,0.0,0.0,0.0,0.0,0.0,0.0,1859.0,742.0,0.0,0.0
ButtonWBAGKP,4.0,4.7%,0.0,0.0,0.0,0.0,0.0,0.0,0.0,0.0,0.0,0.0,0.0,0.0,0.0,0.0,0.0,0.0,0.0,0.0,0.0,0.0,0.0,0.0,0.0,0.0,86937.0,85785.0,0.0,0.0
KipreWBADEF,4.4,0.1%,0.0,0.0,0.0,0.0,0.0,0.0,0.0,0.0,0.0,0.0,0.0,0.0,0.0,0.0,0.0,0.0,0.0,0.0,0.0,0.0,0.0,0.0,0.0,0.0,290.0,2450.0,-1.0,1.0
GrosickiWBAMID,5.3,0.0%,0.0,0.0,0.0,0.0,0.0,0.0,0.0,0.0,0.0,0.0,0.0,0.0,0.0,0.0,0.0,0.0,0.0,0.0,0.0,0.0,0.0,0.0,0.0,0.0,358.0,5973.0,-2.0,2.0
LekoWBAMID,4.5,0.0%,0.0,0.0,0.0,0.0,0.0,0.0,0.0,0.0,0.0,0.0,0.0,0.0,0.0,0.0,0.0,0.0,0.0,0.0,0.0,0.0,0.0,0.0,0.0,0.0,820.0,2519.0,0.0,0.0
ZohoreWBAFWD,4.9,0.1%,0.0,0.0,0.0,0.0,0.0,0.0,0.0,0.0,0.0,0.0,0.0,0.0,0.0,0.0,0.0,0.0,0.0,0.0,0.0,0.0,0.0,0.0,0.0,0.0,1622.0,6347.0,-1.0,1.0
MartinWHUGKP,4.0,7.4%,0.0,0.0,0.0,0.0,0.0,0.0,0.0,0.0,0.0,0.0,0.0,0.0,0.0,0.0,0.0,0.0,0.0,0.0,0.0,0.0,0.0,0.0,0.0,0.0,91212.0,107649.0,0.0,0.0
